{
"type": "FeatureCollection",
"name": "mrva_boundary",
"crs": { "type": "name", "properties": { "name": "urn:ogc:def:crs:OGC:1.3:CRS84" } },
"features": [
{ "type": "Feature", "properties": { "Name": "MAP_above_31.0N_1" }, "geometry": { "type": "Polygon", "coordinates": [ [ [ -92.1261383540227, 32.349417734494608 ], [ -92.129454385652821, 32.353272447757405 ], [ -92.130258193567911, 32.356327720810583 ], [ -92.130226321177986, 32.358335591013002 ], [ -92.130180069600613, 32.361295842335188 ], [ -92.130534295017242, 32.362949682106567 ], [ -92.13033207550292, 32.365998176713632 ], [ -92.130821004374724, 32.368337216314224 ], [ -92.132271210741322, 32.372922668473002 ], [ -92.13403732130719, 32.378072731981341 ], [ -92.133321585039539, 32.38051078039328 ], [ -92.133107421778874, 32.384926828093079 ], [ -92.133932267740946, 32.386961479688324 ], [ -92.136036772627975, 32.389495832357255 ], [ -92.137973870769173, 32.389881170679779 ], [ -92.141141151071508, 32.390939026117088 ], [ -92.142025421841126, 32.391478607873971 ], [ -92.143268119913074, 32.39386619715124 ], [ -92.142052074630882, 32.396541194095597 ], [ -92.141354047059565, 32.398615014987449 ], [ -92.139197542576611, 32.39826786426385 ], [ -92.138284652495216, 32.400288733014065 ], [ -92.140316039852166, 32.405465236254791 ], [ -92.141970449426438, 32.407208832701983 ], [ -92.144232697061085, 32.408745109158851 ], [ -92.148184179002968, 32.40906204708466 ], [ -92.149712724319542, 32.407791670092777 ], [ -92.151503589662028, 32.405228262096422 ], [ -92.152754971825743, 32.404429552549018 ], [ -92.154581163284618, 32.405996401400586 ], [ -92.154323431062011, 32.409161089445014 ], [ -92.155536200840459, 32.413233524814856 ], [ -92.157126200117915, 32.418576968147583 ], [ -92.159407204350188, 32.418608778732086 ], [ -92.16185425775312, 32.420834894956386 ], [ -92.16245275773251, 32.426463743807979 ], [ -92.166254328222834, 32.431059947026412 ], [ -92.16916175586779, 32.437712936239784 ], [ -92.170110500712127, 32.444054031414133 ], [ -92.169574634716625, 32.458504385594239 ], [ -92.167974061315277, 32.465872758943043 ], [ -92.166460328692779, 32.47008921772575 ], [ -92.162313800130264, 32.476012867627411 ], [ -92.160967280633585, 32.480253079368225 ], [ -92.158640980643867, 32.484505630768588 ], [ -92.157118647801312, 32.487873516841375 ], [ -92.153347281158076, 32.484873164403034 ], [ -92.151041736139746, 32.489810150817988 ], [ -92.15124433994292, 32.492370248188095 ], [ -92.147827312502983, 32.495536840301071 ], [ -92.146421749169221, 32.498726141874869 ], [ -92.150299214509459, 32.502915646429919 ], [ -92.1516204658448, 32.505969598391125 ], [ -92.153502271608346, 32.509667842951792 ], [ -92.151117690088782, 32.513238625632262 ], [ -92.145123192879836, 32.513332039052322 ], [ -92.146360148052196, 32.518165211180587 ], [ -92.145353294719129, 32.521405238942492 ], [ -92.145184412609311, 32.521482774801171 ], [ -92.140990960890406, 32.523407907946861 ], [ -92.142006913564671, 32.524901392083677 ], [ -92.143139007715916, 32.525122274156665 ], [ -92.144013276199232, 32.527294772586295 ], [ -92.136978450859388, 32.529836325497108 ], [ -92.137600111261747, 32.534721380471339 ], [ -92.13930607554444, 32.536752844990716 ], [ -92.138609236448275, 32.541311271088531 ], [ -92.138016912367064, 32.545185563633972 ], [ -92.141907584867795, 32.55199955970555 ], [ -92.143065895264613, 32.556511480674757 ], [ -92.147753400508236, 32.558474172309893 ], [ -92.150482085385931, 32.563472387087849 ], [ -92.150119771031541, 32.56723287142183 ], [ -92.153713552575326, 32.571451713687814 ], [ -92.155009766559488, 32.574355826838044 ], [ -92.15662527679757, 32.580797453079462 ], [ -92.157036468273944, 32.591068219447422 ], [ -92.1573838323187, 32.598905453750483 ], [ -92.15672162224223, 32.603213590584758 ], [ -92.154604273355048, 32.609447728055095 ], [ -92.152893263954184, 32.61478386835519 ], [ -92.152531865755378, 32.620814306017337 ], [ -92.152931840083752, 32.627384834490741 ], [ -92.150521258671674, 32.629989831479008 ], [ -92.149957655999629, 32.632249859342593 ], [ -92.151720679314181, 32.636867870250967 ], [ -92.15261731977948, 32.637904861323008 ], [ -92.152492117874232, 32.641615335997891 ], [ -92.1522992455957, 32.645597428200489 ], [ -92.154372551442194, 32.650851316642516 ], [ -92.157466745489472, 32.657060714506613 ], [ -92.159191985803886, 32.659049076457649 ], [ -92.159058669771468, 32.660843350775629 ], [ -92.154042471654591, 32.666908531580518 ], [ -92.152521026187074, 32.669758123992452 ], [ -92.147070489068142, 32.676107798756291 ], [ -92.143492307488728, 32.678683186731632 ], [ -92.131101470371362, 32.682136199419361 ], [ -92.125117213812118, 32.681516384502466 ], [ -92.121742763237307, 32.684729706254053 ], [ -92.120622078543207, 32.682647887164748 ], [ -92.117315100938072, 32.684039059346979 ], [ -92.115302277089185, 32.684722325574235 ], [ -92.112570830168863, 32.68538097405974 ], [ -92.109226801809001, 32.687522706681932 ], [ -92.108779177251165, 32.689312321556677 ], [ -92.106751418007534, 32.690295749413558 ], [ -92.105046090591003, 32.692042249429313 ], [ -92.102053537741227, 32.694346221254598 ], [ -92.100333266304531, 32.696392954245418 ], [ -92.09718288604526, 32.698240146076465 ], [ -92.094893816342932, 32.700868896929443 ], [ -92.091548659179068, 32.703010056488502 ], [ -92.089864916838962, 32.7043058288073 ], [ -92.087275262932096, 32.705720803014756 ], [ -92.085852545282762, 32.705371000104932 ], [ -92.085111565154492, 32.705796708586568 ], [ -92.084274270738433, 32.70817441018351 ], [ -92.081108220519681, 32.710321427861651 ], [ -92.078473696421653, 32.712637101868815 ], [ -92.076939554395466, 32.714539468851392 ], [ -92.079556602007855, 32.722252184062341 ], [ -92.073362705175555, 32.730723166361898 ], [ -92.07463243389121, 32.732413473369483 ], [ -92.08133907462647, 32.736556788264544 ], [ -92.087340832012998, 32.740043988866596 ], [ -92.08639877667926, 32.748078478533515 ], [ -92.084649802841156, 32.764963114937814 ], [ -92.082189645606661, 32.767802759545233 ], [ -92.080924943401357, 32.774063589625015 ], [ -92.082243361782687, 32.77684341000127 ], [ -92.084493251693445, 32.783794811015454 ], [ -92.084296298961036, 32.790265995444493 ], [ -92.089976528143055, 32.789939069765424 ], [ -92.095898940032114, 32.798300072678323 ], [ -92.091923056726088, 32.80008297223052 ], [ -92.086584334968194, 32.803357628075695 ], [ -92.085870185607362, 32.810077615005845 ], [ -92.087625786505541, 32.813236786091785 ], [ -92.087060127272707, 32.819958007739992 ], [ -92.085686763324148, 32.823322001029418 ], [ -92.084179050038927, 32.829933682484985 ], [ -92.088303770535717, 32.833646010959654 ], [ -92.093800545338482, 32.83850552528417 ], [ -92.09570204132531, 32.842187744598291 ], [ -92.099876812073305, 32.8482546600235 ], [ -92.107697179662253, 32.850344898713971 ], [ -92.109428280832915, 32.850292166617429 ], [ -92.118291730966249, 32.851781235915162 ], [ -92.126233313266482, 32.847684735738575 ], [ -92.122633674785405, 32.856106114200486 ], [ -92.11657920031432, 32.861168536652663 ], [ -92.113260525429908, 32.85841802744266 ], [ -92.112240542580579, 32.865358061965772 ], [ -92.121573862474733, 32.876166668961368 ], [ -92.122945884403364, 32.881635641588886 ], [ -92.122932509293918, 32.884141266379423 ], [ -92.12408864867372, 32.887324571679002 ], [ -92.130480103198721, 32.89077685647711 ], [ -92.134252464016896, 32.896372573023839 ], [ -92.134850748968987, 32.902486057712018 ], [ -92.140884438203145, 32.907702447585748 ], [ -92.150482363699894, 32.909925422561258 ], [ -92.160058378444546, 32.909792769879054 ], [ -92.165904897956835, 32.912821632719201 ], [ -92.172281452795303, 32.913833247663547 ], [ -92.181046119556783, 32.917772121407914 ], [ -92.175664170944927, 32.918198827270921 ], [ -92.155890228806541, 32.915645253788675 ], [ -92.149375479890921, 32.923229865499025 ], [ -92.150169954793412, 32.926104294002435 ], [ -92.153764040070385, 32.931661693073792 ], [ -92.156610085133835, 32.937085340115431 ], [ -92.16314346881596, 32.945240408818023 ], [ -92.171615732626535, 32.952928523898379 ], [ -92.177207508577993, 32.958924821621203 ], [ -92.172852304826833, 32.959865030580488 ], [ -92.163649775024794, 32.952660881716092 ], [ -92.154673116381687, 32.945340198269896 ], [ -92.156150148995366, 32.949812668803879 ], [ -92.157782428024689, 32.962106021802192 ], [ -92.161179814395055, 32.964332230281144 ], [ -92.164184605414405, 32.971717880798707 ], [ -92.167683446302277, 32.977743727050225 ], [ -92.177871185057725, 32.983602895512441 ], [ -92.17090072103025, 32.992060959466478 ], [ -92.168149464035125, 33.000259857651784 ], [ -92.168981883544575, 33.008908772920975 ], [ -92.173274478285094, 33.017907415467683 ], [ -92.17464440844401, 33.027658555944853 ], [ -92.169368901564582, 33.035143641412219 ], [ -92.168434224807399, 33.04175256667407 ], [ -92.164947399854981, 33.050318893194074 ], [ -92.162172264309589, 33.056865830694697 ], [ -92.171886273975446, 33.05923487353008 ], [ -92.175298656690487, 33.052198308290144 ], [ -92.182781151900386, 33.049894714890378 ], [ -92.189157891306962, 33.057769258989282 ], [ -92.19092247553678, 33.072129546487226 ], [ -92.178036881376983, 33.08446820122618 ], [ -92.154368060608618, 33.103593457613286 ], [ -92.126890321829322, 33.120226391920561 ], [ -92.091159799518167, 33.138733822510034 ], [ -92.069164647502859, 33.148194570894894 ], [ -92.057012402055946, 33.145222621817844 ], [ -92.052508997993101, 33.13689547416466 ], [ -92.054195857924668, 33.127760299059673 ], [ -92.058747354978124, 33.122809789935175 ], [ -92.065266664488576, 33.115373057018843 ], [ -92.065495479192123, 33.110784127015428 ], [ -92.056544877909573, 33.105368097168885 ], [ -92.051712205635894, 33.103668976903165 ], [ -92.037726639346104, 33.100631178380958 ], [ -92.036857876910091, 33.093450211636402 ], [ -92.041970865763119, 33.08954117681656 ], [ -92.044118083795112, 33.083486148894245 ], [ -92.040692957719259, 33.078259662056674 ], [ -92.032309885984205, 33.073882537856861 ], [ -92.022139030259268, 33.068420906036124 ], [ -91.994683594830533, 33.083103573737183 ], [ -91.97281963795227, 33.086772278588121 ], [ -91.966195353900204, 33.082997426375982 ], [ -91.963299179605556, 33.072979643344866 ], [ -91.965397519480547, 33.065262909535939 ], [ -91.965830966136423, 33.056779002881612 ], [ -91.962013323689277, 33.048144770333408 ], [ -91.96000520595237, 33.037449416774649 ], [ -91.960294464899775, 33.03179326694228 ], [ -91.955032166626239, 33.018149082939296 ], [ -91.951958016319367, 33.007426261823809 ], [ -91.950004553073853, 33.007522590822596 ], [ -91.945683609832741, 33.017817465819547 ], [ -91.938884708741838, 33.017575809088946 ], [ -91.930422556160067, 33.016566140714311 ], [ -91.929026299164732, 33.027141181857644 ], [ -91.919786332940532, 33.024686394808064 ], [ -91.91579254158205, 33.019585318640303 ], [ -91.909369695438173, 33.007697282363999 ], [ -91.927352377817584, 33.007614097457505 ], [ -91.927193759766908, 32.996617512460411 ], [ -91.922314858484725, 32.99219317655124 ], [ -91.916623496865043, 32.987031150113317 ], [ -91.910046831645474, 32.98254541337284 ], [ -91.903880720824418, 32.986574447565985 ], [ -91.894609554292245, 32.984824527052233 ], [ -91.894903297049581, 32.97916809085914 ], [ -91.907051636024178, 32.974645884879635 ], [ -91.909709541317085, 32.97261606515292 ], [ -91.925107559883088, 32.971041943958696 ], [ -91.912623180298056, 32.965636650501281 ], [ -91.922960565330669, 32.963173028037758 ], [ -91.927498253994884, 32.957668009905177 ], [ -91.920183683237696, 32.951031040442153 ], [ -91.925679224057546, 32.943435052714797 ], [ -91.924236163557367, 32.938424612290142 ], [ -91.916485639183094, 32.940272574790512 ], [ -91.907073267121007, 32.941351970315488 ], [ -91.908478715694358, 32.947069702333849 ], [ -91.905528786181819, 32.954756297990393 ], [ -91.901026387892585, 32.959553386676319 ], [ -91.893163084608148, 32.963520938107315 ], [ -91.882935175140133, 32.963860652968613 ], [ -91.888214596000466, 32.960509077384145 ], [ -91.895558950011591, 32.950147519457673 ], [ -91.887843373990151, 32.951286415429593 ], [ -91.879869715963324, 32.957374341710882 ], [ -91.874220515634704, 32.951502844318021 ], [ -91.871266981035618, 32.942894911328281 ], [ -91.880236118684081, 32.934009725832254 ], [ -91.877208885963768, 32.926815935810531 ], [ -91.872410860622679, 32.92097476508156 ], [ -91.868868375085228, 32.907385750905959 ], [ -91.858425565818948, 32.911966046177596 ], [ -91.841780258288225, 32.921278546522913 ], [ -91.84044819844155, 32.930439858254395 ], [ -91.845573485641637, 32.946212377872172 ], [ -91.833977131726741, 32.956415780413785 ], [ -91.838253478125623, 32.97215698090735 ], [ -91.827613769784548, 32.980269198897965 ], [ -91.825168158712188, 32.994347589731426 ], [ -91.82204883275368, 33.021151547999608 ], [ -91.822113587004608, 33.036029244798421 ], [ -91.823327650313857, 33.045282020297705 ], [ -91.849384249734101, 33.051898537318998 ], [ -91.860214477636291, 33.056541452378134 ], [ -91.862874722162942, 33.070803796515236 ], [ -91.860803287786027, 33.077811639057067 ], [ -91.850709070119549, 33.075320640642502 ], [ -91.845680799941462, 33.073721333709649 ], [ -91.833260250905056, 33.066894314351408 ], [ -91.820178684424647, 33.056500021907823 ], [ -91.811526404206163, 33.05901635387049 ], [ -91.812076713654633, 33.064703063963414 ], [ -91.816916461713134, 33.069838554968797 ], [ -91.825046417658271, 33.077218947708758 ], [ -91.817392327263562, 33.076939002943924 ], [ -91.812139625563177, 33.079579786568324 ], [ -91.817718459314491, 33.086867047570763 ], [ -91.827364660367778, 33.097843873539702 ], [ -91.831908739908243, 33.108633674901782 ], [ -91.83057237429081, 33.117792262941634 ], [ -91.821774065341614, 33.106847138321271 ], [ -91.813566366548372, 33.10088064462834 ], [ -91.811426955457023, 33.093011186188612 ], [ -91.803296646732861, 33.085630000324116 ], [ -91.800233001740452, 33.079142752859134 ], [ -91.792202006629282, 33.085930283061359 ], [ -91.777213501791806, 33.095293524038929 ], [ -91.757777805717211, 33.108031260645781 ], [ -91.757944545725792, 33.120786462123732 ], [ -91.764182494010484, 33.131641714500653 ], [ -91.758225372711848, 33.131420872668556 ], [ -91.757108218124131, 33.136337230439835 ], [ -91.759243387359575, 33.144207194028688 ], [ -91.753717859325064, 33.151792850006871 ], [ -91.741380791100269, 33.159124796489159 ], [ -91.739983672352949, 33.153406849180712 ], [ -91.747022378580894, 33.149419339347773 ], [ -91.747555977978578, 33.139523678232308 ], [ -91.745612716068123, 33.128119203154739 ], [ -91.745524184837294, 33.113950396086182 ], [ -91.750387450656362, 33.10279869834055 ], [ -91.754360732786765, 33.092321900041988 ], [ -91.764172544390277, 33.084186361970318 ], [ -91.773131910518558, 33.076018422985335 ], [ -91.781352402106634, 33.065697502336853 ], [ -91.778914836206837, 33.063482483411484 ], [ -91.772112526684808, 33.063230918499222 ], [ -91.76109681751538, 33.062114337540386 ], [ -91.749078935251276, 33.063792737180258 ], [ -91.73709870988688, 33.064762955397562 ], [ -91.729637309307577, 33.060942549264581 ], [ -91.738559461274846, 33.05348395780544 ], [ -91.748913746630365, 33.051036429967148 ], [ -91.760967638471186, 33.048651076714151 ], [ -91.766182096005068, 33.046719464666666 ], [ -91.778045853755728, 33.047867012285124 ], [ -91.781011652228869, 33.040184809834301 ], [ -91.787489822482641, 33.030507028386381 ], [ -91.792229078057389, 33.021473083212662 ], [ -91.796208081544279, 32.994701251765584 ], [ -91.799959041019576, 32.972170407811184 ], [ -91.802858786969111, 32.949607418606554 ], [ -91.801662520083838, 32.947843400153424 ], [ -91.797198931954185, 32.941260533592704 ], [ -91.787798081102508, 32.941194694332552 ], [ -91.779496821682329, 32.938888888716001 ], [ -91.774570101160521, 32.932962905325752 ], [ -91.775577934937587, 32.921560519256985 ], [ -91.772095582627301, 32.916352298413479 ], [ -91.768213378260384, 32.918629144147538 ], [ -91.763220671183944, 32.924614593822319 ], [ -91.757633069176634, 32.930228658986238 ], [ -91.747204495332156, 32.936763161759778 ], [ -91.738020176202028, 32.938627791828736 ], [ -91.733635527854844, 32.942783385050127 ], [ -91.734953436821996, 32.947299126353705 ], [ -91.737189721258432, 32.952979330731758 ], [ -91.735198799216633, 32.95712943032801 ], [ -91.725972199513564, 32.959731955326504 ], [ -91.71868003209039, 32.963203360063666 ], [ -91.71473231271537, 32.969078629743692 ], [ -91.712403729265375, 32.973856733902416 ], [ -91.705652747490248, 32.983006822584386 ], [ -91.704857088750501, 32.989117990464237 ], [ -91.704723632468941, 32.993027060292633 ], [ -91.701200729268109, 32.998400934601463 ], [ -91.693656340523106, 33.007405713365117 ], [ -91.689181859554623, 33.01685281344038 ], [ -91.687862569072593, 33.025972815555775 ], [ -91.690279637104695, 33.034379461287763 ], [ -91.691626202576316, 33.05179087828428 ], [ -91.692840907422593, 33.065768284743591 ], [ -91.694492383370402, 33.07166234661868 ], [ -91.693824857167996, 33.08088596175272 ], [ -91.691343888983937, 33.085166194461912 ], [ -91.685040712874198, 33.09117003620328 ], [ -91.680303416355343, 33.09459026551648 ], [ -91.673779914978425, 33.099582830106115 ], [ -91.667697922330191, 33.100525420696016 ], [ -91.662895287243899, 33.105538337111113 ], [ -91.646433220473995, 33.114041341906763 ], [ -91.633372838990127, 33.124751587751298 ], [ -91.627973360091133, 33.14024660244457 ], [ -91.624795013748269, 33.151061781040084 ], [ -91.62866164224539, 33.161246896012635 ], [ -91.610042946963347, 33.186709132517962 ], [ -91.610341131330728, 33.19503249359434 ], [ -91.612808582303273, 33.202293333802089 ], [ -91.614403443352984, 33.21026937116779 ], [ -91.609577851691384, 33.229748536387348 ], [ -91.606341818632046, 33.24381817025813 ], [ -91.604085903660717, 33.25030438884253 ], [ -91.608861335545384, 33.271679374471447 ], [ -91.596737543076031, 33.279160705390495 ], [ -91.596674002209966, 33.283137176130531 ], [ -91.584596131840541, 33.277828411857151 ], [ -91.581800578453226, 33.28196963350765 ], [ -91.577021534037073, 33.290991334663261 ], [ -91.577437398238061, 33.298797052333541 ], [ -91.586356542884474, 33.308702432758743 ], [ -91.580669786128425, 33.31406253133261 ], [ -91.578196207356612, 33.316945035521897 ], [ -91.57506989004689, 33.332854627176118 ], [ -91.570715988154944, 33.340380414605661 ], [ -91.559034575846226, 33.354391643595221 ], [ -91.548811562253817, 33.365625008052426 ], [ -91.548056273088449, 33.369735595301854 ], [ -91.55505804438566, 33.374886600176481 ], [ -91.565111864159647, 33.382802185900935 ], [ -91.567337461360495, 33.391072541914696 ], [ -91.562305364135867, 33.421214646035651 ], [ -91.581424434650899, 33.44530514275877 ], [ -91.590031894694803, 33.460578057516145 ], [ -91.611263565001295, 33.465660266555631 ], [ -91.628282509678669, 33.46915518984229 ], [ -91.638974869588026, 33.478099445876424 ], [ -91.647131753198181, 33.486235013457517 ], [ -91.653453997286519, 33.496434860697519 ], [ -91.672474064771322, 33.495018250063715 ], [ -91.685479158658097, 33.493372858252656 ], [ -91.688018639351469, 33.509831396116212 ], [ -91.673331276115945, 33.510702391312371 ], [ -91.667080479692231, 33.514735592386359 ], [ -91.651571908088854, 33.514861447849121 ], [ -91.634700027005181, 33.508530377028656 ], [ -91.615914033284085, 33.505681012304379 ], [ -91.592775254781657, 33.519025460940604 ], [ -91.584441069784376, 33.529377527160797 ], [ -91.588219637042627, 33.538771382317691 ], [ -91.591959201854507, 33.548874892589225 ], [ -91.604218786561404, 33.560726842549805 ], [ -91.617461162398556, 33.570480392823832 ], [ -91.633524448490718, 33.576070920800973 ], [ -91.646386084274397, 33.577269692487747 ], [ -91.662531393407292, 33.581436346062894 ], [ -91.668120783159026, 33.58947195937882 ], [ -91.684152471484921, 33.595765159447552 ], [ -91.684660944929547, 33.602186374836172 ], [ -91.675000969104502, 33.605380540929033 ], [ -91.660374198596202, 33.60483001901197 ], [ -91.645005620282703, 33.602115489070876 ], [ -91.636867166074495, 33.608920866423901 ], [ -91.61805704173652, 33.606072249438647 ], [ -91.607190442867108, 33.599967069630424 ], [ -91.590503554667976, 33.590080942079297 ], [ -91.587403349050589, 33.599210146945779 ], [ -91.586723680956837, 33.611277503773877 ], [ -91.581901136064303, 33.620340306837143 ], [ -91.564626809560764, 33.636037437733705 ], [ -91.535746775939472, 33.647222883006101 ], [ -91.536734117925477, 33.65039902558177 ], [ -91.539744725557455, 33.660561030258862 ], [ -91.54073474434756, 33.675665478910801 ], [ -91.543835802188156, 33.687207206340425 ], [ -91.554009204404338, 33.706651240359449 ], [ -91.559910137614821, 33.714700819581822 ], [ -91.572861128283037, 33.723313262783492 ], [ -91.586831141042524, 33.727755876569688 ], [ -91.60193527748639, 33.732233263983851 ], [ -91.605574598662486, 33.738436249350549 ], [ -91.607785594253869, 33.748078211667583 ], [ -91.613220505017424, 33.762020463094757 ], [ -91.617629729165657, 33.77181041063151 ], [ -91.622839322493817, 33.788927704323108 ], [ -91.625127256576491, 33.789020071246355 ], [ -91.633129669145134, 33.803238739961017 ], [ -91.645609305563937, 33.81217608875285 ], [ -91.65017328358023, 33.82162589280086 ], [ -91.652813945370823, 33.831088066223927 ], [ -91.652495435342558, 33.836529011485624 ], [ -91.659515419207636, 33.850733761123593 ], [ -91.664807752399057, 33.859051764134293 ], [ -91.682587231117154, 33.863973184375951 ], [ -91.690372230713379, 33.871829651949362 ], [ -91.690414061478393, 33.874755148193849 ], [ -91.693570227913199, 33.885432926210157 ], [ -91.706402246958888, 33.882043643678678 ], [ -91.716608358529996, 33.885363094234528 ], [ -91.720516777893607, 33.89416291832319 ], [ -91.725985023043393, 33.905808454652863 ], [ -91.729724230839579, 33.911393273933406 ], [ -91.753528963136404, 33.911219833207255 ], [ -91.771525469224784, 33.91647028736557 ], [ -91.780230674409665, 33.922102971094191 ], [ -91.785044838149219, 33.922167676300795 ], [ -91.787713683424073, 33.924209768889327 ], [ -91.792370859035458, 33.919212316210746 ], [ -91.800635522269275, 33.913797173823177 ], [ -91.810540475826173, 33.911219857568256 ], [ -91.818844006788751, 33.917603798885466 ], [ -91.81868625735828, 33.917827331528585 ], [ -91.814955777057406, 33.923113007766794 ], [ -91.810610278586609, 33.929472403748626 ], [ -91.809821125084852, 33.932779031109398 ], [ -91.815786977234382, 33.935614907312306 ], [ -91.811155244988925, 33.941573994629771 ], [ -91.811436983244434, 33.942581165377192 ], [ -91.818068237922517, 33.942169156301915 ], [ -91.814345397763887, 33.947886325434595 ], [ -91.810048624187502, 33.952093703512411 ], [ -91.809984865619029, 33.955352803210012 ], [ -91.814126263553348, 33.959171028013273 ], [ -91.818909884838661, 33.960988370087328 ], [ -91.824343721074584, 33.960306720008688 ], [ -91.836161444453808, 33.956448215943155 ], [ -91.836166964042647, 33.962251395951832 ], [ -91.836175757510503, 33.971494791677337 ], [ -91.838769263793395, 33.977075786596963 ], [ -91.84051519057499, 33.980832360943005 ], [ -91.845855452596197, 33.985165315837321 ], [ -91.852137429831501, 33.987503624954442 ], [ -91.861503299846248, 33.986641371335935 ], [ -91.866250648997166, 33.989939920901968 ], [ -91.875744124599947, 33.99991700199616 ], [ -91.882537231272551, 34.005195350294841 ], [ -91.888566950472153, 34.005017094779134 ], [ -91.893413870100375, 34.00357404477905 ], [ -91.897084148445131, 34.000610720781957 ], [ -91.900279366201957, 33.990634785832569 ], [ -91.901167587042281, 33.990185637422194 ], [ -91.903873696443284, 33.988148709620681 ], [ -91.908033245792055, 33.9859261456536 ], [ -91.910237047413744, 33.982449481108674 ], [ -91.909998475855375, 33.981493163656822 ], [ -91.909019419843546, 33.978140945319211 ], [ -91.909180798292297, 33.975065997828075 ], [ -91.910820291108422, 33.971332360123313 ], [ -91.915756511589336, 33.970795777391515 ], [ -91.920404488542047, 33.97024882384968 ], [ -91.925328211068148, 33.969948369971526 ], [ -91.928411662784328, 33.971715723202998 ], [ -91.932335135885637, 33.97398646074862 ], [ -91.936081624251415, 33.974118098027027 ], [ -91.93764585241783, 33.971803309887378 ], [ -91.942330672091401, 33.970545859250088 ], [ -91.945150953643875, 33.971829580581208 ], [ -91.947333462590777, 33.974275743205553 ], [ -91.948264936252826, 33.978573806451735 ], [ -91.949398691023745, 33.984537682888238 ], [ -91.948741616191512, 33.991623650917731 ], [ -91.946477755732658, 33.996283670674877 ], [ -91.943863771893021, 34.002116170696432 ], [ -91.94577108949079, 34.00431563686324 ], [ -91.954395704730842, 34.005091278677085 ], [ -91.95688002664032, 34.007310702719479 ], [ -91.959566954834287, 34.011195837290252 ], [ -91.959020999606778, 34.016152875402341 ], [ -91.956769317407165, 34.020576424824398 ], [ -91.955106426436998, 34.024783528967056 ], [ -91.959585592493113, 34.027546383476917 ], [ -91.964089586908742, 34.02983600673624 ], [ -91.967281006210968, 34.035160089778955 ], [ -91.968104105760034, 34.041586354513043 ], [ -91.96750949038838, 34.047489320833549 ], [ -91.964692674818082, 34.051656245786376 ], [ -91.961022334647197, 34.055556392832884 ], [ -91.962894654803137, 34.058464975363286 ], [ -91.965092404921123, 34.060674020086758 ], [ -91.969157650926419, 34.071477828498061 ], [ -91.973652233707355, 34.074003465461814 ], [ -91.986706876277168, 34.078721155053302 ], [ -91.996892557107486, 34.077414909820384 ], [ -92.001424831178625, 34.079229912440681 ], [ -92.00701463891734, 34.082976618675431 ], [ -92.014469920529478, 34.084180957610315 ], [ -92.017222888791323, 34.086881816353639 ], [ -92.019350400646573, 34.090508826149268 ], [ -92.016318796317194, 34.093247801445713 ], [ -92.013347559341696, 34.094804137977476 ], [ -92.013442357379034, 34.098598219815074 ], [ -92.020610566194293, 34.099792213071197 ], [ -92.028825059272407, 34.103153908820914 ], [ -92.036030068857144, 34.103637415023961 ], [ -92.041984178063331, 34.105973137349814 ], [ -92.047120597785721, 34.107332980846834 ], [ -92.05014021380731, 34.110515841480137 ], [ -92.048035144814264, 34.112102536893843 ], [ -92.042140507728334, 34.11427065332439 ], [ -92.035439608730258, 34.115226318901016 ], [ -92.028173160197781, 34.115925311581869 ], [ -92.022927695447819, 34.116693189522692 ], [ -92.027125814037987, 34.119443211557055 ], [ -92.033910945469074, 34.122518488841898 ], [ -92.038891758905891, 34.126953212480991 ], [ -92.039733783166199, 34.133141728996392 ], [ -92.040973108740886, 34.13721154784502 ], [ -92.039938097014328, 34.140492971186021 ], [ -92.042296790175996, 34.145311671118286 ], [ -92.0477971550077, 34.150948080841864 ], [ -92.049855758137298, 34.155993219672496 ], [ -92.049687548065577, 34.159304158242101 ], [ -92.047978631508613, 34.164457840915162 ], [ -92.047798300668362, 34.168005234790051 ], [ -92.04882178465931, 34.170646005708456 ], [ -92.051615041039412, 34.172636286055628 ], [ -92.054492463285726, 34.172971054477095 ], [ -92.062198134479672, 34.175127979998464 ], [ -92.06649653329734, 34.175984449008936 ], [ -92.070830888582393, 34.176131281038245 ], [ -92.075814809873549, 34.174878536503257 ], [ -92.078448563597334, 34.1685713313205 ], [ -92.083238269438027, 34.165416523503005 ], [ -92.087524461596274, 34.166508720773038 ], [ -92.089127142322411, 34.169168623466177 ], [ -92.08869542705645, 34.17199683565503 ], [ -92.086482328183692, 34.175712560418361 ], [ -92.085520181829182, 34.17757527415008 ], [ -92.084751664931048, 34.181339665527403 ], [ -92.085752759787468, 34.1844530506323 ], [ -92.087343844425277, 34.187349410274159 ], [ -92.089271659575829, 34.189309514218564 ], [ -92.091789497221839, 34.191052554882482 ], [ -92.0919358096303, 34.193900164087097 ], [ -92.091622996778412, 34.194363411773757 ], [ -92.087323305392758, 34.193507892123939 ], [ -92.086491959693106, 34.192769195043759 ], [ -92.081891472704314, 34.192140217446962 ], [ -92.07864067910117, 34.193451791898788 ], [ -92.076244918059871, 34.195029073103932 ], [ -92.076149393598342, 34.196920971060592 ], [ -92.076885175635326, 34.199551630925548 ], [ -92.078765295278913, 34.202457822420968 ], [ -92.081560460900775, 34.204447305004173 ], [ -92.086727897802319, 34.205332260319928 ], [ -92.090161021474159, 34.206158588073905 ], [ -92.096508733630202, 34.206609069112467 ], [ -92.100844852671756, 34.206754775366811 ], [ -92.105086153074083, 34.208792214067223 ], [ -92.105533933531206, 34.211412956236231 ], [ -92.10569264136312, 34.214023992489786 ], [ -92.104659338975253, 34.217305683761815 ], [ -92.10343171427688, 34.21868578532191 ], [ -92.099613798560085, 34.219742016344362 ], [ -92.098191937590343, 34.219220485533995 ], [ -92.095696813095344, 34.217004677144608 ], [ -92.091890771071249, 34.217824173609287 ], [ -92.090195268290316, 34.222741628047032 ], [ -92.088559090025768, 34.226476630546713 ], [ -92.082403535594636, 34.227927311912175 ], [ -92.074020010231422, 34.228192563537739 ], [ -92.072370067921526, 34.231889581376592 ], [ -92.070719968630101, 34.235586559255651 ], [ -92.068625808052616, 34.242622071981842 ], [ -92.063710888100132, 34.248140694112934 ], [ -92.073862278878508, 34.259380451064601 ], [ -92.073900443292871, 34.264356056957872 ], [ -92.074481350848629, 34.270060578762603 ], [ -92.08427318778115, 34.277023244539883 ], [ -92.086170573583075, 34.285377449451495 ], [ -92.089151050590417, 34.289504451180512 ], [ -92.098209207092054, 34.293835506751059 ], [ -92.103605419610389, 34.30183285378223 ], [ -92.094767865109404, 34.304615480751451 ], [ -92.091500668926656, 34.306163695192012 ], [ -92.088803707392259, 34.313652424777239 ], [ -92.086395724769901, 34.321150768532881 ], [ -92.087798836718747, 34.327829866946871 ], [ -92.094350767768958, 34.330181744210094 ], [ -92.096682904457637, 34.335707582995497 ], [ -92.095044656715018, 34.339442171951362 ], [ -92.091577017475203, 34.350694359337091 ], [ -92.088989255145677, 34.361739064079892 ], [ -92.085483233891523, 34.376583344714433 ], [ -92.086229405272633, 34.384545066918534 ], [ -92.088045333551975, 34.387841366000181 ], [ -92.090388930122685, 34.390288455785743 ], [ -92.092754973728347, 34.393283729498471 ], [ -92.094159571055997, 34.396099039181131 ], [ -92.098194730223383, 34.399549999941954 ], [ -92.102673108057061, 34.405739170136293 ], [ -92.105298499411063, 34.408740850254496 ], [ -92.106662072210966, 34.410327900011779 ], [ -92.107793661345568, 34.413607353191757 ], [ -92.1104999389959, 34.415708797637919 ], [ -92.113894328265999, 34.417875479355061 ], [ -92.121338192592802, 34.423223033122838 ], [ -92.12406820982963, 34.428583075146719 ], [ -92.125578827808411, 34.431717191955975 ], [ -92.128492241142027, 34.435117609734043 ], [ -92.127654414105521, 34.439634410229935 ], [ -92.125578073807887, 34.443718088634306 ], [ -92.122868790587532, 34.447719342840436 ], [ -92.120676884488006, 34.45072795690507 ], [ -92.117289429157822, 34.454070028762111 ], [ -92.112397371531912, 34.45691548236988 ], [ -92.111456625283111, 34.458913280622419 ], [ -92.111417655456947, 34.461423902360288 ], [ -92.111378683104675, 34.463934516841135 ], [ -92.113446159192065, 34.467466512629542 ], [ -92.118245098080067, 34.470780259914449 ], [ -92.124576085596374, 34.473104326322812 ], [ -92.131522526538987, 34.475396045153218 ], [ -92.137540337678232, 34.477879587046061 ], [ -92.140247672637614, 34.47928707472979 ], [ -92.148330581185135, 34.486143284963283 ], [ -92.1522318747284, 34.491678382600441 ], [ -92.156125412412351, 34.493824795578803 ], [ -92.16142138004119, 34.49545468148365 ], [ -92.169539079875733, 34.497645568005517 ], [ -92.173621839192236, 34.498438578358638 ], [ -92.176411329779242, 34.494325417819802 ], [ -92.179200524021681, 34.490212171277726 ], [ -92.183936915900432, 34.487749130450453 ], [ -92.1886730064804, 34.485285890352195 ], [ -92.191470556217936, 34.480542758685559 ], [ -92.191649384318055, 34.478662330696999 ], [ -92.191828203735213, 34.476781898386562 ], [ -92.190662903982258, 34.473508709195357 ], [ -92.190946138729586, 34.47212578915402 ], [ -92.192261462733356, 34.46775280400167 ], [ -92.194182843204047, 34.471159245778985 ], [ -92.196104392681647, 34.474565642586427 ], [ -92.198508201049876, 34.476092813061967 ], [ -92.203044281351865, 34.476887595937164 ], [ -92.20563379951696, 34.476034743541433 ], [ -92.208004369540504, 34.475253933640708 ], [ -92.21061942300534, 34.477213770418608 ], [ -92.214689202038613, 34.478882903935165 ], [ -92.21875915649025, 34.480551892220682 ], [ -92.22255570684834, 34.48008483897916 ], [ -92.22635221140969, 34.479617661886472 ], [ -92.23015907181265, 34.478398368773711 ], [ -92.233965812346767, 34.477178949684642 ], [ -92.236383891757427, 34.477701887906825 ], [ -92.237265420985125, 34.479720990863086 ], [ -92.235397681539766, 34.483213782712134 ], [ -92.233864344457729, 34.484455143311358 ], [ -92.232330958217844, 34.485696481987631 ], [ -92.228365091551069, 34.487416986409841 ], [ -92.224399048663116, 34.489137352584954 ], [ -92.225062741242056, 34.493111872902162 ], [ -92.222310389057824, 34.497525229167174 ], [ -92.219381994433817, 34.500885863872711 ], [ -92.219364417032168, 34.502138432312776 ], [ -92.225721397557876, 34.502952720452136 ], [ -92.225693570470156, 34.504959556265668 ], [ -92.223838688846826, 34.507451104005028 ], [ -92.220158846292762, 34.510302749510018 ], [ -92.21647873262917, 34.513154269695043 ], [ -92.216132782841413, 34.516165641351343 ], [ -92.218700024041851, 34.516942118402881 ], [ -92.22126731674642, 34.517718538280782 ], [ -92.221535572763685, 34.520230531415542 ], [ -92.221803846193453, 34.522742516779289 ], [ -92.222999158801301, 34.524008675805895 ], [ -92.22752826637857, 34.525554540624789 ], [ -92.235405089903892, 34.526380754322403 ], [ -92.238898636080791, 34.526036580954717 ], [ -92.24239215118196, 34.525692302860747 ], [ -92.242660679489049, 34.528205370015762 ], [ -92.242929225235002, 34.530718429405809 ], [ -92.245001936119095, 34.533021288414453 ], [ -92.247711539018894, 34.536031486948403 ], [ -92.249824911523874, 34.536804532836797 ], [ -92.252258916779468, 34.536323718706832 ], [ -92.254098114761746, 34.534959627314649 ], [ -92.255937247905138, 34.533595504836342 ], [ -92.259284147885026, 34.53287526047874 ], [ -92.262911003507284, 34.53390916214299 ], [ -92.264428029689071, 34.53392334178622 ], [ -92.267414449906411, 34.53746370539092 ], [ -92.270401143393755, 34.54100397841659 ], [ -92.272804584207634, 34.542781029715471 ], [ -92.276438898506555, 34.543316175410354 ], [ -92.279136784018917, 34.54584843896491 ], [ -92.281553877238224, 34.546624106871121 ], [ -92.282774317936017, 34.546134191144738 ], [ -92.280986816064996, 34.54360722345821 ], [ -92.282543875155824, 34.540610766779047 ], [ -92.28771188740447, 34.539902281932505 ], [ -92.292879805004546, 34.53919356768337 ], [ -92.294080478933495, 34.540207589563771 ], [ -92.290969960174223, 34.545953895453728 ], [ -92.290476790694484, 34.548836040155763 ], [ -92.289983584471287, 34.551718173419232 ], [ -92.29116618010265, 34.554112873088961 ], [ -92.292348848945636, 34.556507554327595 ], [ -92.290482187125406, 34.560003907809239 ], [ -92.290765512748877, 34.561513455076835 ], [ -92.293323541290334, 34.563167126765251 ], [ -92.295881679200178, 34.564820739334564 ], [ -92.29616903199593, 34.566078885752979 ], [ -92.286116418672933, 34.568750065794028 ], [ -92.287594280341551, 34.571776667815413 ], [ -92.28421241936806, 34.57500767090572 ], [ -92.284779844441715, 34.578024649163993 ], [ -92.286917978957518, 34.577039186715083 ], [ -92.289343096049095, 34.577314124560061 ], [ -92.298363840824337, 34.583918255081699 ], [ -92.302627462053067, 34.582950305730598 ], [ -92.305999789293452, 34.580468552264023 ], [ -92.314857546943301, 34.576276487322581 ], [ -92.319117141362227, 34.575561600896961 ], [ -92.320829643742329, 34.576179254411052 ], [ -92.323140169742643, 34.577501924546361 ], [ -92.323493641417969, 34.578876538355772 ], [ -92.322702384705977, 34.580107014285517 ], [ -92.318142652998091, 34.580572029837349 ], [ -92.315928614340208, 34.581817422839549 ], [ -92.311108515906255, 34.584528430201075 ], [ -92.304073659075328, 34.58848438936635 ], [ -92.299806764222467, 34.589701608437849 ], [ -92.297844006267127, 34.589626841601536 ], [ -92.29630759511987, 34.58956829236385 ], [ -92.292731883289463, 34.589334093873326 ], [ -92.292322433480166, 34.58930726904839 ], [ -92.283462052145026, 34.585795111314738 ], [ -92.274317397340454, 34.588477251282832 ], [ -92.274580869322065, 34.591491079630963 ], [ -92.274844361842952, 34.594504897258346 ], [ -92.274441299817198, 34.597205359914867 ], [ -92.273061505291679, 34.602896948078978 ], [ -92.272029426797417, 34.606672669951706 ], [ -92.271278261655482, 34.611288893379729 ], [ -92.265396292543087, 34.61952008657881 ], [ -92.265328684095365, 34.624540128232304 ], [ -92.260461130817561, 34.629254220483894 ], [ -92.258850527621064, 34.631760927661006 ], [ -92.25786389626802, 34.637274016430311 ], [ -92.256624813435877, 34.639019880863536 ], [ -92.255385674612697, 34.64076572879943 ], [ -92.254733366111111, 34.644023551052143 ], [ -92.255300131796915, 34.647040919693431 ], [ -92.257983153666657, 34.650828997875777 ], [ -92.258218592309518, 34.655852493947847 ], [ -92.264869976932687, 34.658421474549932 ], [ -92.264552628029378, 34.659421794165802 ], [ -92.260875565230208, 34.661650047936533 ], [ -92.256620359881708, 34.661610583387066 ], [ -92.254780577997806, 34.662848106220835 ], [ -92.252349227289187, 34.66282610074451 ], [ -92.251099244354549, 34.665325216496257 ], [ -92.245038463494566, 34.667730415041575 ], [ -92.237341604090545, 34.670777705293816 ], [ -92.232455856683785, 34.672685324374726 ], [ -92.226373593724816, 34.672880451301474 ], [ -92.226331200838715, 34.675893531574239 ], [ -92.229223015939937, 34.682445641089494 ], [ -92.231018376506668, 34.688487184651251 ], [ -92.230640780568521, 34.693753409776505 ], [ -92.227698186052336, 34.697618002244091 ], [ -92.224755296953944, 34.701482504448876 ], [ -92.219536264048799, 34.704947538660313 ], [ -92.211602108268409, 34.706881723990847 ], [ -92.208424929838117, 34.716392158848052 ], [ -92.211451832074246, 34.717425670234455 ], [ -92.221777785280352, 34.718525194698984 ], [ -92.228682153934599, 34.716461725484514 ], [ -92.232425521624151, 34.718371979890456 ], [ -92.250253604038292, 34.712888463121068 ], [ -92.259304498352805, 34.710081406032096 ], [ -92.264613346945382, 34.699838108942025 ], [ -92.263765836586387, 34.69720498300439 ], [ -92.263492193863357, 34.696354762440748 ], [ -92.263154811077086, 34.695306470822182 ], [ -92.263665476241414, 34.692754869096895 ], [ -92.263710024871557, 34.69263099839705 ], [ -92.265876019623647, 34.691835887128562 ], [ -92.268344005420076, 34.690294098042109 ], [ -92.268757934402672, 34.689983191156145 ], [ -92.268804870556437, 34.689012329578226 ], [ -92.269760251945925, 34.688502620280914 ], [ -92.270556800735335, 34.688528036143985 ], [ -92.272282658243853, 34.688583085233716 ], [ -92.27346706706777, 34.688836928837311 ], [ -92.27450310299669, 34.689410150805848 ], [ -92.275713559081566, 34.689124602548837 ], [ -92.274432829819858, 34.688111433538353 ], [ -92.27420376672012, 34.68734785327883 ], [ -92.273571234913774, 34.686679450354198 ], [ -92.271181644346967, 34.686603247926293 ], [ -92.271376934941216, 34.685312994211607 ], [ -92.272740927821744, 34.684600213256495 ], [ -92.2733292270118, 34.683430526418576 ], [ -92.273896678403773, 34.682692333379201 ], [ -92.275531301313791, 34.681880106431855 ], [ -92.276798872919485, 34.680407921691362 ], [ -92.278698903487111, 34.679604105103323 ], [ -92.280552112821482, 34.679771134052309 ], [ -92.281640045204071, 34.67926554672524 ], [ -92.283243349048931, 34.679100460992998 ], [ -92.284284519729368, 34.679565727081709 ], [ -92.285367233527012, 34.679167980386069 ], [ -92.28599980589982, 34.679836324982588 ], [ -92.284885933944665, 34.680881328907695 ], [ -92.283649671998603, 34.681706350254579 ], [ -92.282949572685027, 34.682440369997565 ], [ -92.283413041568252, 34.68385962851935 ], [ -92.284878494101235, 34.683798174997619 ], [ -92.286206003107125, 34.683840360361543 ], [ -92.286705868862512, 34.684504479877134 ], [ -92.285602321857382, 34.685333735739498 ], [ -92.284365996285828, 34.686158760653704 ], [ -92.282720984766357, 34.687186856123702 ], [ -92.282020826938023, 34.68792086592142 ], [ -92.281856888652939, 34.68856388876587 ], [ -92.282637854919599, 34.688912844880612 ], [ -92.283684348555312, 34.689270237189973 ], [ -92.284306602180791, 34.690154331799228 ], [ -92.282815050707228, 34.690755147817576 ], [ -92.281828545508802, 34.6919122055683 ], [ -92.280576477680839, 34.693060805581375 ], [ -92.279319171878342, 34.694317264174238 ], [ -92.277827501182756, 34.694918013866115 ], [ -92.27497686162728, 34.696123685549523 ], [ -92.269822885357911, 34.696871591852258 ], [ -92.266431294831875, 34.70035398481027 ], [ -92.266667460231773, 34.705377746856968 ], [ -92.268491730361049, 34.705395139217593 ], [ -92.271700696967628, 34.704362048229598 ], [ -92.275103852527508, 34.70336284181203 ], [ -92.275355864435383, 34.703288843148876 ], [ -92.276961974930174, 34.702817222104706 ], [ -92.28198772788798, 34.701287260554182 ], [ -92.287728235511764, 34.699539368799769 ], [ -92.293855230310371, 34.696078398667474 ], [ -92.30054418129339, 34.696137373273217 ], [ -92.300296376385262, 34.691865926691023 ], [ -92.301862143765689, 34.688365712909665 ], [ -92.300966141891138, 34.687101037154214 ], [ -92.301021795202132, 34.682835047435553 ], [ -92.302405848908208, 34.678827957454892 ], [ -92.304019090739956, 34.672884610235485 ], [ -92.306212461975846, 34.67140149187118 ], [ -92.308377423627149, 34.670605575161751 ], [ -92.309842604774744, 34.670543807925739 ], [ -92.31164063849107, 34.67082708724557 ], [ -92.311260129641823, 34.672761823889346 ], [ -92.311003859495116, 34.675014557282971 ], [ -92.3101783645551, 34.679585351924295 ], [ -92.309841086486301, 34.682659743568209 ], [ -92.312243666477656, 34.684939188587187 ], [ -92.317029660110038, 34.686454337584593 ], [ -92.318902410589629, 34.687255751898427 ], [ -92.321004606501432, 34.689282676867215 ], [ -92.321423744613924, 34.692172551076858 ], [ -92.321842914100884, 34.695062414696459 ], [ -92.324547118939591, 34.697593963570952 ], [ -92.325700067889912, 34.702624718639335 ], [ -92.33115219731414, 34.70430166924681 ], [ -92.33660456358021, 34.705978362686743 ], [ -92.340254076473002, 34.706008575734231 ], [ -92.344437658908987, 34.703485929391128 ], [ -92.34760487674717, 34.701801327380515 ], [ -92.351477427715977, 34.701147095895891 ], [ -92.353072161596089, 34.700908622153676 ], [ -92.353654832371419, 34.704362323477007 ], [ -92.351510911772039, 34.705600706746701 ], [ -92.349065492793756, 34.706584488264419 ], [ -92.347520323280818, 34.70857882177976 ], [ -92.347796430679367, 34.710840685256052 ], [ -92.349719842034901, 34.712741805740443 ], [ -92.350478352455227, 34.714411803816326 ], [ -92.351377721598041, 34.71639182397346 ], [ -92.349543349005216, 34.717130235550854 ], [ -92.340739447741527, 34.715804390935041 ], [ -92.336776597753428, 34.716523335576355 ], [ -92.334015611419204, 34.718383919122161 ], [ -92.331254491978555, 34.720244433770262 ], [ -92.327246256344722, 34.724477003143001 ], [ -92.323583541185201, 34.725450064581047 ], [ -92.321084915360586, 34.72557722964941 ], [ -92.317693378277767, 34.725476363753877 ], [ -92.314155136534566, 34.725371029731797 ], [ -92.309764336346191, 34.723827706172855 ], [ -92.307271397658468, 34.722951360526487 ], [ -92.305330276644582, 34.722252546277801 ], [ -92.303422314702715, 34.720721679535636 ], [ -92.299799696304277, 34.718219787765783 ], [ -92.297462899476798, 34.716234493165288 ], [ -92.294226267851812, 34.714155076865701 ], [ -92.290883438347379, 34.713135678065079 ], [ -92.288340223696295, 34.712756894006503 ], [ -92.285427196390259, 34.712571074435019 ], [ -92.280851932509293, 34.713537525475481 ], [ -92.276597116886947, 34.71516258634977 ], [ -92.268616325524718, 34.718699661309692 ], [ -92.25888408760278, 34.718614842632618 ], [ -92.255815460753567, 34.720593647001671 ], [ -92.254567763834871, 34.722843724508337 ], [ -92.253835915181995, 34.731872402498013 ], [ -92.255629296449158, 34.735735888827186 ], [ -92.255844667489896, 34.736199834321923 ], [ -92.259002531404803, 34.740188500080095 ], [ -92.263690076024275, 34.745516340727001 ], [ -92.264278868434261, 34.747029636383502 ], [ -92.279381436775253, 34.750708442856443 ], [ -92.285578575028907, 34.752217322720895 ], [ -92.291256376222549, 34.753599412419774 ], [ -92.295682860077662, 34.754672360793045 ], [ -92.300676328612496, 34.755882504037551 ], [ -92.306104726126051, 34.758324756928012 ], [ -92.309111615088142, 34.762480722394564 ], [ -92.309043657223654, 34.767753059770534 ], [ -92.31081751428853, 34.771784610919397 ], [ -92.312316597855002, 34.773554073340826 ], [ -92.315194417693093, 34.776051420165686 ], [ -92.314045035789221, 34.777960832799963 ], [ -92.311257259743456, 34.780310981888235 ], [ -92.307485212904723, 34.782360330524995 ], [ -92.306337470872293, 34.782177524343119 ], [ -92.302587815644728, 34.781580214718822 ], [ -92.298911651344525, 34.774443115206076 ], [ -92.294944610235291, 34.770560971641054 ], [ -92.289596286024576, 34.765326248526272 ], [ -92.284148456097924, 34.763018371505567 ], [ -92.27683870558495, 34.763457178731471 ], [ -92.261367585358727, 34.761352367931551 ], [ -92.252811774835763, 34.762239275636496 ], [ -92.249573100345216, 34.763017123484254 ], [ -92.240588018329248, 34.765891831816312 ], [ -92.233265509882003, 34.769043512014868 ], [ -92.227115386458792, 34.7716682714752 ], [ -92.222197784639576, 34.773599387191631 ], [ -92.221018038179977, 34.777506515810984 ], [ -92.220941271989048, 34.777760738273329 ], [ -92.219929149673007, 34.779572482523285 ], [ -92.218815138757932, 34.780859066182032 ], [ -92.217963691330013, 34.78309046283136 ], [ -92.216550871559306, 34.785029869581962 ], [ -92.216549842419624, 34.785620888601414 ], [ -92.214382065886028, 34.789500281991749 ], [ -92.213050070162268, 34.797520950325946 ], [ -92.211293933745978, 34.801700962141311 ], [ -92.206791687774583, 34.812415076503164 ], [ -92.205473026341451, 34.8178402666301 ], [ -92.205126236091346, 34.819288566146767 ], [ -92.206880635186451, 34.820413983740572 ], [ -92.212671477563376, 34.82412828283838 ], [ -92.209908884314331, 34.825610951881721 ], [ -92.203534890610939, 34.824045376995286 ], [ -92.196519746090573, 34.828344052747475 ], [ -92.190626561675572, 34.831954513948709 ], [ -92.186297046314778, 34.836432771906146 ], [ -92.18202837691625, 34.836641902183921 ], [ -92.177536924712328, 34.841965942482048 ], [ -92.174558954189763, 34.847367775472073 ], [ -92.177815429715579, 34.849269540291665 ], [ -92.179069479898303, 34.851426798696011 ], [ -92.185401420786221, 34.85600522708544 ], [ -92.183562701159644, 34.856741015371156 ], [ -92.178386487602452, 34.856440997761553 ], [ -92.173225381925349, 34.861972017610114 ], [ -92.171884127140615, 34.863409232301407 ], [ -92.173069696732924, 34.865680266024299 ], [ -92.172671948152512, 34.871953353643931 ], [ -92.169459524387861, 34.872528126440521 ], [ -92.169296919771782, 34.872441253362503 ], [ -92.167969218547654, 34.871731900167411 ], [ -92.165754384460314, 34.870097261770042 ], [ -92.160338837303186, 34.865239110349783 ], [ -92.15830505219192, 34.864540394388058 ], [ -92.156781921214019, 34.864803609971446 ], [ -92.155962410880321, 34.865121733749881 ], [ -92.155339439969637, 34.869271216009984 ], [ -92.154113600079597, 34.869759938296141 ], [ -92.150864157616766, 34.867100622584282 ], [ -92.144178944277584, 34.861628617597681 ], [ -92.136279689905876, 34.86004324919746 ], [ -92.129024775684982, 34.856203275028726 ], [ -92.123063137611126, 34.847605641095207 ], [ -92.117895448832058, 34.846799749098736 ], [ -92.107514555702437, 34.848200946454 ], [ -92.104191617863137, 34.847282634225955 ], [ -92.102343348211747, 34.847643594568339 ], [ -92.100179799379575, 34.849629554210992 ], [ -92.096527323936058, 34.849339833293982 ], [ -92.091217984825292, 34.847903207674491 ], [ -92.085908843723857, 34.846466339418207 ], [ -92.079820237387821, 34.846154912322127 ], [ -92.077639399133304, 34.849141894162848 ], [ -92.076911672591166, 34.851951605926317 ], [ -92.076969919212758, 34.852900162217701 ], [ -92.077546745159012, 34.854915317130441 ], [ -92.078093378125502, 34.855300405983535 ], [ -92.079354609892263, 34.856188886292045 ], [ -92.083311040745286, 34.856482894271863 ], [ -92.077714239313622, 34.86345242928229 ], [ -92.075861927460707, 34.864938685581059 ], [ -92.075521345905358, 34.8671962799258 ], [ -92.07672366202614, 34.868213009649224 ], [ -92.081587261446799, 34.869017020738148 ], [ -92.085496256947692, 34.872324613703796 ], [ -92.088844671825115, 34.872610899428565 ], [ -92.091544171260878, 34.875400233545513 ], [ -92.097013660969168, 34.876460327440576 ], [ -92.098814597891888, 34.878236652434992 ], [ -92.0984661731339, 34.880997357297666 ], [ -92.094452122535401, 34.884220589906278 ], [ -92.088063572668844, 34.883398269596896 ], [ -92.083788943334639, 34.88385293392772 ], [ -92.081326093333232, 34.885336242512366 ], [ -92.081281982374406, 34.888096178667531 ], [ -92.090579340076857, 34.897734972970255 ], [ -92.086271750718481, 34.900201935304729 ], [ -92.086240052474892, 34.902209626663378 ], [ -92.088939836414852, 34.904999051504774 ], [ -92.094684781710967, 34.908075303288811 ], [ -92.098826863278902, 34.908606638674364 ], [ -92.099182508075472, 34.912890169263797 ], [ -92.099363298150834, 34.913324688158305 ], [ -92.102121112213283, 34.919952274225878 ], [ -92.103478440143533, 34.920870073463298 ], [ -92.104152891862782, 34.920798913851193 ], [ -92.109009137137519, 34.920286425803226 ], [ -92.109130408711096, 34.920273625139167 ], [ -92.110932669353787, 34.922049833173816 ], [ -92.110439131262524, 34.926058522864317 ], [ -92.109325693348879, 34.92730664730356 ], [ -92.109298234497246, 34.929065110660574 ], [ -92.111832305639126, 34.931681116789257 ], [ -92.105821355444547, 34.936814931608943 ], [ -92.10556051770304, 34.937563345765945 ], [ -92.104863272276972, 34.939563854690519 ], [ -92.103502788895199, 34.939458943612294 ], [ -92.0976059304827, 34.935472206449994 ], [ -92.093414891593127, 34.934684367603836 ], [ -92.094025831522572, 34.930414645696949 ], [ -92.092857284317731, 34.927136449191984 ], [ -92.093039636413934, 34.925255248347078 ], [ -92.092725412755811, 34.922927491287453 ], [ -92.087469388704079, 34.918274500711519 ], [ -92.083900938960383, 34.914990575232594 ], [ -92.078457001658052, 34.912171351878193 ], [ -92.073883542963912, 34.912123305714069 ], [ -92.070200440497345, 34.913591176117862 ], [ -92.07015965022147, 34.916101904612198 ], [ -92.071641412630157, 34.918754125646487 ], [ -92.073123277157023, 34.921406320738299 ], [ -92.073669182778573, 34.925429426665708 ], [ -92.072729737259152, 34.926922602010833 ], [ -92.068753654686162, 34.927634347033639 ], [ -92.068415643227851, 34.929642738935762 ], [ -92.072031431100228, 34.933877487010264 ], [ -92.074105323246641, 34.9362280235068 ], [ -92.074674763904767, 34.938746450678337 ], [ -92.069798355665583, 34.939198545005027 ], [ -92.055280530095217, 34.940460415692201 ], [ -92.043039039113737, 34.942838701725996 ], [ -92.036136904934835, 34.954314507508442 ], [ -92.036095575881703, 34.954461414238786 ], [ -92.027078600392329, 34.957316517251492 ], [ -92.02653175507875, 34.953542378787603 ], [ -92.027200774299047, 34.950033294652627 ], [ -92.031237935468624, 34.945810662204295 ], [ -92.031601940325672, 34.942297674325779 ], [ -92.027389693580972, 34.938739164313006 ], [ -92.028037428033741, 34.936485512214148 ], [ -92.027181421657488, 34.93295678349309 ], [ -92.034593248684175, 34.927517526785351 ], [ -92.035645657632784, 34.919240137269931 ], [ -92.035110943978509, 34.914718406043846 ], [ -92.030266540521396, 34.908740166355898 ], [ -92.027939642539181, 34.905850104092501 ], [ -92.027973580474594, 34.903842467762509 ], [ -92.0310578380018, 34.90174275940516 ], [ -92.034141927297568, 34.899642965408418 ], [ -92.034475677566419, 34.897888471175797 ], [ -92.030868256375001, 34.894832168842136 ], [ -92.025389400573957, 34.894271771246345 ], [ -92.026434092167293, 34.886497820144314 ], [ -92.028313558891412, 34.883507810115383 ], [ -92.028680605114332, 34.87974573412928 ], [ -92.025103905283245, 34.874935503809844 ], [ -92.026085687678261, 34.870927657116482 ], [ -92.022203306668374, 34.866117855257656 ], [ -92.008267400196601, 34.861190190965495 ], [ -92.004612127863808, 34.861146797725333 ], [ -91.999397674719191, 34.863095175389773 ], [ -91.99200304185878, 34.867784050551698 ], [ -91.98838507786833, 34.865483239444167 ], [ -91.981350780705654, 34.866908048475452 ], [ -91.978560116196022, 34.869640297313374 ], [ -91.976667027359099, 34.873381774520197 ], [ -91.978459805283592, 34.875413769911745 ], [ -91.977489246791606, 34.878664456999431 ], [ -91.978961013481836, 34.881693985062491 ], [ -91.981960560670274, 34.884490010358753 ], [ -91.984960325680333, 34.887285950826097 ], [ -91.984603844605672, 34.890300147503787 ], [ -91.983047138020112, 34.892162831720945 ], [ -91.98149035611705, 34.894025491685909 ], [ -91.980847881803058, 34.900732752975337 ], [ -91.982526433271431, 34.904587457508455 ], [ -91.985956502082161, 34.909021077286802 ], [ -91.990555286045463, 34.916480038542446 ], [ -91.988935265683523, 34.921984314576527 ], [ -91.976059473972128, 34.908277074186095 ], [ -91.974387469883894, 34.899220431355815 ], [ -91.971683312788628, 34.896926732305886 ], [ -91.969663446156019, 34.890376683813251 ], [ -91.964843955752045, 34.887057131321377 ], [ -91.963986895889064, 34.88378186935153 ], [ -91.958911536594513, 34.87769807540738 ], [ -91.957070063559144, 34.878430114369245 ], [ -91.955968010098573, 34.880425495666564 ], [ -91.954865899528087, 34.882420862474206 ], [ -91.951158859776086, 34.885140000730665 ], [ -91.95057517203729, 34.892287352203461 ], [ -91.949058784054245, 34.900428243180741 ], [ -91.944813162122571, 34.899123687570224 ], [ -91.936904608931755, 34.89802703333747 ], [ -91.933833734533238, 34.899247219959008 ], [ -91.93076276280064, 34.900467324647003 ], [ -91.927862178791472, 34.900683365703017 ], [ -91.924961578505872, 34.900899334987614 ], [ -91.924338591418959, 34.901643199683704 ], [ -91.926287968306738, 34.903823633042045 ], [ -91.931137818249866, 34.910141381325573 ], [ -91.934483073380107, 34.914067881963426 ], [ -91.941186014068322, 34.914400170257707 ], [ -91.944818364533333, 34.915945820516527 ], [ -91.947809205564823, 34.919245934821433 ], [ -91.949361891209733, 34.923980670244909 ], [ -91.950785939547302, 34.927319428244608 ], [ -91.949756044922694, 34.929816447570502 ], [ -91.94587297739703, 34.92652666207448 ], [ -91.942287103697595, 34.923426158980661 ], [ -91.939239379409315, 34.920905617578342 ], [ -91.931342901555269, 34.91905174992656 ], [ -91.926769105468921, 34.918997633025214 ], [ -91.924020196565024, 34.91921795137101 ], [ -91.919505482466448, 34.915900524541861 ], [ -91.913334112060909, 34.919839956436036 ], [ -91.910266486745158, 34.920807981414676 ], [ -91.907457171748433, 34.924290870414374 ], [ -91.905304421455469, 34.925267065429821 ], [ -91.904325230289317, 34.928771061246671 ], [ -91.901552678644961, 34.93024618228587 ], [ -91.903017394562269, 34.933526111373169 ], [ -91.901136646704629, 34.936264923192091 ], [ -91.90140899951561, 34.938027617898655 ], [ -91.903521258978429, 34.939308478571945 ], [ -91.907689170194388, 34.940221683019267 ], [ -91.914104568591583, 34.941495187782181 ], [ -91.919012593896554, 34.943010953180291 ], [ -91.920515160442676, 34.94428301882391 ], [ -91.911008856931304, 34.946934001196503 ], [ -91.906119345316867, 34.947373301836897 ], [ -91.904852174235089, 34.949871444748702 ], [ -91.897526890998151, 34.950031391433896 ], [ -91.884667816220656, 34.952388022593013 ], [ -91.885203617339869, 34.95640763707744 ], [ -91.884264582898965, 34.957654532490167 ], [ -91.879364948895599, 34.958595731966824 ], [ -91.879538061632744, 34.965629378651194 ], [ -91.873144430444569, 34.964799098598313 ], [ -91.871395468145266, 34.968543557834849 ], [ -91.869646335553782, 34.972287976795947 ], [ -91.866237963522423, 34.975008970917749 ], [ -91.866514546751219, 34.976518026540099 ], [ -91.875809618190431, 34.985423422479656 ], [ -91.880707161207482, 34.984727141815867 ], [ -91.886411897244599, 34.989822218237393 ], [ -91.890088812552136, 34.989112723340789 ], [ -91.891952239493151, 34.987380084941869 ], [ -91.892942637406307, 34.983372936311937 ], [ -91.897779306835361, 34.985943643164163 ], [ -91.897755994467374, 34.987199067046717 ], [ -91.895586632842068, 34.988931975940133 ], [ -91.896433222111497, 34.992706716212254 ], [ -91.892741976003009, 34.994168764150317 ], [ -91.891493311771058, 34.995660775531448 ], [ -91.89236200649971, 34.998184587276349 ], [ -91.895368499962856, 35.000729564184972 ], [ -91.901131767114634, 35.002810010479024 ], [ -91.905107101881057, 35.002480447396302 ], [ -91.909082402559051, 35.002150749677099 ], [ -91.91125136840779, 35.000422059059737 ], [ -91.911361820898634, 34.994394081655656 ], [ -91.91681874414796, 34.996469356065525 ], [ -91.919871400457524, 34.996507267793163 ], [ -91.920805571781088, 34.995513819359779 ], [ -91.919949207553898, 34.992237844406631 ], [ -91.918149771588588, 34.990458389043496 ], [ -91.915116313663589, 34.989418849164956 ], [ -91.921925843562505, 34.984227473027609 ], [ -91.921730053876715, 34.978199873317905 ], [ -91.928120655346177, 34.979281156037864 ], [ -91.928043810477575, 34.983546026335731 ], [ -91.932284336130266, 34.985354392218703 ], [ -91.931907223146055, 34.989370360516034 ], [ -91.933410943358112, 34.990642304991276 ], [ -91.932158253410563, 34.992384025352372 ], [ -91.932765064924681, 34.99416308667378 ], [ -91.935766851774716, 34.995439341022745 ], [ -91.931101583148802, 35.000157908670502 ], [ -91.930455059961858, 35.002157336411749 ], [ -91.934678889161603, 35.004971850516164 ], [ -91.93896747928342, 35.004581789872759 ], [ -91.942360774069058, 35.002298206302605 ], [ -91.943801680593822, 34.998548337764895 ], [ -91.945242446571797, 34.994798437404434 ], [ -91.945118653632946, 34.992662508847417 ], [ -91.94541648549459, 34.985008606698834 ], [ -91.949204823128468, 34.97801999835918 ], [ -91.952318575986695, 34.974544479911884 ], [ -91.951404703758556, 34.991609261396761 ], [ -91.953492143898373, 34.994393942560656 ], [ -91.951904412341847, 34.997890360934576 ], [ -91.95302241513734, 35.003681161153409 ], [ -91.949009126075495, 35.006147191997592 ], [ -91.948982505211475, 35.007651954718774 ], [ -91.952309906626297, 35.009447175895602 ], [ -91.950657249809012, 35.016460673118409 ], [ -91.95243634261621, 35.019495166936984 ], [ -91.950506178286403, 35.024995345414609 ], [ -91.953263047663896, 35.024525037843382 ], [ -91.965908777144861, 35.010571938816604 ], [ -91.970383411281446, 35.006141542869145 ], [ -91.976337196163641, 34.997421910790017 ], [ -91.984678456567039, 34.99174395458121 ], [ -91.986331145478587, 34.984476295038462 ], [ -91.993685320317098, 34.982805696556348 ], [ -92.001815973076148, 34.998630905306321 ], [ -91.995074536682452, 35.000060787705173 ], [ -91.987963139739065, 35.005252738460449 ], [ -91.981517580213804, 35.008103850216315 ], [ -91.980386901913178, 35.013663700772618 ], [ -91.980367504275094, 35.013759097341676 ], [ -91.980309810302714, 35.01404283180333 ], [ -91.97861645047692, 35.01883805184314 ], [ -91.98508520383389, 35.021544353425256 ], [ -91.993726797170368, 35.025158831399047 ], [ -91.986060749143107, 35.026954582540419 ], [ -91.977202828392336, 35.026979377063675 ], [ -91.972808594460773, 35.028367127233523 ], [ -91.974044677123715, 35.032966915168807 ], [ -91.971660042639101, 35.034011365179872 ], [ -91.970649077033428, 35.038976289331018 ], [ -91.980604756988271, 35.044846885326677 ], [ -91.981723765194758, 35.045339170394044 ], [ -91.987048637742959, 35.047684887463511 ], [ -91.994685952980788, 35.051317980220368 ], [ -91.995621769677172, 35.052024152121184 ], [ -92.000423278767272, 35.054364801427617 ], [ -92.00571728266361, 35.05742083947942 ], [ -92.012189981490565, 35.064208768305917 ], [ -92.014902570356483, 35.068120436710785 ], [ -92.015428660069659, 35.069272065747732 ], [ -92.015874357680971, 35.070246562011675 ], [ -92.017258543305161, 35.075591253102232 ], [ -92.017253613401408, 35.078119221955539 ], [ -92.015850269630732, 35.081792784743165 ], [ -92.015008160230252, 35.083974786504243 ], [ -92.012072945927784, 35.086094735563691 ], [ -92.006905361417338, 35.087867067270807 ], [ -92.001532518674907, 35.087857726979145 ], [ -92.000974603536591, 35.087683321388241 ], [ -91.994068041689815, 35.086981877357992 ], [ -91.992812109172945, 35.086807125568704 ], [ -91.991347407531109, 35.086576055095158 ], [ -91.990720168130508, 35.086345540812388 ], [ -91.990232126316982, 35.086113091644677 ], [ -91.989876740461611, 35.085903057834294 ], [ -91.986254609469498, 35.084930745345808 ], [ -91.978370087411506, 35.082763721109103 ], [ -91.977458611737006, 35.082281904728255 ], [ -91.971493707938862, 35.078354137081725 ], [ -91.966086522245973, 35.074309852741145 ], [ -91.957815509760323, 35.070048305398842 ], [ -91.948453025324639, 35.069342327294393 ], [ -91.939600665248378, 35.071673440275454 ], [ -91.933557739095733, 35.076509717247596 ], [ -91.927515888790765, 35.081578316283284 ], [ -91.919067204798949, 35.081898013107221 ], [ -91.91139309560792, 35.083247061724641 ], [ -91.907044103587637, 35.087425298811326 ], [ -91.906605813939748, 35.087463709845188 ], [ -91.903550611508436, 35.090545219270034 ], [ -91.90287274132811, 35.092329682360329 ], [ -91.901499879615216, 35.094404131073688 ], [ -91.899786695423103, 35.097342215186323 ], [ -91.897245111387392, 35.101145900776821 ], [ -91.89758662341201, 35.103357879139601 ], [ -91.897199222353166, 35.104438974786397 ], [ -91.896511482242474, 35.105657506735106 ], [ -91.896046431223112, 35.107505073515057 ], [ -91.895371284281566, 35.10848736377735 ], [ -91.894648291096331, 35.108994634251324 ], [ -91.894324241317463, 35.109575000131166 ], [ -91.89386880209787, 35.111925817510091 ], [ -91.893452651472543, 35.112857971277919 ], [ -91.892782917543386, 35.113929185255458 ], [ -91.892039034989764, 35.113867697837073 ], [ -91.891354424988535, 35.114340788177536 ], [ -91.890297757567282, 35.114374862213992 ], [ -91.889365301413633, 35.115371789738411 ], [ -91.8891288605287, 35.115683030426091 ], [ -91.889226292333262, 35.116325449713408 ], [ -91.888919390847605, 35.117131236290014 ], [ -91.888517142719479, 35.118075690563487 ], [ -91.888523029778568, 35.118785909423607 ], [ -91.887926098998463, 35.119262045452231 ], [ -91.887512250353254, 35.119602579011264 ], [ -91.887350235669118, 35.120164922715681 ], [ -91.886970752626596, 35.120684159224695 ], [ -91.886738085926211, 35.120924525232759 ], [ -91.886244077517603, 35.121120248009071 ], [ -91.886265146720646, 35.121546992113544 ], [ -91.886021072316041, 35.121999961033296 ], [ -91.885410795569243, 35.12272412123334 ], [ -91.884912970154176, 35.12299070615569 ], [ -91.883848714380335, 35.123982975598899 ], [ -91.883486440019695, 35.124999809958339 ], [ -91.883112612675262, 35.125412729819473 ], [ -91.882029395965205, 35.127575833893957 ], [ -91.880705580190408, 35.128487984364355 ], [ -91.879719432002872, 35.129660453542051 ], [ -91.879034870503773, 35.132582998953367 ], [ -91.878039433274949, 35.137198649239288 ], [ -91.877658045859889, 35.139386291803184 ], [ -91.877694458876903, 35.141162571630268 ], [ -91.877631746413059, 35.143964873473159 ], [ -91.878306210637845, 35.148162795898045 ], [ -91.878499879091152, 35.148731008459585 ], [ -91.877884169004219, 35.149902192868808 ], [ -91.877257530503783, 35.1506888846355 ], [ -91.877469050868143, 35.151145473339561 ], [ -91.877866306276928, 35.151524779936238 ], [ -91.878509143417944, 35.152030241602311 ], [ -91.878673245594996, 35.153091667284194 ], [ -91.878473244358986, 35.153732702958685 ], [ -91.878240565973243, 35.154397517865895 ], [ -91.878227166835643, 35.154976679641464 ], [ -91.878403965490349, 35.155664500999578 ], [ -91.877540107593276, 35.156156591660363 ], [ -91.877054234367634, 35.156852127721024 ], [ -91.876270189694665, 35.156837553657581 ], [ -91.874784777619126, 35.157355565428453 ], [ -91.874971655456861, 35.158049931616539 ], [ -91.874372165786511, 35.158772584671624 ], [ -91.874018992001808, 35.159084927078972 ], [ -91.873442715155718, 35.159376009205296 ], [ -91.872660417835334, 35.159741352777665 ], [ -91.871643067340955, 35.160234026817832 ], [ -91.871046509929059, 35.160149102470484 ], [ -91.870264114990007, 35.160103259121136 ], [ -91.869711162362762, 35.159960993836464 ], [ -91.869149170659071, 35.159986517320853 ], [ -91.868480657467316, 35.160261609937542 ], [ -91.868109777304468, 35.16054838885124 ], [ -91.868057299782734, 35.160979103389018 ], [ -91.868176130650625, 35.161397626328167 ], [ -91.867842850972551, 35.162848519586127 ], [ -91.86600079428851, 35.166389745815273 ], [ -91.865374942251819, 35.166259396266298 ], [ -91.864788806481158, 35.165991674715357 ], [ -91.863665502205535, 35.166028380451202 ], [ -91.862635359651975, 35.166551463703101 ], [ -91.862478458834104, 35.167245955628445 ], [ -91.863020252684166, 35.167595741451912 ], [ -91.863081610836446, 35.168292603548252 ], [ -91.862464976764031, 35.168495420523641 ], [ -91.861937990698593, 35.1684549700365 ], [ -91.861910248319901, 35.168735588532158 ], [ -91.861890455990249, 35.168935879583906 ], [ -91.86124054666125, 35.169042418062212 ], [ -91.860369806428153, 35.169300100459893 ], [ -91.859665319632697, 35.169436705696505 ], [ -91.859470196528889, 35.169239635813447 ], [ -91.859061444405029, 35.169237272657597 ], [ -91.858564645240719, 35.169119914002067 ], [ -91.858078708989652, 35.169383697889003 ], [ -91.857741130386557, 35.169833361098355 ], [ -91.857285298458038, 35.170260829701739 ], [ -91.85702089268139, 35.170704405073117 ], [ -91.857149132336318, 35.171195213312252 ], [ -91.856284154620766, 35.171892518441503 ], [ -91.855719695640971, 35.171834812159858 ], [ -91.854831529872001, 35.171796105309383 ], [ -91.854286584453035, 35.172206281842556 ], [ -91.853796404927948, 35.172274038169093 ], [ -91.852329646235759, 35.172438715701595 ], [ -91.851475982253177, 35.172634005711181 ], [ -91.850422634349712, 35.172449617501805 ], [ -91.849711793546049, 35.172688997260003 ], [ -91.849196775384257, 35.172781490288152 ], [ -91.848721151962721, 35.17280678405281 ], [ -91.848266304468083, 35.173020185151302 ], [ -91.847642354731974, 35.173232213783713 ], [ -91.847344106196175, 35.173385025022355 ], [ -91.846858261304916, 35.173423031689268 ], [ -91.846623847423231, 35.17328147377895 ], [ -91.846402948006315, 35.173316455436819 ], [ -91.846167073547861, 35.173446894281632 ], [ -91.845947000665987, 35.173631805351569 ], [ -91.84571422690108, 35.173710559119577 ], [ -91.845815786255613, 35.173421412957865 ], [ -91.845540126841854, 35.173368019289988 ], [ -91.845313783510022, 35.173465029850803 ], [ -91.845086092584097, 35.173664165580256 ], [ -91.84489144011458, 35.173648277489214 ], [ -91.84474664763701, 35.173801020722607 ], [ -91.844476097078783, 35.173850331723202 ], [ -91.844082936362867, 35.173882584655814 ], [ -91.843544406382577, 35.173976167513949 ], [ -91.843179393464709, 35.174033098863525 ], [ -91.842903168328306, 35.173916925621469 ], [ -91.842709700249415, 35.174089689709156 ], [ -91.842530630128962, 35.174124197454553 ], [ -91.842225629266196, 35.174234155882232 ], [ -91.841838010081219, 35.174271193229131 ], [ -91.841494561323287, 35.174319689334581 ], [ -91.840953887932912, 35.174391088483624 ], [ -91.840738067906756, 35.174532654978862 ], [ -91.840434473656501, 35.174653441581647 ], [ -91.840199426517714, 35.174851601111065 ], [ -91.839991650441576, 35.174885267134286 ], [ -91.839782646632926, 35.174866388582323 ], [ -91.839394327771174, 35.174863266391952 ], [ -91.839074247125765, 35.174920006097892 ], [ -91.838808809555587, 35.175010142285231 ], [ -91.838616490467913, 35.175088898631877 ], [ -91.838496933203217, 35.17522538012669 ], [ -91.83831719900499, 35.175428850656878 ], [ -91.838049477681139, 35.175571582011294 ], [ -91.837788302455991, 35.175647194760437 ], [ -91.837449355790824, 35.175705384148316 ], [ -91.837112331424521, 35.175787151048553 ], [ -91.836888101229931, 35.175785936177711 ], [ -91.836700926220388, 35.175844012534071 ], [ -91.836487587413728, 35.175952779931073 ], [ -91.836293040129192, 35.176058853175213 ], [ -91.836155980338503, 35.176031553940064 ], [ -91.835841997468094, 35.176087793723482 ], [ -91.83554915782949, 35.176208418278023 ], [ -91.835316112718658, 35.176363860759785 ], [ -91.835312242693973, 35.176454230307478 ], [ -91.835149357555792, 35.176557533250339 ], [ -91.83506656694297, 35.176438995307073 ], [ -91.83499470597657, 35.176533499063375 ], [ -91.834911025399691, 35.176733646752673 ], [ -91.834771075959068, 35.176750436304168 ], [ -91.834713055879149, 35.176752978788087 ], [ -91.834570465638734, 35.176765962454326 ], [ -91.834506815962214, 35.176899292525476 ], [ -91.834378961481988, 35.177054744258761 ], [ -91.834124825731223, 35.177225347234689 ], [ -91.833736276076024, 35.1773561906748 ], [ -91.833519117197199, 35.177295824998858 ], [ -91.83321934247293, 35.177410895268402 ], [ -91.833102467363076, 35.177497793902425 ], [ -91.832936474573728, 35.177692904491998 ], [ -91.832754046813321, 35.177717909978114 ], [ -91.832658102057721, 35.177826231474427 ], [ -91.832550903266267, 35.178204966712158 ], [ -91.832297661415865, 35.178491912427511 ], [ -91.83010599267574, 35.178978351698213 ], [ -91.829858145296072, 35.17856105290992 ], [ -91.829307288805808, 35.178361403032731 ], [ -91.82868508910579, 35.178296926142963 ], [ -91.828801693738484, 35.178498865507933 ], [ -91.828354301494116, 35.178767254837226 ], [ -91.827811048791844, 35.178947040667403 ], [ -91.827189545649105, 35.178986875474521 ], [ -91.82666946460634, 35.179270535089408 ], [ -91.826103162076194, 35.17956722516147 ], [ -91.825802338800472, 35.179746407597584 ], [ -91.825490816325654, 35.179968165059464 ], [ -91.824991634953179, 35.180077025452761 ], [ -91.824349290622663, 35.180118227508977 ], [ -91.823754536506002, 35.180297581928365 ], [ -91.823132884816204, 35.180410220053204 ], [ -91.822503714392596, 35.18059294286693 ], [ -91.821472472004302, 35.181117050663062 ], [ -91.820908281175733, 35.181056007145585 ], [ -91.820580206765314, 35.18090205637219 ], [ -91.820369134133529, 35.180659278330481 ], [ -91.8200569788781, 35.18060258506835 ], [ -91.819671575522335, 35.180627255469091 ], [ -91.819432583093032, 35.180688060469784 ], [ -91.819160697866366, 35.180859415836252 ], [ -91.818960114699394, 35.180979565275209 ], [ -91.818677998244553, 35.181221971591484 ], [ -91.818603541388086, 35.181382662703008 ], [ -91.818643804291767, 35.181447200446783 ], [ -91.81865571258767, 35.181656036546997 ], [ -91.818551048510642, 35.181715425219842 ], [ -91.818346464685646, 35.181781869879423 ], [ -91.818215133609698, 35.18195008554283 ], [ -91.817932997921176, 35.18214104902583 ], [ -91.817838931397432, 35.182532082392065 ], [ -91.817568847281962, 35.182648168847685 ], [ -91.81738793275062, 35.182921567899839 ], [ -91.816786803583128, 35.184646698583933 ], [ -91.815320778975433, 35.184791682476749 ], [ -91.814959856420828, 35.185235624876583 ], [ -91.813052172658885, 35.185255808106334 ], [ -91.812217253214925, 35.185469163628809 ], [ -91.811210660081557, 35.185735621951032 ], [ -91.81026580671309, 35.186116342414799 ], [ -91.809419790340911, 35.186467695170194 ], [ -91.808900196804032, 35.186995593174956 ], [ -91.808538208624839, 35.187379023077234 ], [ -91.801094373489832, 35.190599629732162 ], [ -91.797840313301606, 35.192861602434405 ], [ -91.797121901552117, 35.192710976146685 ], [ -91.79681017921655, 35.192281782106569 ], [ -91.796083714055314, 35.191968585699392 ], [ -91.788567556882967, 35.187167111551489 ], [ -91.785830742552704, 35.187012352549381 ], [ -91.78372622804109, 35.18688018195477 ], [ -91.781852811727603, 35.187665057077972 ], [ -91.77931895581024, 35.188937422539958 ], [ -91.777618731075378, 35.190410042829356 ], [ -91.776735027372325, 35.191116738620934 ], [ -91.775422003553984, 35.190672019557461 ], [ -91.774489900329613, 35.190979361692449 ], [ -91.772436789214467, 35.191189639091526 ], [ -91.770945731235159, 35.191420076529319 ], [ -91.770598992892673, 35.192600420255353 ], [ -91.769437290057738, 35.193240273800825 ], [ -91.768147570475762, 35.193648313523362 ], [ -91.766918702444471, 35.19422892809655 ], [ -91.766670338358495, 35.194901597044058 ], [ -91.764863679991137, 35.195745410126172 ], [ -91.763756473403561, 35.196671170064221 ], [ -91.762304193357224, 35.197470897679295 ], [ -91.761176844628409, 35.197487108151513 ], [ -91.759972958209957, 35.197614151209706 ], [ -91.759123522759253, 35.197697152178236 ], [ -91.758728275135041, 35.198478113419043 ], [ -91.758974816501123, 35.199111796489959 ], [ -91.758946576372622, 35.199621979255944 ], [ -91.757981695338174, 35.199246413125238 ], [ -91.757180530763023, 35.199728740547421 ], [ -91.757146000128344, 35.200352296334458 ], [ -91.756913227333186, 35.200741506561485 ], [ -91.756041773851251, 35.201221292868546 ], [ -91.75458515509257, 35.201968735032253 ], [ -91.7463657152488, 35.209440853895117 ], [ -91.737977598094417, 35.210721875386682 ], [ -91.737177958685862, 35.211740626309769 ], [ -91.730150585171373, 35.212990970931038 ], [ -91.727920618633078, 35.213979031659051 ], [ -91.725550970960285, 35.215083836554662 ], [ -91.723670584259608, 35.216071086805719 ], [ -91.719208771195625, 35.217874629462052 ], [ -91.717048924513293, 35.218979066871029 ], [ -91.715028557347736, 35.22002369927398 ], [ -91.712876187815681, 35.221871910179644 ], [ -91.711982529118188, 35.223540065577644 ], [ -91.71136915038015, 35.225321278485509 ], [ -91.710967644399673, 35.227273456162287 ], [ -91.710568547047998, 35.229454939924175 ], [ -91.710510348051557, 35.230716857028135 ], [ -91.718044054901128, 35.2329455976693 ], [ -91.715574755499134, 35.241830056932329 ], [ -91.715447362073149, 35.242847802777341 ], [ -91.71605155085264, 35.243380968052136 ], [ -91.715808924024557, 35.243940131500636 ], [ -91.715294589915786, 35.244319014765637 ], [ -91.715266042292342, 35.244829165190147 ], [ -91.715423036217501, 35.24580045407123 ], [ -91.714621628191551, 35.247532059793322 ], [ -91.713084868156187, 35.248555316860759 ], [ -91.710553763721933, 35.248463176790231 ], [ -91.708703508764501, 35.248793378305599 ], [ -91.706610145207378, 35.24843310563859 ], [ -91.692493083802603, 35.248542254173643 ], [ -91.691208883621471, 35.248450091184843 ], [ -91.688983780619822, 35.248142698589135 ], [ -91.687793581666256, 35.246381676728205 ], [ -91.68513879937899, 35.245742102923963 ], [ -91.683638513893442, 35.246003510692688 ], [ -91.682400142097237, 35.24559655386679 ], [ -91.681845801999046, 35.245485840484747 ], [ -91.681972949063308, 35.2452193228048 ], [ -91.681766985301323, 35.244895396964829 ], [ -91.681205019046416, 35.24491999018916 ], [ -91.680068361831175, 35.245194684519575 ], [ -91.679508937896685, 35.245174166470548 ], [ -91.679310568654856, 35.245709248377707 ], [ -91.678138250425818, 35.246615367517741 ], [ -91.67645222062319, 35.24768340689117 ], [ -91.675333235511289, 35.248636652780512 ], [ -91.675020389953914, 35.249212720755935 ], [ -91.674870280673176, 35.249885155834306 ], [ -91.674216653249033, 35.250539101421062 ], [ -91.673896145840075, 35.251250473783394 ], [ -91.673730730582704, 35.252193522658139 ], [ -91.673674658566753, 35.253185782604781 ], [ -91.673783882768944, 35.254229308291983 ], [ -91.674010106423069, 35.255186736723402 ], [ -91.674404186489085, 35.256150326999368 ], [ -91.674691471116205, 35.257019601611617 ], [ -91.674912617970591, 35.258067230850557 ], [ -91.674942707272606, 35.259892940448168 ], [ -91.67186018859725, 35.260667224451758 ], [ -91.671297492719091, 35.260753049904366 ], [ -91.670987804903319, 35.261037499783697 ], [ -91.66981248927587, 35.261053474120374 ], [ -91.669069983185963, 35.261203679182685 ], [ -91.668390699958067, 35.261533701402321 ], [ -91.665314250334333, 35.261420553603017 ], [ -91.663982397159202, 35.261608208331026 ], [ -91.66357601658045, 35.262303242097218 ], [ -91.66238965116014, 35.262470595591182 ], [ -91.661637225142528, 35.262277227236346 ], [ -91.660678212853881, 35.262620571942371 ], [ -91.659516770389317, 35.262909118894775 ], [ -91.658786783814861, 35.263355551269754 ], [ -91.658078222612019, 35.263424106810461 ], [ -91.657570741958182, 35.263571068591098 ], [ -91.657613265257794, 35.263856632390052 ], [ -91.657218962591529, 35.264078763089422 ], [ -91.657206903572046, 35.264291315960776 ], [ -91.656940519505028, 35.264328829694286 ], [ -91.656493153910247, 35.263933676167042 ], [ -91.65591518951608, 35.263770369438959 ], [ -91.655037523141459, 35.263714339775262 ], [ -91.654111984405304, 35.263467206347904 ], [ -91.652927910199935, 35.263636522594176 ], [ -91.652373680170612, 35.264089401162032 ], [ -91.65158235650307, 35.264580859879665 ], [ -91.650679187694706, 35.264973519087057 ], [ -91.6473386769906, 35.265370820994491 ], [ -91.646098390775791, 35.266011322659402 ], [ -91.644386577117473, 35.26668171459221 ], [ -91.642556460146167, 35.266850711315826 ], [ -91.64115269169659, 35.266751455169484 ], [ -91.63977046663436, 35.266804436819434 ], [ -91.638049179639481, 35.266421652744874 ], [ -91.636097935371438, 35.267163434888225 ], [ -91.633014056410573, 35.267870084115515 ], [ -91.632499415156786, 35.268655672062657 ], [ -91.632293956131633, 35.269168720312059 ], [ -91.631990154388475, 35.269346790854783 ], [ -91.631912681362223, 35.269675250452821 ], [ -91.631696783406113, 35.269856578939873 ], [ -91.63124142782867, 35.269603031113405 ], [ -91.630771245788083, 35.269609263711942 ], [ -91.630781481436799, 35.269714300418684 ], [ -91.627371114380423, 35.268978451525463 ], [ -91.624760952232975, 35.268408225248173 ], [ -91.618367609408864, 35.267612113026033 ], [ -91.616807672845908, 35.269405802140831 ], [ -91.614821236658614, 35.27086549359263 ], [ -91.61069359795313, 35.271563809744293 ], [ -91.606332127102505, 35.272650866866279 ], [ -91.602520751558558, 35.276427906961729 ], [ -91.600519478529833, 35.279363613275308 ], [ -91.600396334041463, 35.280892616282109 ], [ -91.600273184636237, 35.282421616986674 ], [ -91.601738251966424, 35.283496612170374 ], [ -91.603046233613554, 35.284456303982289 ], [ -91.603412900506925, 35.285435578640239 ], [ -91.603318653105035, 35.287075907529896 ], [ -91.601213317311093, 35.28993849278109 ], [ -91.599985587971176, 35.290216501888473 ], [ -91.59730460131, 35.292364302135148 ], [ -91.596256374619642, 35.294653918522343 ], [ -91.596336932802402, 35.296928900221452 ], [ -91.594624406174333, 35.299365750877932 ], [ -91.588989904787567, 35.300857340322366 ], [ -91.583010281331994, 35.301113203270035 ], [ -91.5823309145336, 35.301715162915706 ], [ -91.578863572321097, 35.304619657139213 ], [ -91.575025099235731, 35.306019712842819 ], [ -91.57278029297359, 35.30683840748469 ], [ -91.568188310213046, 35.310641826945179 ], [ -91.563116375206448, 35.313485447369182 ], [ -91.562790984785735, 35.31981068091406 ], [ -91.564247811716811, 35.325090985383191 ], [ -91.56060010905567, 35.329611200541549 ], [ -91.560136346730403, 35.331524889204573 ], [ -91.558889683113605, 35.336291607571304 ], [ -91.555894399532676, 35.337764394744276 ], [ -91.554373241537476, 35.340168321037403 ], [ -91.549165911725851, 35.342302727058204 ], [ -91.549163773160146, 35.341751530538417 ], [ -91.548881483760482, 35.341268821096271 ], [ -91.547894830098315, 35.34103720498215 ], [ -91.547372198433564, 35.341128547850197 ], [ -91.546982372295403, 35.341308206826639 ], [ -91.546681256669245, 35.341741126590279 ], [ -91.546622637836606, 35.342155433949138 ], [ -91.546152162943329, 35.341943292456477 ], [ -91.545563926818915, 35.341976614056485 ], [ -91.545146137090626, 35.342044138798848 ], [ -91.544687476394486, 35.342221190481666 ], [ -91.544458748623924, 35.34223700594243 ], [ -91.544168062172375, 35.342257104908015 ], [ -91.543950284851221, 35.342443253844827 ], [ -91.543995900381546, 35.342664907609084 ], [ -91.544030915866514, 35.342835052995405 ], [ -91.544457290117933, 35.343212145124305 ], [ -91.544770742791925, 35.343751578258953 ], [ -91.54498257450463, 35.34425940385583 ], [ -91.544991156994712, 35.344704016086602 ], [ -91.544760458554762, 35.34511182220502 ], [ -91.544499681081675, 35.344852059774816 ], [ -91.544160390215609, 35.344755938678261 ], [ -91.543613004802282, 35.344679722486127 ], [ -91.543195198593068, 35.344747240156444 ], [ -91.543069346462872, 35.345131236934492 ], [ -91.542802113751932, 35.344982298712416 ], [ -91.542583833314652, 35.344585297504842 ], [ -91.54201961726227, 35.344462703338323 ], [ -91.541349800329996, 35.344455351485387 ], [ -91.540992740579767, 35.344663997976845 ], [ -91.540837311824518, 35.344963570546611 ], [ -91.540863645664288, 35.345103406345423 ], [ -91.540408188926122, 35.345225027003451 ], [ -91.539808610826753, 35.345452268408835 ], [ -91.539128885549104, 35.345870852095622 ], [ -91.538834174312044, 35.3461929224313 ], [ -91.538465781777006, 35.346595509182599 ], [ -91.538122798802178, 35.3459716382145 ], [ -91.537898071744976, 35.345685456312651 ], [ -91.537340530513674, 35.345192305630334 ], [ -91.536796383588751, 35.345060644045198 ], [ -91.536347390930104, 35.345071421449362 ], [ -91.536044582632115, 35.345532019468841 ], [ -91.535769273266681, 35.345521599773541 ], [ -91.535097615480211, 35.345801625896215 ], [ -91.534634054379481, 35.346061758458404 ], [ -91.534334468506614, 35.346466938008057 ], [ -91.533813402088327, 35.346530513556772 ], [ -91.533015403184763, 35.346611367506121 ], [ -91.532282992708943, 35.346750236697332 ], [ -91.531904437029397, 35.346735897403143 ], [ -91.530650829292057, 35.347068728016623 ], [ -91.530139483744705, 35.347094780896477 ], [ -91.528863984520243, 35.347760405107366 ], [ -91.528496667442738, 35.348274487399358 ], [ -91.527700572814084, 35.348437044480981 ], [ -91.526971750358626, 35.349103612236135 ], [ -91.526454271468012, 35.34969488663441 ], [ -91.525794257517575, 35.350364056759403 ], [ -91.525556953295592, 35.350882649642571 ], [ -91.525554072360919, 35.351521206681774 ], [ -91.525667413520011, 35.351942027166224 ], [ -91.525651197631248, 35.352219092856629 ], [ -91.525272616134771, 35.352204732365621 ], [ -91.52451383156469, 35.352203714291143 ], [ -91.523963168038151, 35.352182820596767 ], [ -91.523604402473225, 35.352419119553581 ], [ -91.523239144781186, 35.352766243448805 ], [ -91.522914791055385, 35.353003846325436 ], [ -91.522803427409698, 35.353138460082576 ], [ -91.522549527442521, 35.353350967902259 ], [ -91.522323551805584, 35.353675607488228 ], [ -91.521887824799961, 35.354047820434175 ], [ -91.521434238700294, 35.354724802577493 ], [ -91.521273843200944, 35.355107465941011 ], [ -91.521183905182525, 35.35546503603706 ], [ -91.520844922946964, 35.355951990359962 ], [ -91.520678027995302, 35.356445478063655 ], [ -91.520311114174078, 35.35682029800904 ], [ -91.520077000200899, 35.357283464100995 ], [ -91.52005426799245, 35.357671353087078 ], [ -91.519770797922263, 35.357799427940435 ], [ -91.519446412084562, 35.358037020199376 ], [ -91.519154819273879, 35.358303625173896 ], [ -91.51872554745141, 35.358564999621663 ], [ -91.518594676884135, 35.359032084359029 ], [ -91.518611229155852, 35.359338161073147 ], [ -91.518544323175888, 35.359890979213432 ], [ -91.518311506428276, 35.359743295053576 ], [ -91.517836128157981, 35.359614162940723 ], [ -91.517646158516655, 35.359912393167548 ], [ -91.517628287216624, 35.360217162001405 ], [ -91.517633463156457, 35.360717182226928 ], [ -91.51755000039104, 35.360963922796998 ], [ -91.517150253975387, 35.361309717355198 ], [ -91.516748878925583, 35.361683216656203 ], [ -91.516419591799178, 35.362003918352755 ], [ -91.515950993041486, 35.362347092256989 ], [ -91.515454471076126, 35.362578131141397 ], [ -91.515090753539695, 35.362897520462234 ], [ -91.515104041332549, 35.363259008878835 ], [ -91.515320606850082, 35.3636837602753 ], [ -91.515515295002359, 35.363902754498568 ], [ -91.515806046622217, 35.36422980233403 ], [ -91.516210981264379, 35.364384031867665 ], [ -91.516879917501527, 35.364742667101922 ], [ -91.516837370246549, 35.364879889746696 ], [ -91.516250570264404, 35.364885358438258 ], [ -91.515355597506186, 35.364851342634964 ], [ -91.514840893207975, 35.364804008947083 ], [ -91.514414822037466, 35.365009953990096 ], [ -91.514365766387584, 35.365258000047319 ], [ -91.514447895852896, 35.36562210518008 ], [ -91.514661212681091, 35.366102269000422 ], [ -91.515159497598461, 35.366746809345464 ], [ -91.515340465839799, 35.367352218538393 ], [ -91.514843269826002, 35.367855132634013 ], [ -91.514197397052882, 35.367812371605844 ], [ -91.512919006828426, 35.367331509401119 ], [ -91.512153041597372, 35.367217574148945 ], [ -91.511871755315696, 35.367126122188957 ], [ -91.511463788570097, 35.366993482209985 ], [ -91.510761286976674, 35.36699502211895 ], [ -91.510469352187528, 35.367181786481048 ], [ -91.51048782766668, 35.36746516464035 ], [ -91.510611431063722, 35.367752542901421 ], [ -91.510317836253648, 35.367967511220535 ], [ -91.509803794734154, 35.367750076935017 ], [ -91.508951172305885, 35.367915498221095 ], [ -91.50861921468136, 35.368185537272282 ], [ -91.50846246911405, 35.368462245523787 ], [ -91.507741718987404, 35.368774016004586 ], [ -91.507481497466173, 35.369018515687436 ], [ -91.507567354526429, 35.369651615137506 ], [ -91.507296499727488, 35.370433392390964 ], [ -91.507298168031355, 35.371190680611036 ], [ -91.507457732271391, 35.37151656835416 ], [ -91.505321397372185, 35.373155883632521 ], [ -91.503571338349587, 35.374498707381981 ], [ -91.503079634555235, 35.374589131224262 ], [ -91.502894448709739, 35.374751678155278 ], [ -91.502819378344725, 35.374833619345111 ], [ -91.502622573069544, 35.375193594991295 ], [ -91.502250535819414, 35.375546891077484 ], [ -91.501908375819369, 35.37539251133866 ], [ -91.501784792777968, 35.375105125955791 ], [ -91.50153430918806, 35.374586762905807 ], [ -91.501517525311883, 35.374275181003817 ], [ -91.501182013551315, 35.374007982277632 ], [ -91.50100180608581, 35.374085913816664 ], [ -91.500786552891483, 35.374162508795621 ], [ -91.50059970271974, 35.374353256349892 ], [ -91.500471318906222, 35.374744105373274 ], [ -91.500349576166286, 35.375022137583024 ], [ -91.500294603049156, 35.375359250729709 ], [ -91.500247932676814, 35.375555343155298 ], [ -91.499999289307709, 35.375602396030338 ], [ -91.499508645325818, 35.375583683773442 ], [ -91.499188248361506, 35.375656265700727 ], [ -91.498968005573957, 35.375817469554775 ], [ -91.498922992662173, 35.375985357284407 ], [ -91.498832966247548, 35.376321132616305 ], [ -91.498774663089904, 35.376714652801851 ], [ -91.498677990148437, 35.377163244034044 ], [ -91.498586299973184, 35.377527222868544 ], [ -91.49832934219684, 35.377715292361472 ], [ -91.497983857369718, 35.377617309636705 ], [ -91.497630065170227, 35.377660346051073 ], [ -91.49741646027276, 35.377708730610557 ], [ -91.497164484505845, 35.377812185472706 ], [ -91.497009339656501, 35.378060672095231 ], [ -91.496885917107676, 35.378366903904229 ], [ -91.496690736836058, 35.378698664521281 ], [ -91.496266844144401, 35.378739021798275 ], [ -91.495978153716848, 35.378869340386395 ], [ -91.495893097962423, 35.379120500696452 ], [ -91.495674500663242, 35.379253493939139 ], [ -91.495524335460829, 35.37941736641752 ], [ -91.494980331080626, 35.37970754102961 ], [ -91.494786729550583, 35.379952459650745 ], [ -91.489329499780681, 35.381728657359886 ], [ -91.483821773270989, 35.386345824860527 ], [ -91.476396574187163, 35.388497987581253 ], [ -91.471347597675802, 35.393363376771887 ], [ -91.46681722408249, 35.39515845247476 ], [ -91.462318377170803, 35.394834116821379 ], [ -91.460225365936708, 35.395208015137982 ], [ -91.459173969992236, 35.397060836020088 ], [ -91.454035127782618, 35.397998988411153 ], [ -91.448135198614352, 35.400649381404833 ], [ -91.446031619032425, 35.404354776425365 ], [ -91.442631613629544, 35.406116825701702 ], [ -91.43821832593602, 35.412231996363992 ], [ -91.435532131970334, 35.417827095611401 ], [ -91.434506445987878, 35.423691206256009 ], [ -91.437152930122423, 35.424600433187265 ], [ -91.442295838048395, 35.425164958565801 ], [ -91.446307336689401, 35.429734858820211 ], [ -91.446334661070907, 35.432284035420331 ], [ -91.446699272348923, 35.436902600211219 ], [ -91.451856048433044, 35.43998443975692 ], [ -91.451789970867765, 35.443465375184033 ], [ -91.445532599812438, 35.44448333389618 ], [ -91.440064939667863, 35.445020069904096 ], [ -91.435361370050856, 35.44964711650622 ], [ -91.431351958156441, 35.453848042549652 ], [ -91.423868664382667, 35.460090459337792 ], [ -91.422134877593976, 35.46153653221122 ], [ -91.421608086385731, 35.461372332379867 ], [ -91.420553485579987, 35.461775173572534 ], [ -91.420545935610221, 35.462514408722022 ], [ -91.419709841403218, 35.462955293714636 ], [ -91.41880207548202, 35.463363812653853 ], [ -91.418355675499171, 35.464056447978706 ], [ -91.415216736397085, 35.4666857179514 ], [ -91.41481283606025, 35.466670043400093 ], [ -91.413833336389089, 35.467046160527254 ], [ -91.412601586845284, 35.467944935277686 ], [ -91.411621519896883, 35.468942215326997 ], [ -91.410887817930686, 35.470126543050974 ], [ -91.410625548839832, 35.470898996512283 ], [ -91.40962225767133, 35.471586014104467 ], [ -91.409319059144181, 35.47234334081935 ], [ -91.409085746328131, 35.473162543897558 ], [ -91.408681249011664, 35.473768027508214 ], [ -91.408080706146308, 35.474572957847492 ], [ -91.407597421216096, 35.475264118620998 ], [ -91.406776519721674, 35.476060477570236 ], [ -91.406403382259882, 35.476755915026338 ], [ -91.406400344319806, 35.476806383829299 ], [ -91.406378511833012, 35.477169081340293 ], [ -91.40653725761949, 35.47758938553293 ], [ -91.406767675830807, 35.478042056249578 ], [ -91.406840543882808, 35.478666087578688 ], [ -91.406546171943276, 35.479275843358486 ], [ -91.406293849397031, 35.47979849032761 ], [ -91.406193751665938, 35.480238311970275 ], [ -91.406102536066655, 35.480530574453752 ], [ -91.405616230794053, 35.480659572138237 ], [ -91.405007309870271, 35.480990866024399 ], [ -91.404690406930996, 35.48136309395732 ], [ -91.404313669802562, 35.482117545032338 ], [ -91.403358201574974, 35.482701580465005 ], [ -91.402924605011961, 35.482566390211062 ], [ -91.402621909819032, 35.482702518677854 ], [ -91.402101798027431, 35.483392223276525 ], [ -91.402277755082196, 35.484232605727371 ], [ -91.401407470039445, 35.485140055667799 ], [ -91.400445973815849, 35.48643377284921 ], [ -91.399400952050641, 35.487280518900924 ], [ -91.398989184862586, 35.488004007834405 ], [ -91.397477805126712, 35.489867906519869 ], [ -91.396515974138111, 35.49299558156973 ], [ -91.39648036088704, 35.493585807760482 ], [ -91.396363176647029, 35.494528962268873 ], [ -91.396057398825079, 35.495716168938799 ], [ -91.396179845171702, 35.496317491840038 ], [ -91.396265637586694, 35.496893701185805 ], [ -91.39639293452808, 35.497260656415676 ], [ -91.399209395964107, 35.499631559666255 ], [ -91.400408119428135, 35.501941919421597 ], [ -91.402421170236408, 35.503649208733243 ], [ -91.402752471284629, 35.504393151613115 ], [ -91.402655441908593, 35.506003146976163 ], [ -91.402706607862768, 35.506532395187904 ], [ -91.403110774364762, 35.50731893802979 ], [ -91.403105456696593, 35.507882753695228 ], [ -91.403546009604568, 35.508050125382695 ], [ -91.404415291546243, 35.510451185372865 ], [ -91.404448090866239, 35.510926690165881 ], [ -91.406493645674928, 35.514848270596609 ], [ -91.406862178941324, 35.515586567806544 ], [ -91.407621079279522, 35.516249529836394 ], [ -91.40869070805735, 35.517196044797494 ], [ -91.410139370986698, 35.518301669802817 ], [ -91.410787104069499, 35.518772228315768 ], [ -91.412771852006273, 35.520474479989346 ], [ -91.413063951906068, 35.521124768125183 ], [ -91.413490215109377, 35.5215898985115 ], [ -91.414167369714292, 35.522519891648578 ], [ -91.414456478062377, 35.523044565379102 ], [ -91.414778246869091, 35.523604440683002 ], [ -91.415322452830296, 35.523923898207372 ], [ -91.416008211983069, 35.525528866738391 ], [ -91.416256650005309, 35.525905784716926 ], [ -91.4166759617747, 35.526975292193733 ], [ -91.417029027763959, 35.527402218173236 ], [ -91.417284738651361, 35.527608851285756 ], [ -91.417419248338462, 35.528032254156415 ], [ -91.417531138900159, 35.528422788413309 ], [ -91.417729047755529, 35.52887993208865 ], [ -91.41804845734687, 35.529190485616958 ], [ -91.418280672997511, 35.529493417706043 ], [ -91.418806313650393, 35.529706086452187 ], [ -91.419004975006857, 35.530150883767917 ], [ -91.419372074604041, 35.530406013722562 ], [ -91.419884737768996, 35.530669078191124 ], [ -91.425884796361004, 35.53554738758185 ], [ -91.425860012248364, 35.535960536890663 ], [ -91.425572652983121, 35.536452267109645 ], [ -91.425395546661846, 35.536948261420299 ], [ -91.42531984267174, 35.537596073371041 ], [ -91.425237055007358, 35.538361927275503 ], [ -91.425243707747498, 35.538865028879407 ], [ -91.4248395042559, 35.539736073570289 ], [ -91.425024096754541, 35.540069274917442 ], [ -91.42521274738148, 35.540608994971855 ], [ -91.425063529632951, 35.541253961297748 ], [ -91.424489193075715, 35.541616270323779 ], [ -91.424131836545413, 35.54204612981853 ], [ -91.423844443224255, 35.542537853269963 ], [ -91.423525605196218, 35.542939622258828 ], [ -91.423716023626909, 35.543449832934805 ], [ -91.424398435535053, 35.543742445949576 ], [ -91.425175612998004, 35.543683773024441 ], [ -91.425954559709481, 35.54359558452672 ], [ -91.426658223649483, 35.543534058902523 ], [ -91.427580649050327, 35.54351056556154 ], [ -91.428388496021427, 35.542833100370942 ], [ -91.429530931005615, 35.542810980181201 ], [ -91.430415884175829, 35.542797848582879 ], [ -91.431815588788083, 35.543922820408056 ], [ -91.432375149771218, 35.543989501698789 ], [ -91.434313810013634, 35.545494757686718 ], [ -91.438763715376936, 35.548358626980352 ], [ -91.439299537578165, 35.548822740777155 ], [ -91.43969957444844, 35.549672575470488 ], [ -91.440787229125846, 35.551716744169205 ], [ -91.441876019668001, 35.553225797397332 ], [ -91.443301278057518, 35.554037916795153 ], [ -91.44486677403107, 35.554476814397361 ], [ -91.446370649497737, 35.554960643742831 ], [ -91.447857626478694, 35.555727754499024 ], [ -91.44898889852638, 35.556528486119412 ], [ -91.451032786033238, 35.558831381079443 ], [ -91.450242746818233, 35.559226924802303 ], [ -91.449656981426244, 35.560150896657014 ], [ -91.449331863282794, 35.560658966496028 ], [ -91.44791448387258, 35.560699086466457 ], [ -91.447570414777843, 35.561535714853548 ], [ -91.447569611892703, 35.561537667102598 ], [ -91.448025707892569, 35.562785667723936 ], [ -91.447633283067773, 35.563433117822967 ], [ -91.447036575781226, 35.563552130328922 ], [ -91.446946726050882, 35.564069247241505 ], [ -91.447587765610393, 35.56518238921344 ], [ -91.448083361746299, 35.565769356750529 ], [ -91.448520138600742, 35.566354058843004 ], [ -91.448724432182019, 35.566882490955955 ], [ -91.449500091978436, 35.56771684793145 ], [ -91.45052517551899, 35.568324166202657 ], [ -91.451289597769346, 35.569347375625583 ], [ -91.451356533413048, 35.570201792351014 ], [ -91.451373093922314, 35.570912298015315 ], [ -91.45226366855934, 35.571798373513545 ], [ -91.452697694762847, 35.572430273407434 ], [ -91.453956790030702, 35.57332943248003 ], [ -91.453520700541631, 35.574449526236087 ], [ -91.453520381232138, 35.575443325795611 ], [ -91.453352008339152, 35.576288694379237 ], [ -91.453937225148451, 35.577352313678112 ], [ -91.454825088657003, 35.578285581082163 ], [ -91.455617825161895, 35.578836593825152 ], [ -91.456660367383861, 35.579045442366137 ], [ -91.457553194132089, 35.57907989547769 ], [ -91.463580000726466, 35.582142076260034 ], [ -91.464322684820019, 35.582926272970198 ], [ -91.467010950584111, 35.587329810691017 ], [ -91.467592191941279, 35.587655175011719 ], [ -91.468471716384741, 35.587865711291464 ], [ -91.470390675519042, 35.588252514172559 ], [ -91.471727262552236, 35.58858760285343 ], [ -91.47232405288679, 35.589462256227023 ], [ -91.473512123391657, 35.590312197706311 ], [ -91.477925587626714, 35.594456051961224 ], [ -91.478152580310976, 35.59560047589504 ], [ -91.477844313710719, 35.59681909501488 ], [ -91.473943147453696, 35.599935266711782 ], [ -91.473919535309648, 35.599961692820074 ], [ -91.47324806465808, 35.600713175732444 ], [ -91.472667871213858, 35.601542797808314 ], [ -91.472205375939708, 35.602376919030654 ], [ -91.472152056546193, 35.603274012979732 ], [ -91.471952957604415, 35.60463875759244 ], [ -91.472193922864932, 35.605547106358053 ], [ -91.473551267422621, 35.606014593719863 ], [ -91.47769592371435, 35.607414629267197 ], [ -91.481730446957954, 35.608777272410308 ], [ -91.48222126916734, 35.609251795627443 ], [ -91.48334207169799, 35.609335917793381 ], [ -91.484261380347334, 35.609920093038163 ], [ -91.485163693134794, 35.610426027125037 ], [ -91.485801315911786, 35.61101711915876 ], [ -91.486336875526632, 35.611384285723659 ], [ -91.486882180652302, 35.612109524454688 ], [ -91.487548249321918, 35.612802956300563 ], [ -91.488033891463573, 35.613256223081123 ], [ -91.488535404928157, 35.613941962686532 ], [ -91.489168947794369, 35.614673554601993 ], [ -91.489595740329847, 35.615086574250917 ], [ -91.490173580952629, 35.615410265006176 ], [ -91.490708922920788, 35.615462820722108 ], [ -91.492282002956998, 35.619258081837799 ], [ -91.492650200822268, 35.622568273273671 ], [ -91.492873248155348, 35.623720905584193 ], [ -91.493045336156399, 35.625028177892858 ], [ -91.493060988507054, 35.62557079964634 ], [ -91.49349662673481, 35.626203454777858 ], [ -91.493854179211411, 35.627008803931751 ], [ -91.494404532825826, 35.627632211676534 ], [ -91.495029114152629, 35.628392399776395 ], [ -91.495527242165295, 35.629244266800384 ], [ -91.496074246864225, 35.630168857378713 ], [ -91.496482289708538, 35.630764041779294 ], [ -91.496708630472767, 35.631701174031463 ], [ -91.49725275246584, 35.63236196980619 ], [ -91.497966395632659, 35.632925291686902 ], [ -91.498701500015287, 35.636664845321903 ], [ -91.499516471616232, 35.638112807550037 ], [ -91.500526000867865, 35.640125545428951 ], [ -91.500900495283574, 35.641427040228415 ], [ -91.502011427965201, 35.649365823464336 ], [ -91.501745647973735, 35.650043717256118 ], [ -91.501821170195797, 35.650675722436091 ], [ -91.501360987139208, 35.652733337003674 ], [ -91.500833126084927, 35.659755177084115 ], [ -91.501029740161002, 35.66046921934705 ], [ -91.501549750930081, 35.661654058302233 ], [ -91.501687893534282, 35.662128501230207 ], [ -91.502116482941418, 35.662870218140547 ], [ -91.502623131462087, 35.66377235517168 ], [ -91.503039944363465, 35.664435685700688 ], [ -91.504070466622338, 35.665821414997914 ], [ -91.505044736439615, 35.667197045762812 ], [ -91.505997809799609, 35.668402916452735 ], [ -91.506783278946187, 35.669634054297504 ], [ -91.507629376407124, 35.670832139356989 ], [ -91.508417219676858, 35.671596103707166 ], [ -91.508987497609326, 35.672011629465878 ], [ -91.509225057680055, 35.672488588160576 ], [ -91.510968411353048, 35.673954799816677 ], [ -91.512126633492372, 35.674975401868736 ], [ -91.512787243888923, 35.675481803771902 ], [ -91.513310550054157, 35.675685054063933 ], [ -91.514035704282293, 35.676106769524864 ], [ -91.514742203853174, 35.676571070145691 ], [ -91.515662207911546, 35.676994494884148 ], [ -91.515982999487264, 35.677278957977045 ], [ -91.516255259527966, 35.677718156469204 ], [ -91.516575611753325, 35.678029815632122 ], [ -91.520331223524394, 35.681728476791385 ], [ -91.520613954601487, 35.682311729383457 ], [ -91.521108298019684, 35.682873290261711 ], [ -91.521521600937518, 35.683402097482819 ], [ -91.522142674038335, 35.684192873007262 ], [ -91.522759237281349, 35.684896529105856 ], [ -91.523315733837322, 35.685497713705352 ], [ -91.523658351353575, 35.68610672131863 ], [ -91.524413002165559, 35.686830072956333 ], [ -91.525263890722982, 35.687586944030002 ], [ -91.526726759069717, 35.689398268714463 ], [ -91.528160653459651, 35.69062350230859 ], [ -91.529345568331635, 35.690810158070136 ], [ -91.530164454295559, 35.69119592895948 ], [ -91.53066150687971, 35.6917824889141 ], [ -91.53135198457619, 35.692092431601566 ], [ -91.53185321105218, 35.692608166113601 ], [ -91.53301529786944, 35.693184294996556 ], [ -91.534303754954252, 35.693871637895974 ], [ -91.535413371927419, 35.694587717530325 ], [ -91.536179822635432, 35.695113420970721 ], [ -91.536996712375412, 35.695534553343059 ], [ -91.5381817253284, 35.695721120080151 ], [ -91.539231678362285, 35.696008017617338 ], [ -91.531577093965836, 35.701590931503681 ], [ -91.529578274282628, 35.707249265485117 ], [ -91.526680931178603, 35.710622358242297 ], [ -91.526154630269545, 35.710531522343572 ], [ -91.526396482278244, 35.71018576897248 ], [ -91.5263268142117, 35.709863747965926 ], [ -91.525486918229433, 35.709832050607005 ], [ -91.525044867993984, 35.70981536539793 ], [ -91.524634523321382, 35.710012803661513 ], [ -91.524043188521887, 35.710274383455214 ], [ -91.52385178197143, 35.710515572979659 ], [ -91.523371774381431, 35.710390984400803 ], [ -91.522929721364648, 35.710374291318224 ], [ -91.522700358183698, 35.710507581535808 ], [ -91.522772095663385, 35.710794195168617 ], [ -91.522449638319131, 35.710751870727549 ], [ -91.514093378963238, 35.709654739508046 ], [ -91.514542921203272, 35.709099088161011 ], [ -91.514530036111992, 35.708566276941134 ], [ -91.514647674585277, 35.708073892270889 ], [ -91.514957101054492, 35.708085599224752 ], [ -91.515367460434504, 35.707888194124813 ], [ -91.51470404633605, 35.707117841583866 ], [ -91.514057703176647, 35.706809478493916 ], [ -91.513120742282609, 35.706170717162003 ], [ -91.511785976991163, 35.705516886821222 ], [ -91.510078497211836, 35.704423062553701 ], [ -91.508706159432876, 35.704406564111764 ], [ -91.507354733848814, 35.704035957263734 ], [ -91.506295995580658, 35.703960338419499 ], [ -91.505102563823954, 35.703915091294903 ], [ -91.504780601761738, 35.704115813881486 ], [ -91.504845988772061, 35.7045086674404 ], [ -91.505033520350679, 35.705083595047903 ], [ -91.50523151567667, 35.705481476207027 ], [ -91.505381126535283, 35.705948499320257 ], [ -91.505442334012784, 35.706412170277112 ], [ -91.50541304435292, 35.706907898358928 ], [ -91.505244868104754, 35.707504825731263 ], [ -91.504456632236554, 35.707791868472029 ], [ -91.500830521689878, 35.70653316949732 ], [ -91.494326589611447, 35.703460795220934 ], [ -91.493949098438492, 35.702994798940487 ], [ -91.493866989886939, 35.702885211354427 ], [ -91.493755363418771, 35.702526080027226 ], [ -91.493500650654184, 35.702338952801107 ], [ -91.493111241833049, 35.702182192599857 ], [ -91.492490345699707, 35.702194072866185 ], [ -91.49226724824517, 35.702221077987502 ], [ -91.491973071957361, 35.702435385215118 ], [ -91.49194316123436, 35.702457175046419 ], [ -91.491345477153658, 35.702824820524434 ], [ -91.490972986885922, 35.703130051643001 ], [ -91.490516290461798, 35.703361100632932 ], [ -91.490211085175261, 35.703278511935302 ], [ -91.489773279366204, 35.703190877257811 ], [ -91.489209172273519, 35.702991968231956 ], [ -91.488834467066667, 35.702587331242867 ], [ -91.488855464210985, 35.702233241460483 ], [ -91.488880660526377, 35.701808333581894 ], [ -91.48931526583192, 35.701491741142448 ], [ -91.489621443278821, 35.701268700633577 ], [ -91.489953929072968, 35.700890973530804 ], [ -91.490494812463581, 35.700734107362379 ], [ -91.490898899510896, 35.700643012904017 ], [ -91.491305084110067, 35.700516507986414 ], [ -91.491456566765791, 35.700202869724123 ], [ -91.491534339906337, 35.699638005289941 ], [ -91.491645818334661, 35.699251867219097 ], [ -91.491889889414395, 35.698870771911615 ], [ -91.492154938719082, 35.698135584434105 ], [ -91.492369492007285, 35.697504942690756 ], [ -91.491910599488577, 35.697026133597603 ], [ -91.491161480226012, 35.697707419336396 ], [ -91.490313337440611, 35.697817109269792 ], [ -91.488543347934112, 35.697785242777556 ], [ -91.487535213033951, 35.697604910992482 ], [ -91.486651271443591, 35.697571255778811 ], [ -91.485794643619556, 35.697077276050635 ], [ -91.48519900313714, 35.696664209192306 ], [ -91.484456069282544, 35.69649395158433 ], [ -91.48390463676013, 35.696082561766765 ], [ -91.483380589521857, 35.69595612597228 ], [ -91.483024918940686, 35.695978061336952 ], [ -91.482446165366866, 35.696026982421998 ], [ -91.481911607138315, 35.696077585383023 ], [ -91.481656945057125, 35.695890431743479 ], [ -91.481355985356444, 35.695737001675653 ], [ -91.480823531700366, 35.695752190707715 ], [ -91.480326859734191, 35.695910698707351 ], [ -91.480046958646, 35.696148449754318 ], [ -91.479727067170245, 35.696313696611014 ], [ -91.47947661746511, 35.696055720328253 ], [ -91.478723181136658, 35.696062471718705 ], [ -91.478255967587259, 35.696470519702061 ], [ -91.478100228866907, 35.696854959957165 ], [ -91.477778225485096, 35.69705561040557 ], [ -91.477353099226889, 35.696755475792251 ], [ -91.47700373837408, 35.696671166271464 ], [ -91.476389200726345, 35.69657673551027 ], [ -91.475812543955556, 35.696590215279805 ], [ -91.475665215431761, 35.696833016675271 ], [ -91.474819166160231, 35.696907186997066 ], [ -91.47445339484419, 35.696982288542358 ], [ -91.474236187537684, 35.697026885758902 ], [ -91.472413597922227, 35.697134726495534 ], [ -91.470959330546677, 35.697008188276897 ], [ -91.46983333745888, 35.697320051740014 ], [ -91.469018820884173, 35.697608322544667 ], [ -91.468416846003194, 35.698046671449184 ], [ -91.467682272679227, 35.698479947240479 ], [ -91.467303484870186, 35.698146058217638 ], [ -91.466341702421872, 35.697931827767647 ], [ -91.465453545491542, 35.697968832015881 ], [ -91.464830568667637, 35.698015976239716 ], [ -91.464035025964492, 35.697985534580752 ], [ -91.463056362101568, 35.69805454680511 ], [ -91.462515441238125, 35.698211288199964 ], [ -91.461294828185956, 35.697880639132499 ], [ -91.46104021075756, 35.69769344151014 ], [ -91.460589794327291, 35.697818150453514 ], [ -91.460572892437412, 35.698101419292229 ], [ -91.4603371185393, 35.698340816032371 ], [ -91.459579431491107, 35.698418262988312 ], [ -91.459036387414031, 35.698610397040333 ], [ -91.458329234851433, 35.698583303522668 ], [ -91.457891492764119, 35.698495550852421 ], [ -91.45755694457111, 35.698163324343746 ], [ -91.457439153727663, 35.697910383148937 ], [ -91.457039269944389, 35.697930546742285 ], [ -91.456268895166346, 35.698220423801146 ], [ -91.455315381280371, 35.698609743012376 ], [ -91.45397889401697, 35.698735939952449 ], [ -91.452577289536791, 35.698469237740646 ], [ -91.451762952421745, 35.698012116713038 ], [ -91.450350781589862, 35.69792243029142 ], [ -91.449891875458903, 35.698188732260675 ], [ -91.449435084050677, 35.698419624004224 ], [ -91.448516020296395, 35.698445581828452 ], [ -91.448305472424138, 35.698151560968363 ], [ -91.44793758683717, 35.697591988998738 ], [ -91.446987922164951, 35.69711899564539 ], [ -91.446051643445372, 35.696479699715745 ], [ -91.444435492193961, 35.696098185151186 ], [ -91.442366801418444, 35.69587669674371 ], [ -91.441003119839849, 35.695717781612771 ], [ -91.439940318857097, 35.695712386704507 ], [ -91.438690124107211, 35.695877220613347 ], [ -91.437711464406036, 35.695946023847348 ], [ -91.437118075604644, 35.69637602713086 ], [ -91.436208425246178, 35.696633449125841 ], [ -91.435797921428744, 35.696830582155357 ], [ -91.435217006600865, 35.696914680952872 ], [ -91.434894889986012, 35.697115214958956 ], [ -91.434530700754493, 35.69727863756092 ], [ -91.434151634866808, 35.697689916032999 ], [ -91.433520139718738, 35.697878528374076 ], [ -91.433141504739439, 35.697544530119714 ], [ -91.432905646323292, 35.697783872434499 ], [ -91.432490876151221, 35.698051810051524 ], [ -91.431657528519409, 35.697913223831115 ], [ -91.430969070140392, 35.698312567613883 ], [ -91.431069761840661, 35.698848799449834 ], [ -91.430111857379742, 35.699308731932227 ], [ -91.429494754394341, 35.699994738705129 ], [ -91.428343013863383, 35.700731103232613 ], [ -91.427233320710457, 35.701504569108749 ], [ -91.426410083208012, 35.701934177906452 ], [ -91.425843511289187, 35.702515645986061 ], [ -91.425666204442223, 35.703254093804432 ], [ -91.425180015541784, 35.703235330768109 ], [ -91.424815776181674, 35.703398722726938 ], [ -91.42430189968691, 35.70384025752017 ], [ -91.423569149600752, 35.704237850270012 ], [ -91.423318864166717, 35.703979757126511 ], [ -91.422609543928047, 35.703987858553738 ], [ -91.422137719471962, 35.704466498268665 ], [ -91.422286818531418, 35.704933626381447 ], [ -91.421863448254356, 35.705343156111631 ], [ -91.421627530222793, 35.70558247447952 ], [ -91.421031613549786, 35.705914356980472 ], [ -91.421189233825856, 35.706239855296182 ], [ -91.421569990731413, 35.706538481674571 ], [ -91.421104537976689, 35.706910893344798 ], [ -91.420510740255423, 35.707207365239 ], [ -91.419569723478602, 35.70738394856042 ], [ -91.418272958964153, 35.707582265387153 ], [ -91.417624278514467, 35.708054052067723 ], [ -91.41645583551832, 35.708328289819235 ], [ -91.415678799300707, 35.708724123307555 ], [ -91.413882720055682, 35.706915639132184 ], [ -91.41387267454607, 35.706347408806543 ], [ -91.41351116247283, 35.705730089878621 ], [ -91.413089875613636, 35.706104180504013 ], [ -91.41293378814143, 35.706488532092379 ], [ -91.412152481372161, 35.706955158062506 ], [ -91.41186164857308, 35.707369783356405 ], [ -91.411341262406324, 35.707917482916869 ], [ -91.41132352201339, 35.708946009098945 ], [ -91.411333548837362, 35.709514238439759 ], [ -91.411427709232029, 35.710156704166636 ], [ -91.41152827894382, 35.710692947409363 ], [ -91.411511191631618, 35.71097620625121 ], [ -91.411784305335203, 35.711590107073043 ], [ -91.411716607524326, 35.711977876913117 ], [ -91.411417209141348, 35.712534128673006 ], [ -91.411305304329659, 35.712920187037653 ], [ -91.411237602897245, 35.713307956185936 ], [ -91.411443021484374, 35.714309625426786 ], [ -91.41176889571571, 35.714783606581634 ], [ -91.4128084712533, 35.715178733669553 ], [ -91.413370333653859, 35.715413411221604 ], [ -91.413887993583231, 35.715646376063468 ], [ -91.414355046393922, 35.71598385055605 ], [ -91.414598937002438, 35.716348181855317 ], [ -91.414181866402615, 35.716651458647156 ], [ -91.414118446064919, 35.716968413813596 ], [ -91.414633984216948, 35.71723678232641 ], [ -91.415126047343577, 35.717894627995143 ], [ -91.415449825560486, 35.718404004865711 ], [ -91.415962852946976, 35.718790131506914 ], [ -91.416105931082697, 35.719281126551678 ], [ -91.416979425300653, 35.719492342890277 ], [ -91.417722432516442, 35.719663019888571 ], [ -91.418317886641887, 35.720076417749077 ], [ -91.418690170115639, 35.720516678823635 ], [ -91.418967641432133, 35.721059743980071 ], [ -91.419234453571377, 35.72177984416161 ], [ -91.419268000104793, 35.72195858805506 ], [ -91.419488475554189, 35.722712386288485 ], [ -91.419652521436959, 35.722931660760814 ], [ -91.419818700665019, 35.723115527817484 ], [ -91.420153193781687, 35.72344785399855 ], [ -91.419830925186872, 35.723648342773245 ], [ -91.419460178900778, 35.72391793697399 ], [ -91.419264141361964, 35.724229769182415 ], [ -91.419202868598958, 35.724511318020063 ], [ -91.418451278458718, 35.724482279322359 ], [ -91.418082656474468, 35.724716461957243 ], [ -91.417199969012458, 35.725392139711268 ], [ -91.417060932783258, 35.725493234454191 ], [ -91.416864881356418, 35.725805062302733 ], [ -91.416452036057592, 35.726037530724327 ], [ -91.415696163100691, 35.726079288627822 ], [ -91.415226907783577, 35.725777229164777 ], [ -91.414532328059835, 35.725537433176534 ], [ -91.414203630560166, 35.725844127271102 ], [ -91.413675223671859, 35.725788200568225 ], [ -91.413035538512645, 35.725373071012015 ], [ -91.412477875357695, 35.725067579842502 ], [ -91.411979380501947, 35.724515947927365 ], [ -91.411662008161869, 35.723900343163685 ], [ -91.411384578618652, 35.723357262172669 ], [ -91.410959567366817, 35.723056896095741 ], [ -91.410230836316558, 35.723383586288463 ], [ -91.410083246750574, 35.723626300888462 ], [ -91.410106087926977, 35.723982081876684 ], [ -91.410573175120774, 35.724319568978281 ], [ -91.411090887065413, 35.724552544344057 ], [ -91.410717968737544, 35.724857517978279 ], [ -91.410231645524277, 35.724838694007708 ], [ -91.409804493451531, 35.724573731092036 ], [ -91.409482192831774, 35.724774191577914 ], [ -91.409077880366212, 35.724865006881821 ], [ -91.408863237123299, 35.72475022700371 ], [ -91.408404705845896, 35.72427110564189 ], [ -91.407877001034365, 35.723469895561436 ], [ -91.407595323909078, 35.722997619406236 ], [ -91.407503318083855, 35.722319750373671 ], [ -91.407221647533405, 35.721847472891923 ], [ -91.406533544504811, 35.72150140841282 ], [ -91.406188425992454, 35.721346078121051 ], [ -91.405575916120299, 35.721215875452685 ], [ -91.404925617260119, 35.720977735442538 ], [ -91.404355181724384, 35.720884646719711 ], [ -91.40346672701466, 35.720921186157106 ], [ -91.402785756444516, 35.720904516885071 ], [ -91.401414608125179, 35.720415732595129 ], [ -91.400006364231302, 35.720254634676628 ], [ -91.399511506024822, 35.720377394204206 ], [ -91.398778467262233, 35.720774828479172 ], [ -91.398272891898927, 35.721074616959413 ], [ -91.397981929541956, 35.721489203474199 ], [ -91.39726601492265, 35.721603373662944 ], [ -91.396423900685178, 35.721606169743872 ], [ -91.39584275330634, 35.721690074015214 ], [ -91.395863383822487, 35.722081265047741 ], [ -91.395149604306255, 35.722160015666972 ], [ -91.394375279391923, 35.72177504002665 ], [ -91.393693668946838, 35.721322680840338 ], [ -91.392500032739122, 35.721276301602906 ], [ -91.391998719909608, 35.721505249818222 ], [ -91.391311985740799, 35.721868949066639 ], [ -91.390324364789123, 35.72207898655504 ], [ -91.389116562792992, 35.721535161307074 ], [ -91.388165440551916, 35.721143267888138 ], [ -91.386026248145797, 35.721343961513817 ], [ -91.383938928060644, 35.722149970071086 ], [ -91.382675280065143, 35.722526649184687 ], [ -91.381826704920357, 35.72263556116021 ], [ -91.380653607949043, 35.722980255984183 ], [ -91.379744569398667, 35.722625424362121 ], [ -91.379770381575767, 35.722200546972303 ], [ -91.380032293196109, 35.72153643741774 ], [ -91.379289352269325, 35.72136552467952 ], [ -91.378777241881352, 35.721771449324862 ], [ -91.378736363920183, 35.722444171680145 ], [ -91.378396777271774, 35.722927799428184 ], [ -91.377746548852443, 35.722689510804436 ], [ -91.377690410199293, 35.722154967671997 ], [ -91.377274147275074, 35.721712854949303 ], [ -91.376522600840758, 35.721683550620334 ], [ -91.376147405399749, 35.722023822701694 ], [ -91.375538243897324, 35.722567910511373 ], [ -91.375413224046028, 35.723166369981207 ], [ -91.375208395352701, 35.723619754914523 ], [ -91.374742611341901, 35.723991979486399 ], [ -91.375390688386474, 35.724265690637701 ], [ -91.376131496108826, 35.724472033709681 ], [ -91.376756896621046, 35.724389950008295 ], [ -91.377310106955591, 35.724766421871919 ], [ -91.376852935978363, 35.724997029067687 ], [ -91.376300882822392, 35.725330405406922 ], [ -91.375879304601696, 35.725704357919547 ], [ -91.375904139417131, 35.726024738596095 ], [ -91.375442650359702, 35.726326152659844 ], [ -91.375412506305622, 35.726821840180875 ], [ -91.375415807836731, 35.727496282966612 ], [ -91.375385663144328, 35.727991970012781 ], [ -91.375203500755248, 35.72880113942729 ], [ -91.375173354163195, 35.729296825896895 ], [ -91.375204647188042, 35.72951098730649 ], [ -91.375207946994038, 35.730185428633945 ], [ -91.374457457168546, 35.730865958526358 ], [ -91.37416201990662, 35.73135129553706 ], [ -91.373813748256211, 35.731976530994224 ], [ -91.37345039122367, 35.732849607394172 ], [ -91.374129830626842, 35.733337484675879 ], [ -91.375327951570597, 35.733313236139864 ], [ -91.376090377548422, 35.733165517396472 ], [ -91.376329834162846, 35.733600734397143 ], [ -91.376179963662949, 35.733878810869747 ], [ -91.376076460959865, 35.734123205126522 ], [ -91.376844360798273, 35.734614514478274 ], [ -91.377492535867262, 35.734888211804979 ], [ -91.377302755667728, 35.735093753767487 ], [ -91.377184186876477, 35.735585990971799 ], [ -91.377834523731636, 35.735824280196816 ], [ -91.378663884565299, 35.736034052333146 ], [ -91.378476256673679, 35.736204189948388 ], [ -91.378322084729376, 35.736553080589751 ], [ -91.378488193823586, 35.736737003488287 ], [ -91.379151454849136, 35.736762849196957 ], [ -91.379351025861141, 35.737125523874994 ], [ -91.379314448035942, 35.737727426087901 ], [ -91.379202343313636, 35.738113446292651 ], [ -91.379717901547323, 35.738381961911173 ], [ -91.380356319623885, 35.738087424174239 ], [ -91.380988280127326, 35.737899101025135 ], [ -91.381374285649471, 35.737381787755929 ], [ -91.382216575012919, 35.737379098515028 ], [ -91.382329876384318, 35.737702918356632 ], [ -91.382620051640302, 35.738033624657547 ], [ -91.382897329390346, 35.738576766443266 ], [ -91.383435624846967, 35.739201047652109 ], [ -91.384254290909936, 35.739587810291056 ], [ -91.385015851492369, 35.740185282681708 ], [ -91.38576578133798, 35.7402749442711 ], [ -91.385895945332962, 35.74029050617029 ], [ -91.386353180788106, 35.740059866978669 ], [ -91.386903148582363, 35.739761853919205 ], [ -91.387716279356155, 35.739509563009619 ], [ -91.388091509279093, 35.739169259150806 ], [ -91.388666356673866, 35.739191612423255 ], [ -91.38910854720703, 35.7392088053533 ], [ -91.389308172089585, 35.739571462573501 ], [ -91.389461432387506, 35.73996780640779 ], [ -91.389432059523145, 35.740598379059804 ], [ -91.389629189355006, 35.742025624444103 ], [ -91.389748701837561, 35.743563416834355 ], [ -91.389369491728573, 35.745138603834704 ], [ -91.388657095178459, 35.746360136296651 ], [ -91.387382047041143, 35.747503001244034 ], [ -91.386053392043877, 35.748359852368075 ], [ -91.384633312240254, 35.749553830061551 ], [ -91.384935527153601, 35.750417334616756 ], [ -91.385621055775147, 35.751977145030793 ], [ -91.385757695687317, 35.753231683777841 ], [ -91.385678607684966, 35.754534612087788 ], [ -91.384767524290737, 35.755521257703741 ], [ -91.383509466072283, 35.756380828116349 ], [ -91.382513800675369, 35.757591296233763 ], [ -91.381835594655897, 35.758246288030172 ], [ -91.38216878573968, 35.758599955145527 ], [ -91.38231032231873, 35.758605464723146 ], [ -91.382930032682268, 35.758913499509866 ], [ -91.382987037807979, 35.759142848844064 ], [ -91.382403680849336, 35.759404056345097 ], [ -91.381587360442083, 35.759996887637868 ], [ -91.381946585717159, 35.761089742210714 ], [ -91.382450805987176, 35.762131455556755 ], [ -91.380497132037618, 35.763929220592523 ], [ -91.379347542753877, 35.764168364207642 ], [ -91.378957343747658, 35.763585340359406 ], [ -91.377305453390917, 35.763918462886835 ], [ -91.376411379188951, 35.764621795369976 ], [ -91.37542928021162, 35.765605603097626 ], [ -91.375350002425449, 35.766908511644303 ], [ -91.37529324061326, 35.769007250938166 ], [ -91.37397968309061, 35.770773079286137 ], [ -91.37372251719097, 35.771501223129611 ], [ -91.372363901059217, 35.771675370086953 ], [ -91.371611251423076, 35.772384183283755 ], [ -91.369974699796188, 35.773626326995213 ], [ -91.369225460404977, 35.774278476293659 ], [ -91.369052224889955, 35.775563542642828 ], [ -91.367138215704273, 35.777092897491997 ], [ -91.366078141243733, 35.778187149181733 ], [ -91.365705177612426, 35.779648922364466 ], [ -91.367203766748716, 35.783000802981952 ], [ -91.369372449685216, 35.787003399796859 ], [ -91.368899347368867, 35.787779883494856 ], [ -91.367055226122645, 35.787764686624811 ], [ -91.361629683112568, 35.790618977430888 ], [ -91.357794675414326, 35.789503735872628 ], [ -91.356325267752908, 35.789162338396885 ], [ -91.354679649352192, 35.789381846162705 ], [ -91.353363751609763, 35.790011716696036 ], [ -91.352282507625745, 35.791445712623414 ], [ -91.351753752823356, 35.793128466683243 ], [ -91.349014256032476, 35.796144154280505 ], [ -91.346952005241192, 35.797369309487486 ], [ -91.342279012635586, 35.797186018852983 ], [ -91.340923339550102, 35.797303156694049 ], [ -91.340353442889025, 35.797337566473807 ], [ -91.339008190275976, 35.797284745103077 ], [ -91.33751090484337, 35.797396282959184 ], [ -91.337185972992984, 35.798064905225061 ], [ -91.336843650170366, 35.799016754300347 ], [ -91.336536092146844, 35.799402146031277 ], [ -91.335853639304972, 35.800113498902085 ], [ -91.336081217373263, 35.801030956153717 ], [ -91.334863599876627, 35.801210234305458 ], [ -91.334421367782781, 35.80147676308296 ], [ -91.334160239977194, 35.802261448882902 ], [ -91.333310554222933, 35.8022280456209 ], [ -91.332652408399909, 35.802542861175112 ], [ -91.332203199412106, 35.802922672035244 ], [ -91.331399945706664, 35.803288556635906 ], [ -91.331009913658775, 35.802705393354145 ], [ -91.329293121464943, 35.802921761783942 ], [ -91.327579803654842, 35.803081460214543 ], [ -91.326203091709502, 35.803538300339973 ], [ -91.3262251072249, 35.804334119444455 ], [ -91.32462788346669, 35.803760177302713 ], [ -91.322884090884145, 35.803691479048368 ], [ -91.322142890041306, 35.804428737972188 ], [ -91.319406742027752, 35.807417173235919 ], [ -91.319718236999378, 35.808563542817609 ], [ -91.319952625885051, 35.809367735585049 ], [ -91.31940108453864, 35.810254505720351 ], [ -91.317277055619158, 35.814770095246537 ], [ -91.31649552189397, 35.815931689174164 ], [ -91.316368813097469, 35.816835203004175 ], [ -91.31498130209593, 35.817461840707836 ], [ -91.314015200358199, 35.818161878678353 ], [ -91.314130351538296, 35.819160916091228 ], [ -91.313217576459166, 35.819286759244733 ], [ -91.313103332954753, 35.820283599981501 ], [ -91.311942189780396, 35.820692012120112 ], [ -91.310870220400432, 35.821955664810687 ], [ -91.309975710860826, 35.823794137146649 ], [ -91.309027825082026, 35.825346583782441 ], [ -91.30798107259568, 35.827349370182077 ], [ -91.307287600292355, 35.828230473718683 ], [ -91.306286278713188, 35.829496876908038 ], [ -91.304820616644463, 35.830233876477457 ], [ -91.303634754089202, 35.831038707017498 ], [ -91.303787698856425, 35.832010045527532 ], [ -91.303721136874046, 35.833086265270602 ], [ -91.30288589168677, 35.833961736245428 ], [ -91.299385507352511, 35.837741161549538 ], [ -91.298348164554, 35.838438257037467 ], [ -91.298022712644908, 35.839106750648597 ], [ -91.297640446828495, 35.83954586739592 ], [ -91.29667390457611, 35.840245752309272 ], [ -91.296560955632614, 35.840922657621363 ], [ -91.296905305293137, 35.842242269474227 ], [ -91.296484416607825, 35.84330444873649 ], [ -91.296034785886349, 35.843684110713184 ], [ -91.295096258300632, 35.843930841299347 ], [ -91.294313457509347, 35.843956609117022 ], [ -91.293534167596562, 35.843925729438197 ], [ -91.292496686681773, 35.844622770507222 ], [ -91.292015414944132, 35.845512197162975 ], [ -91.290398209941017, 35.848684621680597 ], [ -91.288911480330754, 35.850896914755332 ], [ -91.288327634374014, 35.852293288547386 ], [ -91.287531206780699, 35.853681225058416 ], [ -91.286940280381074, 35.855190872378621 ], [ -91.286105104236498, 35.857201853590688 ], [ -91.285995176453966, 35.858718114000538 ], [ -91.285829059814489, 35.859570351266207 ], [ -91.285610581562054, 35.861265554732199 ], [ -91.284778850320649, 35.862543415317361 ], [ -91.284403908250979, 35.86400483626263 ], [ -91.284266179708609, 35.865078205540712 ], [ -91.283940489733808, 35.865746646818501 ], [ -91.283172002561798, 35.866681411299567 ], [ -91.282864355367778, 35.868202277294685 ], [ -91.28280098579512, 35.869221814246984 ], [ -91.282960782031637, 35.870079869092365 ], [ -91.283453807500507, 35.871291835884747 ], [ -91.284081550781394, 35.87262270729687 ], [ -91.285428594757761, 35.87381177625069 ], [ -91.286371550637028, 35.874644114794762 ], [ -91.287311009679442, 35.875533086105989 ], [ -91.28731856839434, 35.876555430823828 ], [ -91.2869149449795, 35.877334344629823 ], [ -91.286100130659008, 35.87786982377321 ], [ -91.281671934853136, 35.881668682497128 ], [ -91.280903258634979, 35.882603420900018 ], [ -91.279787205707606, 35.883410795834862 ], [ -91.279333730214987, 35.883847023103321 ], [ -91.277920014878418, 35.884869676537988 ], [ -91.276796845285318, 35.885790302126054 ], [ -91.275900405920453, 35.88649281051547 ], [ -91.27501100441458, 35.887082031947884 ], [ -91.274313076338771, 35.888019542287005 ], [ -91.274192801209537, 35.888809681079515 ], [ -91.274409316722426, 35.889897112528679 ], [ -91.274990859314073, 35.890828716130251 ], [ -91.275087120019506, 35.89270628180148 ], [ -91.275027153084082, 35.893669155866739 ], [ -91.274343276920121, 35.894380103300186 ], [ -91.273223452209763, 35.89524404892601 ], [ -91.268871310623993, 35.897796314456947 ], [ -91.267964057160171, 35.898668674302293 ], [ -91.267076253469284, 35.899208055027195 ], [ -91.262937569831024, 35.901722300234312 ], [ -91.261846340850838, 35.902172424208729 ], [ -91.261562888800128, 35.903296722113872 ], [ -91.261786340499185, 35.904270887007492 ], [ -91.262222499635484, 35.905253528968551 ], [ -91.263470584649056, 35.906893100513962 ], [ -91.264690250819072, 35.907850168033264 ], [ -91.26535685736954, 35.908558075812913 ], [ -91.266514911902703, 35.90912417002351 ], [ -91.266874330309989, 35.909299861213448 ], [ -91.271175363401724, 35.912139663151549 ], [ -91.274093482124371, 35.913220952682373 ], [ -91.274568668887099, 35.913580516646725 ], [ -91.275837972696308, 35.913744522712797 ], [ -91.27652589912195, 35.914112532141743 ], [ -91.276171709496055, 35.915234037197308 ], [ -91.276707247647806, 35.915766325879126 ], [ -91.277015950665927, 35.916516715504713 ], [ -91.277470011301503, 35.917216099088357 ], [ -91.277980887556581, 35.918144851853917 ], [ -91.278201067349897, 35.919175613578311 ], [ -91.278367969239952, 35.919920364778577 ], [ -91.278697861735296, 35.92033091622578 ], [ -91.279616235388474, 35.920424161275058 ], [ -91.280705063594539, 35.921205507788017 ], [ -91.28022316809728, 35.922094834632098 ], [ -91.28018086825621, 35.92277449721368 ], [ -91.281074602809454, 35.923264200479537 ], [ -91.281808892479631, 35.924031461043661 ], [ -91.281713306106454, 35.924425116350108 ], [ -91.281489976148535, 35.92458658861149 ], [ -91.280837603748111, 35.924787810457772 ], [ -91.280327067257929, 35.924994659128302 ], [ -91.279781273693317, 35.925767889641271 ], [ -91.279316967619891, 35.926374017948511 ], [ -91.278845601709435, 35.927093420791948 ], [ -91.278672021423645, 35.92759753325322 ], [ -91.278608545940273, 35.928617021939985 ], [ -91.27875078785263, 35.929758234689189 ], [ -91.278570147706262, 35.930375622330658 ], [ -91.278240600488829, 35.931100652944075 ], [ -91.278329549332184, 35.931955857260782 ], [ -91.278226881086255, 35.932462783557177 ], [ -91.277695121848978, 35.933009448021529 ], [ -91.277673957660483, 35.933349276119117 ], [ -91.277635156155952, 35.933972294062833 ], [ -91.277660607274967, 35.935846979634888 ], [ -91.27776719248061, 35.936418991965361 ], [ -91.27759005608965, 35.93697973717687 ], [ -91.276873692166731, 35.937064842932173 ], [ -91.276299188437662, 35.937155579550058 ], [ -91.2759695900764, 35.937880600186482 ], [ -91.275923714408364, 35.938616890929445 ], [ -91.275746559266182, 35.939177632473886 ], [ -91.275424005570287, 35.939789375149509 ], [ -91.275456116219772, 35.940415207418475 ], [ -91.275626567158071, 35.941103312965247 ], [ -91.276084291073914, 35.941746051322326 ], [ -91.276350388076153, 35.942040509684198 ], [ -91.276886116677005, 35.942572786837331 ], [ -91.276361334556952, 35.943006166053451 ], [ -91.276116764525, 35.943507451254014 ], [ -91.276003478495852, 35.944184283763846 ], [ -91.275921953457129, 35.94435137851486 ], [ -91.2751843395382, 35.944776298505971 ], [ -91.274652472082977, 35.945322944333888 ], [ -91.27434047480493, 35.945764769094289 ], [ -91.271406970619594, 35.944910061406098 ], [ -91.271080824699922, 35.945578426994786 ], [ -91.270151556399028, 35.945655029629684 ], [ -91.2695025068479, 35.945799548898094 ], [ -91.268463170257377, 35.945360759913555 ], [ -91.267654336211862, 35.944647243853346 ], [ -91.264699725254616, 35.94413219371615 ], [ -91.263986817453699, 35.944160584285633 ], [ -91.263387474732966, 35.944647718012597 ], [ -91.262930000052677, 35.94514049962789 ], [ -91.261493543616353, 35.945367166318796 ], [ -91.260975735104765, 35.945687202785102 ], [ -91.260716892244119, 35.94641500318474 ], [ -91.260411891116988, 35.94674351720068 ], [ -91.259574895177735, 35.947618607867206 ], [ -91.251360059880056, 35.948199352424368 ], [ -91.250437836399243, 35.948162527811078 ], [ -91.248887801214707, 35.947930283362055 ], [ -91.246436780607354, 35.948456908611561 ], [ -91.246117502824092, 35.949011931178141 ], [ -91.245226744941746, 35.949052028709325 ], [ -91.244659103880494, 35.9501649021704 ], [ -91.244350346207199, 35.951685572261752 ], [ -91.244385640308266, 35.953390331514527 ], [ -91.244442255202117, 35.954755271952713 ], [ -91.244456350587242, 35.955664285966201 ], [ -91.245183478045305, 35.956545025949971 ], [ -91.246286677688204, 35.957100122087539 ], [ -91.24753179147757, 35.957660877156378 ], [ -91.248759173053543, 35.958504799424503 ], [ -91.249145823854107, 35.959144799074082 ], [ -91.249305384107629, 35.961138394659201 ], [ -91.249973386327312, 35.962207730621017 ], [ -91.248989525127072, 35.963907887748697 ], [ -91.248439581505181, 35.964737587819585 ], [ -91.246803968662363, 35.965864578137463 ], [ -91.245576389190717, 35.966156189963222 ], [ -91.244582504259, 35.966088723515199 ], [ -91.243774162680992, 35.965402817379307 ], [ -91.242305417246769, 35.965003420065166 ], [ -91.24224157218562, 35.964887311056785 ], [ -91.241308482256031, 35.965020323032135 ], [ -91.240694603147986, 35.96573387717136 ], [ -91.24015522637373, 35.966393631321147 ], [ -91.239055295981558, 35.966917395698246 ], [ -91.238941644297896, 35.967594181092579 ], [ -91.238175129364905, 35.968471947418017 ], [ -91.237706670574369, 35.969134529318296 ], [ -91.237397696294664, 35.970655159942424 ], [ -91.236826219018042, 35.97182461337561 ], [ -91.235807583728558, 35.973316824769064 ], [ -91.233763068560634, 35.976414486250761 ], [ -91.233578388758062, 35.977088418934329 ], [ -91.233383018108427, 35.9779322554392 ], [ -91.232996115610973, 35.978427752823777 ], [ -91.232374923093019, 35.97925452647943 ], [ -91.232062539956772, 35.979696229252681 ], [ -91.230969170322879, 35.981242181373872 ], [ -91.230848295790096, 35.982032221013156 ], [ -91.229932466627986, 35.983017504790197 ], [ -91.229527687287273, 35.983796161387218 ], [ -91.22922918719911, 35.985146851179273 ], [ -91.229920765541152, 35.986594008518075 ], [ -91.230047585843607, 35.986734402111253 ], [ -91.230985078314276, 35.98777221150403 ], [ -91.231062866399171, 35.988797317896264 ], [ -91.22851766695473, 35.99079604833765 ], [ -91.226387514505845, 35.99298170716748 ], [ -91.224882220296678, 35.994283968886656 ], [ -91.224055000501863, 35.994988877428987 ], [ -91.223860955206092, 35.997120178961538 ], [ -91.222644278368136, 35.999304089451975 ], [ -91.221443720234731, 36.001413417643953 ], [ -91.220438568160958, 36.00283672404867 ], [ -91.219007654984779, 36.003927326968068 ], [ -91.217829933969682, 36.004637839922928 ], [ -91.214853835742787, 36.005463714234928 ], [ -91.213307238860679, 36.006216430813488 ], [ -91.211406206087943, 36.007085150715959 ], [ -91.21030190556526, 36.007665266696272 ], [ -91.20904576764606, 36.009041130365908 ], [ -91.20776237287231, 36.009607304516464 ], [ -91.206455266511384, 36.010547823977099 ], [ -91.204662540772119, 36.011299052851122 ], [ -91.202279413148219, 36.012963114760616 ], [ -91.198749402637773, 36.014751211617458 ], [ -91.195869022268695, 36.0163950948969 ], [ -91.194763605386569, 36.018110569030576 ], [ -91.191708640163938, 36.020258302815279 ], [ -91.189510128958304, 36.021248252887567 ], [ -91.187808610775889, 36.022258253454204 ], [ -91.185805013806473, 36.023539901659419 ], [ -91.184330828022325, 36.024331938739806 ], [ -91.182771191442853, 36.025347609372176 ], [ -91.180667582894884, 36.027079345284378 ], [ -91.177615463323264, 36.029170072647261 ], [ -91.175904920643902, 36.030773760222125 ], [ -91.172210056711918, 36.033549971194965 ], [ -91.170845062688826, 36.034857270023267 ], [ -91.170048178236641, 36.036187598615413 ], [ -91.168281013816753, 36.038216657180932 ], [ -91.166926713221812, 36.039354015800185 ], [ -91.164645450501496, 36.040510501545242 ], [ -91.16342948547458, 36.041710216306804 ], [ -91.16266072172877, 36.042742514518572 ], [ -91.161100249595208, 36.044078238913372 ], [ -91.160069668061084, 36.045999244732442 ], [ -91.159253802026072, 36.046877592060959 ], [ -91.158556592162867, 36.047757681822496 ], [ -91.157997805534734, 36.048700172278963 ], [ -91.157304187073663, 36.049523623976839 ], [ -91.15568350922841, 36.050366144766066 ], [ -91.154694532463068, 36.051971846769291 ], [ -91.152777591668638, 36.053484197067746 ], [ -91.147971561954947, 36.056240909818065 ], [ -91.1465710138107, 36.056978725814361 ], [ -91.145297987562472, 36.05794883121068 ], [ -91.143815442259864, 36.058853605014946 ], [ -91.142556886329601, 36.059597164874525 ], [ -91.141130775820059, 36.060731315867599 ], [ -91.14106170247652, 36.061807259171182 ], [ -91.139642801185687, 36.062828133518188 ], [ -91.137815785872576, 36.063548450088852 ], [ -91.136092534366014, 36.063761984191558 ], [ -91.134725577135583, 36.064265812930707 ], [ -91.133307516711298, 36.065137070589806 ], [ -91.132101647420072, 36.06623821316056 ], [ -91.131491380684309, 36.066341331778247 ], [ -91.131150438552012, 36.066398940317207 ], [ -91.1303889627318, 36.067162693094474 ], [ -91.130001539470769, 36.0678682171839 ], [ -91.128887834558995, 36.068350415238612 ], [ -91.128485205998629, 36.069072051940942 ], [ -91.128152578243203, 36.069647427426062 ], [ -91.128004228985191, 36.069904036991566 ], [ -91.127264884813769, 36.070501592453049 ], [ -91.127168366777695, 36.070579599560858 ], [ -91.12556476077242, 36.071280449137006 ], [ -91.124458867320612, 36.071859742355421 ], [ -91.123686322122438, 36.072793332226738 ], [ -91.123037616198602, 36.074015871399702 ], [ -91.122734210925643, 36.074841017401205 ], [ -91.116974975612393, 36.080309029363683 ], [ -91.108146134665574, 36.088698325685158 ], [ -91.107925036865524, 36.089060357138649 ], [ -91.106451265742464, 36.090780633091057 ], [ -91.105792798611702, 36.092183363330165 ], [ -91.10504587790092, 36.093197868002349 ], [ -91.102576883971906, 36.096256890357701 ], [ -91.102100355828512, 36.096601574174628 ], [ -91.101730925239295, 36.097045899509318 ], [ -91.098644390114131, 36.099756866806764 ], [ -91.098058787379898, 36.101095421179316 ], [ -91.097655210663987, 36.102604902479726 ], [ -91.097569778973337, 36.103431966147021 ], [ -91.097142224873735, 36.104186910481559 ], [ -91.093956986482709, 36.108356978734527 ], [ -91.093589625230621, 36.11051852967168 ], [ -91.093297541857225, 36.111519435186523 ], [ -91.092739148391132, 36.1131236708869 ], [ -91.091283214767969, 36.118056263901572 ], [ -91.090244305273544, 36.120475188728093 ], [ -91.089045491530584, 36.122469748775018 ], [ -91.08898665370512, 36.123375741306482 ], [ -91.089983272239678, 36.124495534216869 ], [ -91.090317957015444, 36.125928714671076 ], [ -91.089653548336059, 36.127377524042778 ], [ -91.088925366234605, 36.128710150862254 ], [ -91.088567848817192, 36.130134207241511 ], [ -91.08678242763088, 36.129870930370728 ], [ -91.081452979938405, 36.132887421127016 ], [ -91.079324549063173, 36.133821567875721 ], [ -91.076721481722672, 36.135474168357362 ], [ -91.075850773153576, 36.136800835675018 ], [ -91.074882074972777, 36.137442139004968 ], [ -91.073876466075973, 36.138649668769936 ], [ -91.072533711935307, 36.139559379948516 ], [ -91.072085876632897, 36.140960269907715 ], [ -91.070646608567088, 36.141897362456618 ], [ -91.068793410397419, 36.142243559704077 ], [ -91.065273588797325, 36.144823200187695 ], [ -91.064391481161238, 36.146319643955621 ], [ -91.063569366061586, 36.147988891845429 ], [ -91.062207828808994, 36.14918159457828 ], [ -91.059484625521122, 36.151566950505313 ], [ -91.057899890134692, 36.152278997488082 ], [ -91.056776383988279, 36.153769074041314 ], [ -91.054461082809382, 36.15722663824539 ], [ -91.053533119894425, 36.157508830389851 ], [ -91.052316514605366, 36.157571921120855 ], [ -91.051845258183718, 36.158233681139343 ], [ -91.051182847450846, 36.158546853690446 ], [ -91.049914306386853, 36.159402627158173 ], [ -91.048791708717744, 36.160207670218341 ], [ -91.047803931178905, 36.161131852365557 ], [ -91.047565200381683, 36.162598110675042 ], [ -91.047064185265953, 36.163712822824429 ], [ -91.046110361179217, 36.165206158310077 ], [ -91.045074224960558, 36.166866394185604 ], [ -91.044333738367442, 36.168368576624204 ], [ -91.043270946239303, 36.169346382111925 ], [ -91.041837007840428, 36.169457118854204 ], [ -91.04053048120609, 36.169800238363386 ], [ -91.039461230160597, 36.173048768731007 ], [ -91.03722653928277, 36.17448876947028 ], [ -91.036552768173749, 36.174971720048063 ], [ -91.036493260725891, 36.175877653734233 ], [ -91.035744606679444, 36.17641426013666 ], [ -91.035834821953529, 36.177212871779552 ], [ -91.035243325818527, 36.177528912135735 ], [ -91.03504150474987, 36.17842892204861 ], [ -91.034787133619346, 36.179042866838685 ], [ -91.034607628309089, 36.1796031512878 ], [ -91.034259773225529, 36.180553856984098 ], [ -91.032960894130866, 36.181862401771191 ], [ -91.032717661794834, 36.182306479289387 ], [ -91.032377215925223, 36.183143936878722 ], [ -91.031778625093722, 36.184651949439463 ], [ -91.030655856023969, 36.186535556498733 ], [ -91.029506955263784, 36.188815491491084 ], [ -91.029097623466726, 36.191964248985158 ], [ -91.026560665360265, 36.194731443118812 ], [ -91.025343872671144, 36.196272266584884 ], [ -91.018691791973595, 36.204093239196737 ], [ -91.012749883802584, 36.211399256843706 ], [ -91.012210704224643, 36.212314422579716 ], [ -91.011608466267035, 36.214582674386371 ], [ -91.010791811169355, 36.215059516996391 ], [ -91.00971296358577, 36.216263466744486 ], [ -91.008165811984114, 36.218072348043087 ], [ -91.007094426788981, 36.220241759069637 ], [ -91.005764439240934, 36.222002918223993 ], [ -91.005037611957476, 36.223278328521076 ], [ -91.004138394481004, 36.223921998303751 ], [ -91.00181907788533, 36.226606880804809 ], [ -91.000676226739216, 36.227694523576474 ], [ -91.000623745198794, 36.228487171660852 ], [ -91.001137070141056, 36.22936028560909 ], [ -90.999394605418061, 36.230877006470948 ], [ -90.998375359807227, 36.231174960322932 ], [ -90.997337349505301, 36.231755992841137 ], [ -90.996655309233688, 36.232351934515656 ], [ -90.996415453167828, 36.232739305541422 ], [ -90.995725891488561, 36.233448476296289 ], [ -90.995036316869303, 36.234157642737294 ], [ -90.993990731925237, 36.234851879611462 ], [ -90.993308637319885, 36.235447800957473 ], [ -90.992619021771134, 36.236156952505915 ], [ -90.991228649296744, 36.236666382523197 ], [ -90.990359031190351, 36.237935717361438 ], [ -90.989328381748464, 36.238403443683815 ], [ -90.988717421480317, 36.239002325320861 ], [ -90.988338855051666, 36.239327084841776 ], [ -90.987600507675367, 36.239693515739937 ], [ -90.987551639751743, 36.240429534896499 ], [ -90.987015613564893, 36.240974779162102 ], [ -90.986175956932939, 36.241791145789129 ], [ -90.98636591243438, 36.242531761175158 ], [ -90.98595433636126, 36.244052824051558 ], [ -90.984964694435519, 36.244976433808361 ], [ -90.983975028315527, 36.245900034805381 ], [ -90.98285420623138, 36.246647794204428 ], [ -90.981542008935421, 36.248125570709277 ], [ -90.980619707308591, 36.249108750851747 ], [ -90.979202654850482, 36.250014350489572 ], [ -90.97842272784554, 36.251003500235804 ], [ -90.976724148690465, 36.252919175755508 ], [ -90.975800686744122, 36.254253535044718 ], [ -90.9718084979785, 36.257027186247676 ], [ -90.969168645046494, 36.259130227477804 ], [ -90.967975759941709, 36.260953535594169 ], [ -90.967286585865267, 36.262475313156635 ], [ -90.966044136129511, 36.263143121656483 ], [ -90.965548805012105, 36.26414418547963 ], [ -90.964202516583995, 36.265052600324125 ], [ -90.961464482872458, 36.267548763146593 ], [ -90.960357633242239, 36.269148529810025 ], [ -90.958913487597286, 36.270450181046812 ], [ -90.957686773647708, 36.271704219328917 ], [ -90.957362794484297, 36.273027502640659 ], [ -90.954910430914154, 36.274766367457751 ], [ -90.953848770609426, 36.275686692470842 ], [ -90.951867376857749, 36.276359618854805 ], [ -90.945488360010799, 36.282831423084744 ], [ -90.944280806488266, 36.284056696522811 ], [ -90.939839672990459, 36.28884549010958 ], [ -90.938761510804653, 36.290387983699141 ], [ -90.9325213723735, 36.297745745753772 ], [ -90.92929356436818, 36.301568563848214 ], [ -90.922500459517792, 36.307431564167388 ], [ -90.918961506375041, 36.310418900936796 ], [ -90.918129149080073, 36.311757522113858 ], [ -90.916882007869745, 36.313294167758734 ], [ -90.912450393099235, 36.320713361914272 ], [ -90.910907726061595, 36.32132898495972 ], [ -90.910068480097394, 36.322783131077685 ], [ -90.908590838602848, 36.324423694848107 ], [ -90.907843837478168, 36.325364744215577 ], [ -90.906255671730534, 36.326953661088311 ], [ -90.904779527043814, 36.3284485728798 ], [ -90.903656694828726, 36.329195549240872 ], [ -90.902740042599149, 36.330064854574118 ], [ -90.901950630803228, 36.331166675207861 ], [ -90.901342054816098, 36.33170846299398 ], [ -90.900658353605763, 36.332303817657341 ], [ -90.899895694463268, 36.333009348493995 ], [ -90.898496588178531, 36.333880801114958 ], [ -90.897849163160345, 36.335030561439346 ], [ -90.897006021928107, 36.335705233457283 ], [ -90.895935769247231, 36.336587448753676 ], [ -90.895267313817214, 36.3369563292595 ], [ -90.894512224750457, 36.337548603025802 ], [ -90.891452788395696, 36.340318909292854 ], [ -90.890833151826854, 36.341195310791683 ], [ -90.889559723861879, 36.342049275979441 ], [ -90.888582971269884, 36.342745588678589 ], [ -90.887962689073262, 36.34345713416181 ], [ -90.887353913530902, 36.34399884656667 ], [ -90.885729911197757, 36.345802941760809 ], [ -90.885410143016358, 36.346300231130719 ], [ -90.885086529332895, 36.346854129166708 ], [ -90.884683926364019, 36.347518195389675 ], [ -90.883589646188014, 36.348890730031421 ], [ -90.881537622876962, 36.350676457797739 ], [ -90.881015425967391, 36.350994749734696 ], [ -90.880080776913147, 36.35106828588097 ], [ -90.879401538008679, 36.351681486877531 ], [ -90.879295735588485, 36.351880947336845 ], [ -90.876818452908779, 36.353824046725812 ], [ -90.875928132158776, 36.354296869085104 ], [ -90.87456760773135, 36.35537404869784 ], [ -90.873482976486216, 36.356605969651412 ], [ -90.873312263350087, 36.357440323895858 ], [ -90.872073909791609, 36.35838972261508 ], [ -90.870424155104828, 36.359511230648437 ], [ -90.869414224330455, 36.359638233317064 ], [ -90.86871845530456, 36.36040322098728 ], [ -90.868259740956944, 36.360837732138386 ], [ -90.86779331132594, 36.361385458617242 ], [ -90.866571316511823, 36.362525271177191 ], [ -90.865879348567063, 36.363233632462723 ], [ -90.865345427809601, 36.363721678884573 ], [ -90.864375886564517, 36.364304567640694 ], [ -90.864044325208226, 36.364971619200645 ], [ -90.863641440306864, 36.365635607028914 ], [ -90.862885815886699, 36.366227670476775 ], [ -90.862858803192907, 36.366623928307504 ], [ -90.86227281708463, 36.366825855750093 ], [ -90.861318652887377, 36.367182285766155 ], [ -90.860994772721043, 36.367736111346375 ], [ -90.858643030467249, 36.368656982794505 ], [ -90.856501330234053, 36.36964361603583 ], [ -90.855250222693698, 36.370157553285715 ], [ -90.855165194205341, 36.371402926186185 ], [ -90.854769927442305, 36.371953665849396 ], [ -90.853364523147135, 36.372631270252846 ], [ -90.852659018576233, 36.372487366105361 ], [ -90.851783796556433, 36.372733572509425 ], [ -90.851058953356073, 36.372872697339375 ], [ -90.850885359094235, 36.373319418292773 ], [ -90.850133426468489, 36.373854790787597 ], [ -90.848531112263288, 36.375318702005423 ], [ -90.843577943999037, 36.377660141825757 ], [ -90.842715840652957, 36.378758463859647 ], [ -90.842284586895389, 36.379529483450426 ], [ -90.84136215224791, 36.379722035191065 ], [ -90.840918667353577, 36.379930007963253 ], [ -90.840253435429219, 36.380241963993178 ], [ -90.837595326151131, 36.382025519344275 ], [ -90.836972877426987, 36.383223015957377 ], [ -90.836640990523975, 36.383889983693344 ], [ -90.836114494248818, 36.384264679857644 ], [ -90.83580975669193, 36.384535397618201 ], [ -90.835556949604538, 36.385092227422163 ], [ -90.83477762358747, 36.386023746375535 ], [ -90.834430179568869, 36.386917133342429 ], [ -90.833627528739171, 36.38818828321358 ], [ -90.833363046541933, 36.388914926686532 ], [ -90.833031102660058, 36.389581882049747 ], [ -90.833007807300234, 36.389921520871823 ], [ -90.832236166290173, 36.390739807620193 ], [ -90.831904204407039, 36.391406759102907 ], [ -90.831666880200004, 36.391737152870888 ], [ -90.831462056794066, 36.392636691056708 ], [ -90.830134113235573, 36.395304478084903 ], [ -90.829453158896655, 36.395842795794664 ], [ -90.829215809986067, 36.396173183795788 ], [ -90.82868141871117, 36.396661056628503 ], [ -90.828567324279774, 36.397280640093548 ], [ -90.828318307480899, 36.397780844159456 ], [ -90.828228916372183, 36.399082782419654 ], [ -90.826392152775213, 36.400820153049295 ], [ -90.82586548734524, 36.401194800211321 ], [ -90.825533423074276, 36.401861729709658 ], [ -90.82520524201253, 36.402472052244242 ], [ -90.824258231151347, 36.402714967453171 ], [ -90.823494145084467, 36.403419979974281 ], [ -90.822373282715574, 36.404109552549741 ], [ -90.820752929024408, 36.404777499223961 ], [ -90.819921328892747, 36.405422794491614 ], [ -90.818935324397799, 36.406231721940301 ], [ -90.818198414924836, 36.406540461222875 ], [ -90.817667773844946, 36.406971676404687 ], [ -90.816039524486968, 36.407752768825191 ], [ -90.815385634359501, 36.407894765473962 ], [ -90.813994797436123, 36.408345471625026 ], [ -90.813456323149069, 36.408889878036355 ], [ -90.812272255335472, 36.40890730531931 ], [ -90.809726878503, 36.411125503117233 ], [ -90.805997771775267, 36.414422776779467 ], [ -90.804631846149476, 36.415903026135851 ], [ -90.803077958742364, 36.416160968672756 ], [ -90.802364329001293, 36.416129981256113 ], [ -90.801214707035214, 36.416193601573013 ], [ -90.800153088599117, 36.417055873863973 ], [ -90.79862416057162, 36.418465573699613 ], [ -90.797546837614036, 36.419554238946262 ], [ -90.796338484690153, 36.420466876180754 ], [ -90.795633588235731, 36.421344618300651 ], [ -90.795229799493512, 36.422008352510069 ], [ -90.794988305393446, 36.422395271434844 ], [ -90.794615810275133, 36.422606170532859 ], [ -90.794258966560179, 36.422590652215803 ], [ -90.793731989320008, 36.42296515305415 ], [ -90.793193264244039, 36.423509463481679 ], [ -90.792714157646287, 36.424226687878402 ], [ -90.792694584544833, 36.424509707622185 ], [ -90.792302497854095, 36.425003618910125 ], [ -90.791779409389108, 36.425321506705487 ], [ -90.791474346624597, 36.425592104756248 ], [ -90.790792842580728, 36.426130192588452 ], [ -90.790464274550573, 36.426740410792135 ], [ -90.790000788690193, 36.42723120783095 ], [ -90.789953786672882, 36.427910452815425 ], [ -90.789771869443584, 36.428470277295943 ], [ -90.789244828796782, 36.428844757053959 ], [ -90.789146031678797, 36.429237875987013 ], [ -90.788844861391766, 36.429451863039645 ], [ -90.788464478044233, 36.429775949377465 ], [ -90.787941340266954, 36.430093819488981 ], [ -90.787406441337552, 36.430581497948204 ], [ -90.78701428840435, 36.431075390098592 ], [ -90.787200984106832, 36.431480938823249 ], [ -90.786658231429001, 36.432081820536283 ], [ -90.786480199374708, 36.432585035128767 ], [ -90.784601647309444, 36.433865793371432 ], [ -90.783618813604349, 36.434617812638493 ], [ -90.782988939622868, 36.435441979560238 ], [ -90.781867230442288, 36.436131159523917 ], [ -90.778577288607494, 36.438145144779917 ], [ -90.777935550587344, 36.439139092307279 ], [ -90.777222410999855, 36.44012992193592 ], [ -90.775879246559896, 36.441944873016652 ], [ -90.775308827810022, 36.442941918841775 ], [ -90.774758039555763, 36.443655947894932 ], [ -90.774127993109275, 36.444480063714394 ], [ -90.773674749028729, 36.448945434483647 ], [ -90.773687189114668, 36.449797587428776 ], [ -90.773616444049964, 36.450816431194632 ], [ -90.772712536982198, 36.45145826448146 ], [ -90.772661432871004, 36.452194095003968 ], [ -90.772899845088034, 36.452885788945785 ], [ -90.773261402386453, 36.453866726131061 ], [ -90.773372751958647, 36.454325776824845 ], [ -90.773313790783831, 36.455174810866843 ], [ -90.773056353815193, 36.455788086719068 ], [ -90.772660044266914, 36.456338526540364 ], [ -90.772545398765359, 36.456958033919612 ], [ -90.771863475799648, 36.457496003832368 ], [ -90.771463216222386, 36.458103041238495 ], [ -90.770908347888039, 36.458873648121312 ], [ -90.770726214365325, 36.459433433158011 ], [ -90.770682951495701, 36.46005605529303 ], [ -90.770913504662303, 36.460860953854983 ], [ -90.771675355330785, 36.461234856904746 ], [ -90.771949176609155, 36.461417131153631 ], [ -90.772029072511145, 36.462328996784372 ], [ -90.771938006076908, 36.462608889629898 ], [ -90.772342849054567, 36.462967202573019 ], [ -90.771934699739859, 36.463687443420227 ], [ -90.771359513294499, 36.463719108047499 ], [ -90.770344085544153, 36.463901868693348 ], [ -90.770507172606159, 36.464647046389359 ], [ -90.770499305809338, 36.464760250064991 ], [ -90.77013046634498, 36.46491446578495 ], [ -90.770531379709297, 36.465329386152284 ], [ -90.770313221440688, 36.465376634305272 ], [ -90.769686283380452, 36.465122163853565 ], [ -90.769531664924742, 36.465285732483089 ], [ -90.769515928242257, 36.465512139607867 ], [ -90.769722285327546, 36.465634698256629 ], [ -90.770047857562673, 36.466103103501034 ], [ -90.77011533275622, 36.466162823362019 ], [ -90.77039370674278, 36.467310448473789 ], [ -90.770501125151512, 36.467826099849098 ], [ -90.770561342495014, 36.469020971419276 ], [ -90.770672698015275, 36.469480020433778 ], [ -90.770720792465596, 36.469568058505871 ], [ -90.770990426168396, 36.470061625361176 ], [ -90.771173199030301, 36.470523791143926 ], [ -90.770915692172366, 36.471137056738939 ], [ -90.770669982045632, 36.47158051673766 ], [ -90.770852756625786, 36.472042682587634 ], [ -90.771562970115909, 36.472130458256181 ], [ -90.771682202186255, 36.472476302267872 ], [ -90.771642872707758, 36.473042318282417 ], [ -90.771984219887059, 36.473284309868554 ], [ -90.771707045324291, 36.474180583991952 ], [ -90.770838244667601, 36.474312980245728 ], [ -90.769044957278993, 36.474348229331326 ], [ -90.768144664554626, 36.474933417649396 ], [ -90.767577829764448, 36.475873805480944 ], [ -90.767709426419501, 36.477071792264951 ], [ -90.768011992705652, 36.478901750188925 ], [ -90.767135257733841, 36.479147321776018 ], [ -90.765719189808763, 36.479937055230572 ], [ -90.76578721656999, 36.481018718293321 ], [ -90.766339463319696, 36.482348628027673 ], [ -90.767351776680471, 36.483244444351342 ], [ -90.768006984262428, 36.484124655732728 ], [ -90.768562648622279, 36.484376013137222 ], [ -90.768761767366996, 36.485633712693179 ], [ -90.767968765565811, 36.486734542762875 ], [ -90.766361902585871, 36.487175316243707 ], [ -90.763552545819948, 36.487393198669174 ], [ -90.761469286886367, 36.48747244692693 ], [ -90.76098552945696, 36.488246117489446 ], [ -90.759581054577808, 36.48886597206792 ], [ -90.756772035454986, 36.490105631199476 ], [ -90.751474756899171, 36.491724913661287 ], [ -90.751334058847391, 36.491881905643893 ], [ -90.750431352700531, 36.494327934495026 ], [ -90.749601682192591, 36.495389053768484 ], [ -90.749074992833386, 36.496614353684535 ], [ -90.747616876872783, 36.497149479147232 ], [ -90.745739738170414, 36.498666023498053 ], [ -90.745483320552282, 36.498873176425292 ], [ -90.744011018518322, 36.499868079341383 ], [ -90.741488244188503, 36.500676956764742 ], [ -90.737249966251696, 36.503897295994534 ], [ -90.736107011923025, 36.504869016287508 ], [ -90.735345025978404, 36.505516823457036 ], [ -90.73430517061017, 36.5060388700742 ], [ -90.733531267157744, 36.506856462960783 ], [ -90.732558863100522, 36.507438232970543 ], [ -90.732007197596047, 36.508152037972444 ], [ -90.731380108602494, 36.508919298164322 ], [ -90.72648201031744, 36.513359287608075 ], [ -90.725557101674866, 36.514283734948073 ], [ -90.725179987384095, 36.514551005198669 ], [ -90.724711564900176, 36.515098122434786 ], [ -90.723572250025711, 36.516013118288086 ], [ -90.722512307067063, 36.516818052177562 ], [ -90.721444395336917, 36.517736173204455 ], [ -90.720336718166024, 36.519220267861456 ], [ -90.719409156055193, 36.521341062187041 ], [ -90.717736849877781, 36.523082346495954 ], [ -90.715993130257374, 36.524824988673643 ], [ -90.714318411893132, 36.52645325535601 ], [ -90.712364696949678, 36.528369858955614 ], [ -90.709994713313748, 36.530806734384896 ], [ -90.707626761042164, 36.533418016019631 ], [ -90.705188827684765, 36.536028375429005 ], [ -90.702822728756786, 36.538753645202512 ], [ -90.700031757782568, 36.539841378789291 ], [ -90.697215862869726, 36.541136202745236 ], [ -90.695309118430018, 36.542755059088222 ], [ -90.689511629678151, 36.546279836856627 ], [ -90.686529568512398, 36.549292681244069 ], [ -90.684304422032696, 36.551351453377507 ], [ -90.682790615637259, 36.55247658121889 ], [ -90.680911311710702, 36.553699026452527 ], [ -90.678737974671677, 36.555021944056278 ], [ -90.675170149902243, 36.556793875529316 ], [ -90.673056079962024, 36.558289649048625 ], [ -90.670802951884895, 36.55972243467496 ], [ -90.667965731987223, 36.561299534121098 ], [ -90.662120663662023, 36.563821436708743 ], [ -90.660554883181561, 36.56466011923137 ], [ -90.659799685119083, 36.565194234143547 ], [ -90.658750435360034, 36.565828797221236 ], [ -90.658058665556297, 36.566479274525527 ], [ -90.657172503525032, 36.566837218900389 ], [ -90.656361857850783, 36.567141747662205 ], [ -90.655280348071344, 36.568229036694802 ], [ -90.654521050620161, 36.56881971187476 ], [ -90.653674131985468, 36.569633572800967 ], [ -90.651134280510263, 36.571053230723109 ], [ -90.649409097869565, 36.572111764121004 ], [ -90.648112899585854, 36.573189416037863 ], [ -90.646638435746098, 36.573748132275284 ], [ -90.644957497903022, 36.574184065107588 ], [ -90.64348702585562, 36.574686148305503 ], [ -90.641622673135998, 36.575681587048301 ], [ -90.640103701331739, 36.576862754629417 ], [ -90.638374191453124, 36.57797771972443 ], [ -90.635129552733829, 36.580217168002292 ], [ -90.63378979419565, 36.580895307639764 ], [ -90.632186949920964, 36.582242952727924 ], [ -90.631200654538006, 36.582993655490839 ], [ -90.630492308647007, 36.583870340663843 ], [ -90.629855461958542, 36.58475022262288 ], [ -90.629071521158679, 36.585680290302641 ], [ -90.628473786615302, 36.587016110692197 ], [ -90.627571052270937, 36.587600204622873 ], [ -90.626214900228078, 36.58850462891111 ], [ -90.625550983436327, 36.588758759928581 ], [ -90.623113882900313, 36.589728270485914 ], [ -90.619447257383598, 36.591834861587408 ], [ -90.617300125246445, 36.592760489808363 ], [ -90.61594375660809, 36.593664795472854 ], [ -90.609459719350966, 36.598029165247937 ], [ -90.607653676811694, 36.599197052995372 ], [ -90.606527919655576, 36.599884524716821 ], [ -90.605373688299949, 36.600968128615143 ], [ -90.604156024189933, 36.601935320573055 ], [ -90.602954595747235, 36.602676132824477 ], [ -90.60106867144205, 36.603953884467522 ], [ -90.596405635656893, 36.606923375246048 ], [ -90.595330832238659, 36.607896916942238 ], [ -90.594617760129395, 36.608829969408085 ], [ -90.592122556285076, 36.61059111677379 ], [ -90.591068025790676, 36.611281662983714 ], [ -90.589794779062828, 36.612019115276389 ], [ -90.588298728964574, 36.61286005753476 ], [ -90.586496081144105, 36.613971026569203 ], [ -90.585500752259037, 36.61483452205696 ], [ -90.584564699876069, 36.61587100921728 ], [ -90.58333427982717, 36.617007753928938 ], [ -90.582477881846259, 36.617934271445506 ], [ -90.582046656167719, 36.618936752360391 ], [ -90.581257683384123, 36.619923080413066 ], [ -90.580822345635823, 36.620982146221465 ], [ -90.581400935439106, 36.621916665354533 ], [ -90.580842910590249, 36.62268631794322 ], [ -90.574329823434141, 36.625401142916068 ], [ -90.571191714082204, 36.626110874104903 ], [ -90.56673089544897, 36.626249683742721 ], [ -90.565561479216626, 36.626537394110962 ], [ -90.563866598699576, 36.62714194770075 ], [ -90.561893674061338, 36.627620331346385 ], [ -90.560055631432874, 36.628218347183299 ], [ -90.557632816296774, 36.628960149691196 ], [ -90.554332539729202, 36.630911159382535 ], [ -90.550992747517171, 36.63439322676885 ], [ -90.549661195360258, 36.635922488915291 ], [ -90.546308629830435, 36.639574182709644 ], [ -90.544492382114782, 36.64085427070021 ], [ -90.542187450452872, 36.641941791734283 ], [ -90.540980656144868, 36.642738555903833 ], [ -90.539096790020523, 36.643958717604093 ], [ -90.537986207084842, 36.644419176777298 ], [ -90.536636189917189, 36.645209384195745 ], [ -90.532083480737128, 36.646591844180591 ], [ -90.529167049885132, 36.647197071975086 ], [ -90.52627946053309, 36.647406114992236 ], [ -90.524966418020313, 36.647686900930957 ], [ -90.520361091561924, 36.647817459985077 ], [ -90.516682037920447, 36.648046926068503 ], [ -90.514232080358212, 36.648162116042499 ], [ -90.512821345084205, 36.647813769083818 ], [ -90.511882650949289, 36.647884417387147 ], [ -90.510131842561449, 36.648258585642736 ], [ -90.509290745178006, 36.648958216866546 ], [ -90.504657446467036, 36.650449536069395 ], [ -90.503205268341517, 36.650666945253079 ], [ -90.502368224632136, 36.65130994033251 ], [ -90.501379726488494, 36.652059547312263 ], [ -90.500356954224557, 36.652296587708939 ], [ -90.496843586928605, 36.65417957127142 ], [ -90.496082176346079, 36.654769215325032 ], [ -90.495392330939708, 36.655362135710462 ], [ -90.494242946144738, 36.655366215425289 ], [ -90.493295835821456, 36.655549890958859 ], [ -90.492164035605967, 36.656292855185512 ], [ -90.491259410076651, 36.656875901438646 ], [ -90.490679430965784, 36.657928050954617 ], [ -90.487472665949639, 36.659540960487305 ], [ -90.485915417587123, 36.660207561369788 ], [ -90.484644469248067, 36.660887293031436 ], [ -90.483634003350772, 36.66095443248394 ], [ -90.482906559743952, 36.66205655120956 ], [ -90.481673005015978, 36.662226979176673 ], [ -90.480962167974212, 36.66310274270397 ], [ -90.479914204729567, 36.663679121527963 ], [ -90.479005231745631, 36.664318658784993 ], [ -90.477999672348616, 36.665294410212383 ], [ -90.476800152752901, 36.665977348698064 ], [ -90.475499860820648, 36.667053079246813 ], [ -90.474834740779798, 36.667306365742185 ], [ -90.474565807577463, 36.668032093627417 ], [ -90.475034348078736, 36.669473073578828 ], [ -90.472967315181705, 36.67022961856982 ], [ -90.472808187638321, 36.671414611579756 ], [ -90.471621031419232, 36.671927740856034 ], [ -90.471550150232801, 36.672889686452358 ], [ -90.472557342351436, 36.673844474620026 ], [ -90.473727850794702, 36.673557676942934 ], [ -90.474578638950263, 36.673710374360901 ], [ -90.475442691263098, 36.674658550484857 ], [ -90.474845684446365, 36.675936953685557 ], [ -90.473233793942825, 36.677338989458327 ], [ -90.472337827299327, 36.678773954780233 ], [ -90.471062271640861, 36.679510120848946 ], [ -90.469024125426756, 36.679870500458435 ], [ -90.467954308733553, 36.679764456279571 ], [ -90.466118416969167, 36.680304433280924 ], [ -90.465356500347042, 36.680893874322734 ], [ -90.464712722150892, 36.681829416579284 ], [ -90.464009853333806, 36.682591901596666 ], [ -90.463016384128039, 36.683397764743141 ], [ -90.463185250821724, 36.684030094589758 ], [ -90.462120149975689, 36.684832649239226 ], [ -90.461527013316044, 36.686054394996432 ], [ -90.460508399880126, 36.687199741356871 ], [ -90.459637148747476, 36.688295099448254 ], [ -90.459216418807017, 36.689127347788727 ], [ -90.459137002799139, 36.690202445267261 ], [ -90.458747095410217, 36.691241044951802 ], [ -90.458030500949292, 36.692536032212708 ], [ -90.457638997525748, 36.692972185614522 ], [ -90.457732047437744, 36.693657800013781 ], [ -90.456835068097249, 36.694127407619334 ], [ -90.456780704127723, 36.694862997656998 ], [ -90.456452430492618, 36.695415618523413 ], [ -90.456073450305638, 36.695682014763214 ], [ -90.455812599552161, 36.696294522053044 ], [ -90.455905636904973, 36.696980136647298 ], [ -90.455826165186934, 36.698055227416965 ], [ -90.454958903281209, 36.699093961572402 ], [ -90.454959400950727, 36.700059188619782 ], [ -90.454905014310256, 36.700794775477888 ], [ -90.453696348380149, 36.701590637526436 ], [ -90.453578697612983, 36.702209750088308 ], [ -90.454008902951955, 36.703194811581305 ], [ -90.452994127548237, 36.704283500332274 ], [ -90.452775546040428, 36.705295388472031 ], [ -90.453292205426692, 36.706171207203596 ], [ -90.452751371667958, 36.707565335623833 ], [ -90.452536963180322, 36.708520638278337 ], [ -90.452562545043037, 36.709146360966855 ], [ -90.449972731426115, 36.712092704712099 ], [ -90.449513637920816, 36.712468935764832 ], [ -90.448987519644461, 36.71375049317458 ], [ -90.446535704045687, 36.714829518757043 ], [ -90.445828150336368, 36.715648466912029 ], [ -90.445069907578514, 36.71618118546607 ], [ -90.444172579901448, 36.716650693005953 ], [ -90.443991578623056, 36.717153314058798 ], [ -90.442588599467626, 36.717656208462088 ], [ -90.441392115865568, 36.71828219183854 ], [ -90.440313709098746, 36.719254286388228 ], [ -90.436378475000765, 36.72094580249815 ], [ -90.434747861578231, 36.721608402187108 ], [ -90.433622887777247, 36.722237624286187 ], [ -90.431722675381565, 36.723625796577011 ], [ -90.430686098744033, 36.72403198128967 ], [ -90.429493618366607, 36.724601262196821 ], [ -90.427197209047776, 36.726481995957123 ], [ -90.423838851658815, 36.730073510737242 ], [ -90.422751629015977, 36.731158605026465 ], [ -90.421550554222449, 36.731840968165798 ], [ -90.420151361756126, 36.732287015541601 ], [ -90.419224161173375, 36.732187192702924 ], [ -90.417677440144018, 36.732683139460896 ], [ -90.415347133022848, 36.734376307217737 ], [ -90.413694609539064, 36.734996295739883 ], [ -90.41202552948404, 36.736167812507247 ], [ -90.407422455646937, 36.741006912456811 ], [ -90.406048213544722, 36.742078515072443 ], [ -90.405352631129261, 36.742727471495137 ], [ -90.40519650567748, 36.743855748478325 ], [ -90.40559675173516, 36.745237025112928 ], [ -90.405057126326355, 36.745722906334514 ], [ -90.404496373069165, 36.746491687378253 ], [ -90.40380073631961, 36.747140633339619 ], [ -90.403509704999706, 36.748149073292112 ], [ -90.403134495890683, 36.74835871490037 ], [ -90.401991951113388, 36.749213953791944 ], [ -90.400971768167068, 36.749393555896447 ], [ -90.400634390395552, 36.750059168920671 ], [ -90.400152445948336, 36.750678408188719 ], [ -90.394576052448883, 36.752218283850596 ], [ -90.392995189028284, 36.752201347484785 ], [ -90.391949540045928, 36.752720352159557 ], [ -90.391358958764926, 36.753885127906692 ], [ -90.390906005239131, 36.756330097024978 ], [ -90.390761641338102, 36.756727745124095 ], [ -90.388916306153561, 36.758654009519738 ], [ -90.386257211590902, 36.763314510215224 ], [ -90.383930131931066, 36.76530895847096 ], [ -90.381321885721334, 36.769522682755905 ], [ -90.381001004049949, 36.775329658995879 ], [ -90.380227585744365, 36.776619136760189 ], [ -90.379510993055007, 36.778383323220453 ], [ -90.379242883549338, 36.780428878116922 ], [ -90.3800452729716, 36.781957861788513 ], [ -90.380255790194113, 36.783736075977487 ], [ -90.380787331523237, 36.78429154123279 ], [ -90.380358863639458, 36.785239357870495 ], [ -90.38125135586769, 36.785817381402119 ], [ -90.381421625220199, 36.786160933167992 ], [ -90.382034705634453, 36.786541643954088 ], [ -90.38329024720305, 36.789134730322921 ], [ -90.38508013514236, 36.792121338327711 ], [ -90.385521350791677, 36.794549101957116 ], [ -90.385938761873533, 36.795099032827657 ], [ -90.386252329156491, 36.795274682539947 ], [ -90.386171725575537, 36.798419078387049 ], [ -90.386435475341941, 36.798630613158238 ], [ -90.386821339198661, 36.801681560039341 ], [ -90.385374525518429, 36.805564126219181 ], [ -90.38395899390963, 36.806324018163778 ], [ -90.382824573888016, 36.80679187218486 ], [ -90.381612292323723, 36.806805696407821 ], [ -90.380185762187182, 36.806819558744778 ], [ -90.37904249973603, 36.806715840806632 ], [ -90.377326665759114, 36.80644566746966 ], [ -90.375679664018662, 36.80600433706919 ], [ -90.374171302950884, 36.805330260402442 ], [ -90.372804769736092, 36.804540992094218 ], [ -90.371832315375343, 36.803920453029633 ], [ -90.369973571227661, 36.803092097779043 ], [ -90.369702645404772, 36.802526090609497 ], [ -90.3670997109365, 36.797087671378875 ], [ -90.367170525335695, 36.796616588871345 ], [ -90.367181714952665, 36.795997333657937 ], [ -90.366854743486741, 36.794760267259839 ], [ -90.366625949505789, 36.794239681926754 ], [ -90.364609522903777, 36.793609259757787 ], [ -90.362834508375272, 36.790830112574007 ], [ -90.361913936299686, 36.789816253135648 ], [ -90.362463908811776, 36.788602374379259 ], [ -90.363625758953589, 36.787370295425575 ], [ -90.363567575675873, 36.78693385323912 ], [ -90.363369503208162, 36.786725737421939 ], [ -90.362354611101139, 36.785715498758172 ], [ -90.361161728108613, 36.785213365523276 ], [ -90.360099134824623, 36.785189795330965 ], [ -90.358458319246623, 36.78546253741618 ], [ -90.356899176098608, 36.786375051184351 ], [ -90.352652592272563, 36.78829962932371 ], [ -90.349420703953896, 36.789764173364922 ], [ -90.348916913747445, 36.789932483576244 ], [ -90.347185946761343, 36.790510756774502 ], [ -90.346833320982327, 36.791177099668069 ], [ -90.345438796934715, 36.79239151305368 ], [ -90.345073985885548, 36.792667516073614 ], [ -90.344813473866751, 36.793080684119587 ], [ -90.344448209800021, 36.7933166406875 ], [ -90.343964122201456, 36.793699637545423 ], [ -90.343696785696977, 36.794016223098794 ], [ -90.343363887555839, 36.794351327368659 ], [ -90.343068504876754, 36.79458848974236 ], [ -90.342798163997415, 36.794829126222368 ], [ -90.342679515097885, 36.795070181095276 ], [ -90.339188700514725, 36.796704311930831 ], [ -90.337128415016622, 36.797668697567744 ], [ -90.336546418967515, 36.797783282718775 ], [ -90.336284237013174, 36.797888934252263 ], [ -90.336123588942698, 36.798123809525116 ], [ -90.335057814644045, 36.799271994035855 ], [ -90.334546505317931, 36.799636180413792 ], [ -90.334422481572361, 36.79999223051064 ], [ -90.333817935316688, 36.800503724018817 ], [ -90.333438614845434, 36.800939282104835 ], [ -90.33335019893363, 36.801027401568149 ], [ -90.33322664323363, 36.801202527281461 ], [ -90.33331579435783, 36.801451660349883 ], [ -90.333222464675544, 36.802311459670982 ], [ -90.331906352025456, 36.803034206699053 ], [ -90.331594184033762, 36.803258403998839 ], [ -90.331486166649611, 36.803504809405638 ], [ -90.3314753949943, 36.803768430808745 ], [ -90.330776638894108, 36.804323977162838 ], [ -90.330497213763749, 36.804538626518863 ], [ -90.330158030506325, 36.804921288220676 ], [ -90.329908779243169, 36.805184052415093 ], [ -90.329709517196605, 36.805431457432903 ], [ -90.324220171065193, 36.809125340348601 ], [ -90.323633682448232, 36.809214003209561 ], [ -90.323060027914948, 36.809300722897383 ], [ -90.322321342954609, 36.809663454707689 ], [ -90.32175686299388, 36.809849702548725 ], [ -90.321144593799531, 36.810214152337032 ], [ -90.320087516351251, 36.810690043314445 ], [ -90.319451476960865, 36.810921761872763 ], [ -90.318773354306813, 36.811383327392839 ], [ -90.317591002532666, 36.811850676362447 ], [ -90.317110417923217, 36.812138274244063 ], [ -90.316044393014849, 36.812583757648916 ], [ -90.315226782787477, 36.812778384242371 ], [ -90.314663876621083, 36.813015610191172 ], [ -90.314428272663008, 36.813394025172762 ], [ -90.314527108614982, 36.813666271328259 ], [ -90.312888274463631, 36.81487678877923 ], [ -90.312413055851181, 36.815093233840514 ], [ -90.31192281950031, 36.815396745722197 ], [ -90.311528943291975, 36.815713027825396 ], [ -90.311353125864741, 36.815992384611299 ], [ -90.310764069721088, 36.816248413783192 ], [ -90.309204624398561, 36.816949243576751 ], [ -90.307573560184252, 36.817651131803409 ], [ -90.305587440569809, 36.818530691470109 ], [ -90.304028706864287, 36.819290737057699 ], [ -90.303550740970195, 36.819536262038319 ], [ -90.301510498117523, 36.821207090481721 ], [ -90.300742713201686, 36.821615014958113 ], [ -90.300447163245153, 36.822001168972371 ], [ -90.299976483717757, 36.822159823363364 ], [ -90.299490236040214, 36.822618536849042 ], [ -90.299001017634836, 36.82310882659992 ], [ -90.298694804330268, 36.823537720450389 ], [ -90.298493918292507, 36.8239426679866 ], [ -90.298190172680634, 36.824139043757064 ], [ -90.297853624612742, 36.824592518457713 ], [ -90.297689057116315, 36.825017651388116 ], [ -90.290627087578983, 36.830053836767853 ], [ -90.290267189684542, 36.830385052325646 ], [ -90.290063596480266, 36.830596983742012 ], [ -90.289803863093965, 36.830847247286968 ], [ -90.289691724123927, 36.83120700283812 ], [ -90.288488791584413, 36.832518782546394 ], [ -90.286774466439667, 36.835439577674975 ], [ -90.286679961082356, 36.836058291708532 ], [ -90.286782321140308, 36.83682510874393 ], [ -90.28659743403739, 36.837236364158798 ], [ -90.286497338646512, 36.837567178473073 ], [ -90.286178689356632, 36.83788130098354 ], [ -90.285860013167991, 36.8383131521176 ], [ -90.285746192100603, 36.838829562829169 ], [ -90.285746746047991, 36.839271399257591 ], [ -90.283331643411429, 36.842963600555535 ], [ -90.282964064426849, 36.843269427946531 ], [ -90.280102778055706, 36.846177759145483 ], [ -90.279700457471236, 36.846553625363356 ], [ -90.27970905963862, 36.846825190078221 ], [ -90.279959255214251, 36.847140748340458 ], [ -90.279771169338417, 36.847513850331318 ], [ -90.27956817219561, 36.848023367585327 ], [ -90.279592271054184, 36.848250520041717 ], [ -90.274600345617969, 36.85510775852849 ], [ -90.274227808106147, 36.855477117133624 ], [ -90.27407784803917, 36.855937152446351 ], [ -90.273966827662306, 36.856134333598334 ], [ -90.273838372932119, 36.856694081780567 ], [ -90.273641787316379, 36.857136525565636 ], [ -90.273382824710581, 36.857251746388648 ], [ -90.272790478285813, 36.857763364302961 ], [ -90.271793012947853, 36.858800094138346 ], [ -90.2713909783796, 36.859100495541874 ], [ -90.271244791776525, 36.859373310260331 ], [ -90.26926590339562, 36.860386226731315 ], [ -90.267469534527621, 36.86130566624032 ], [ -90.267081313379663, 36.861659414742057 ], [ -90.266666061213058, 36.862014834828301 ], [ -90.266279291898044, 36.862358312777253 ], [ -90.264887784841051, 36.863544583256136 ], [ -90.264636146014382, 36.86383282198949 ], [ -90.264407246839809, 36.864064183657575 ], [ -90.264370257568672, 36.864447288686485 ], [ -90.264097277206517, 36.864873489558491 ], [ -90.263780062744431, 36.865405859605637 ], [ -90.263716849881604, 36.865791779384885 ], [ -90.263572530848606, 36.866048462008393 ], [ -90.26340391246616, 36.866432010718022 ], [ -90.260791506257959, 36.870562887099197 ], [ -90.259896808310089, 36.871444948205401 ], [ -90.256138906286282, 36.875627062900158 ], [ -90.25366611128274, 36.883018417989447 ], [ -90.253316987134298, 36.883406682893273 ], [ -90.253360457641989, 36.883806920202929 ], [ -90.253501166343938, 36.884135194674357 ], [ -90.253156899241887, 36.884375522838084 ], [ -90.252887570024726, 36.884565618827111 ], [ -90.252642216988306, 36.884925170972238 ], [ -90.252481867991179, 36.88536030080283 ], [ -90.252312897952734, 36.887658472504832 ], [ -90.252299247467647, 36.887894474558884 ], [ -90.252180403996633, 36.888194990659727 ], [ -90.252487997751089, 36.888169556235809 ], [ -90.252445337134631, 36.888409563482348 ], [ -90.252432398310205, 36.888805562384476 ], [ -90.252616192859762, 36.889043033856382 ], [ -90.252503688559869, 36.889231865315423 ], [ -90.252412766391672, 36.889501685879011 ], [ -90.252443856274581, 36.88975660963515 ], [ -90.252629143437474, 36.890180970331528 ], [ -90.252524677162, 36.890835146011462 ], [ -90.252547332352933, 36.891196927395008 ], [ -90.252664460374021, 36.891493682690026 ], [ -90.252587231610718, 36.891742863527838 ], [ -90.252569802202558, 36.892013451658698 ], [ -90.252690874050685, 36.89233769592304 ], [ -90.252614485494632, 36.892558423040441 ], [ -90.252624985341626, 36.892830343657053 ], [ -90.252785187124658, 36.893109406783054 ], [ -90.252775569677112, 36.893257910604547 ], [ -90.252791664551978, 36.893743028028403 ], [ -90.253069179980216, 36.896090986350515 ], [ -90.253434049952489, 36.896978355863702 ], [ -90.25390019112578, 36.898410034069819 ], [ -90.254045545863136, 36.89902558276539 ], [ -90.25418115539216, 36.899487772416542 ], [ -90.254291554569519, 36.899962851547564 ], [ -90.254279152879931, 36.9004833179632 ], [ -90.254459360821386, 36.900954746194358 ], [ -90.254655738863249, 36.901329580899684 ], [ -90.25464326748272, 36.901594087103312 ], [ -90.254713739032454, 36.901876640984916 ], [ -90.254977550191995, 36.902299220143796 ], [ -90.254858466559796, 36.902690286951277 ], [ -90.254868872020793, 36.902972317426432 ], [ -90.255079106292115, 36.902790265116437 ], [ -90.255248950859027, 36.903133969857294 ], [ -90.255418313610519, 36.90361243243391 ], [ -90.255516241880656, 36.904045653776102 ], [ -90.256031500372146, 36.904754286669387 ], [ -90.256311742536795, 36.904992370680084 ], [ -90.257346085076136, 36.904710136693431 ], [ -90.257722993049114, 36.904904496300652 ], [ -90.258176289490407, 36.905100109697983 ], [ -90.2585773923673, 36.905397135798978 ], [ -90.258966932708148, 36.905742556321769 ], [ -90.259159469053145, 36.906226312594399 ], [ -90.259637744969439, 36.906543710237472 ], [ -90.260107020547593, 36.90641445649721 ], [ -90.260531623050042, 36.912852013797988 ], [ -90.260263445194525, 36.913353312167075 ], [ -90.259765482307103, 36.916491201498133 ], [ -90.259676711709446, 36.91689360969967 ], [ -90.259518566016581, 36.917071790343236 ], [ -90.259441075280634, 36.91752593531006 ], [ -90.259476542726148, 36.918036926086373 ], [ -90.259709436003774, 36.918533113354577 ], [ -90.259899202830297, 36.918997912984295 ], [ -90.259923110196965, 36.920410462297461 ], [ -90.259840457715484, 36.920949354798609 ], [ -90.259691194688585, 36.921485074186918 ], [ -90.25945899058145, 36.921900130504667 ], [ -90.259444125075149, 36.922271954910556 ], [ -90.259364980713869, 36.922586867220971 ], [ -90.259295507831084, 36.923006627017834 ], [ -90.259395298925938, 36.923480480850564 ], [ -90.259486058902908, 36.923849915047178 ], [ -90.259347483562905, 36.92411194530451 ], [ -90.259363058527285, 36.924510973743956 ], [ -90.259321725486117, 36.924955751788751 ], [ -90.259174940494844, 36.925169813741306 ], [ -90.259188417882768, 36.925415011367591 ], [ -90.259312336416357, 36.925741230894282 ], [ -90.259431201010045, 36.926267677789689 ], [ -90.259622572961447, 36.926475141321291 ], [ -90.255437298151676, 36.940009949832991 ], [ -90.254812709536665, 36.940303147239284 ], [ -90.254012992886416, 36.940886530348955 ], [ -90.253471828391739, 36.94132616351596 ], [ -90.253127315794458, 36.941799731741966 ], [ -90.252938741710508, 36.942200555709789 ], [ -90.252662109896804, 36.942532508195143 ], [ -90.252226480584753, 36.942915587765413 ], [ -90.25179966193258, 36.943306595865508 ], [ -90.251506984423017, 36.943712834722618 ], [ -90.251305743887016, 36.944246064334862 ], [ -90.251208297663936, 36.944596851876327 ], [ -90.251057765421095, 36.944958006790998 ], [ -90.250877929375804, 36.945279994048839 ], [ -90.250771218385353, 36.945570305102038 ], [ -90.250609655344732, 36.946022287961966 ], [ -90.250513873752581, 36.946208424549816 ], [ -90.250533993215299, 36.946687846985206 ], [ -90.247939678368112, 36.951129517159806 ], [ -90.247705459955512, 36.951402477128468 ], [ -90.247408717245889, 36.951569259721779 ], [ -90.246960859235912, 36.951903146125623 ], [ -90.246406991193012, 36.952284628674853 ], [ -90.245671810808247, 36.952843432906853 ], [ -90.245167953685623, 36.953362208743926 ], [ -90.244952300214678, 36.953688221153485 ], [ -90.244863579430458, 36.953968872583239 ], [ -90.24499630527059, 36.954302945088031 ], [ -90.244949568818228, 36.954618378736996 ], [ -90.244728039796357, 36.95483119821688 ], [ -90.24347363573068, 36.956719220523738 ], [ -90.243672839482471, 36.957294573001327 ], [ -90.244649320125887, 36.957700865643361 ], [ -90.245710437388297, 36.957696074776791 ], [ -90.246341158005364, 36.958459572382232 ], [ -90.245876775395416, 36.958520680630215 ], [ -90.245199707490812, 36.958530994412733 ], [ -90.244593583027196, 36.958666393766975 ], [ -90.244049411253101, 36.959049390342408 ], [ -90.243356722102135, 36.959107982802692 ], [ -90.242356888979671, 36.959182296872989 ], [ -90.241695236877746, 36.959653634105244 ], [ -90.241082146803862, 36.959596697917476 ], [ -90.24070814864983, 36.959766313518074 ], [ -90.24024552307462, 36.960098544427211 ], [ -90.239818807027632, 36.960200745470722 ], [ -90.239305012478923, 36.960288226658356 ], [ -90.238790892711421, 36.960289208536857 ], [ -90.238226621238013, 36.960539784673358 ], [ -90.238059851465835, 36.961105101798104 ], [ -90.237656570405164, 36.961552872075892 ], [ -90.237703579854298, 36.961946291626425 ], [ -90.237684177227308, 36.962232813413266 ], [ -90.235150270355746, 36.964984127525582 ], [ -90.234771326242679, 36.965426758660371 ], [ -90.234589225729763, 36.965857972177062 ], [ -90.234255841137013, 36.96614935920249 ], [ -90.23403331216214, 36.9665517139073 ], [ -90.23335545269461, 36.967365256264806 ], [ -90.232994331742177, 36.96760285543909 ], [ -90.2325636645011, 36.967959095478058 ], [ -90.232363137870109, 36.968227455680271 ], [ -90.232395880776167, 36.968460500819482 ], [ -90.232675922118105, 36.968749880766431 ], [ -90.233061536558793, 36.968849407357254 ], [ -90.232671195402972, 36.971088142730146 ], [ -90.232311992641925, 36.971384960836325 ], [ -90.232047069911388, 36.971734173636065 ], [ -90.229722870210296, 36.971934947204389 ], [ -90.229292178202755, 36.971744571360247 ], [ -90.228894970156901, 36.971571213561688 ], [ -90.228233720380473, 36.971863305274958 ], [ -90.22791381070958, 36.972156845457718 ], [ -90.227766003081399, 36.972434039351491 ], [ -90.227515187800549, 36.972629392847374 ], [ -90.227102356490946, 36.972591385934194 ], [ -90.226451979426898, 36.972913962067089 ], [ -90.226009124313705, 36.973217934091231 ], [ -90.225766086269459, 36.973507176073269 ], [ -90.225477222444439, 36.973747375175954 ], [ -90.225077501523543, 36.973873681634437 ], [ -90.224777136002544, 36.974088369252506 ], [ -90.224622594588922, 36.974336302370077 ], [ -90.224174316163626, 36.97451565449186 ], [ -90.223807647051544, 36.974777701009415 ], [ -90.223378282051371, 36.975156613510919 ], [ -90.223155421652734, 36.975440190981828 ], [ -90.222989993815574, 36.975582021304994 ], [ -90.222762729768206, 36.9758557348257 ], [ -90.222818382994262, 36.976157977092683 ], [ -90.22129655774043, 36.976753415014123 ], [ -90.220902501705439, 36.977001575522884 ], [ -90.220559899662163, 36.977521450326698 ], [ -90.219405399513846, 36.978345738851345 ], [ -90.218911021001858, 36.978792466585702 ], [ -90.218608307919808, 36.979007977415492 ], [ -90.21840609415149, 36.979117226098346 ], [ -90.217911011187809, 36.979491689288174 ], [ -90.218032139584281, 36.980034348279048 ], [ -90.218097338970452, 36.980394117211191 ], [ -90.217746366848729, 36.981905896612091 ], [ -90.217994751748009, 36.982026962587838 ], [ -90.218514289977023, 36.982056176131387 ], [ -90.218869209739367, 36.982033696644223 ], [ -90.219337086069231, 36.981871690506722 ], [ -90.219949029497812, 36.981719370293533 ], [ -90.221033653107142, 36.982124884482552 ], [ -90.221512717351416, 36.982830285335503 ], [ -90.221529462455905, 36.983907253255168 ], [ -90.22147032399694, 36.984344304427168 ], [ -90.220806333494224, 36.984719278977856 ], [ -90.220473081955831, 36.984931674917604 ], [ -90.220157418046597, 36.984968984333982 ], [ -90.219724523946866, 36.984986273513115 ], [ -90.219280333831819, 36.985193040300665 ], [ -90.219076054522844, 36.985572478839607 ], [ -90.218935739979244, 36.985946457145793 ], [ -90.218312358105521, 36.986527455844055 ], [ -90.217472421454985, 36.986981954491924 ], [ -90.211710385871939, 36.985977399346034 ], [ -90.211340373562933, 36.986484072259444 ], [ -90.210968630556266, 36.986859459516623 ], [ -90.210745169229639, 36.987126532248162 ], [ -90.210501639152838, 36.987600355060557 ], [ -90.21043007026887, 36.988068869877566 ], [ -90.210170435815229, 36.988654787720947 ], [ -90.209415404844691, 36.98952502574798 ], [ -90.208518926235271, 36.990365805948358 ], [ -90.208184322982078, 36.990765675099567 ], [ -90.208022412790456, 36.991176950400515 ], [ -90.207732172851962, 36.991496936665008 ], [ -90.207304922083381, 36.992080763626127 ], [ -90.20714463140871, 36.992447895860451 ], [ -90.206897742904928, 36.992883427356077 ], [ -90.206538958237346, 36.993400808892105 ], [ -90.206338063740162, 36.993822313883918 ], [ -90.206249167509043, 36.994201134980344 ], [ -90.206048253339745, 36.994553371230083 ], [ -90.205999895897818, 36.994956110686907 ], [ -90.205245314401893, 36.995509989532309 ], [ -90.204970393605279, 36.995768197337298 ], [ -90.204649770154134, 36.996114680533893 ], [ -90.204276880179847, 36.996518244680836 ], [ -90.199687851478444, 37.002814645692794 ], [ -90.199112308624436, 37.003412035276945 ], [ -90.198896147866265, 37.003682222620192 ], [ -90.19872696717745, 37.003917185756208 ], [ -90.198420375703279, 37.004327941884924 ], [ -90.198151906455919, 37.004823249548373 ], [ -90.197845672779252, 37.005157045561269 ], [ -90.197518515177833, 37.005575093484012 ], [ -90.197193136410021, 37.0060222274778 ], [ -90.196970615414202, 37.006330715340496 ], [ -90.196824139510454, 37.006657747920158 ], [ -90.196641002557215, 37.006976743909789 ], [ -90.19657985388757, 37.007211555700394 ], [ -90.19639168099765, 37.007525957809506 ], [ -90.196259172892923, 37.007889951941785 ], [ -90.196002944833481, 37.008184072069 ], [ -90.195844530800613, 37.008447866145694 ], [ -90.1957992579798, 37.008958059028089 ], [ -90.195709951794342, 37.009436579946211 ], [ -90.195612366435938, 37.009723974293593 ], [ -90.19533170654249, 37.010037547793175 ], [ -90.195192500194253, 37.010348892551782 ], [ -90.19503461287492, 37.010513360084239 ], [ -90.195003013787428, 37.01070601358996 ], [ -90.195026927855224, 37.010999363664595 ], [ -90.194963650457495, 37.011267225978813 ], [ -90.1844897447655, 37.023546793508451 ], [ -90.183962526735925, 37.023888857811521 ], [ -90.183404181248164, 37.024380169661448 ], [ -90.182938392977235, 37.024453158830525 ], [ -90.18279416295465, 37.024827950254014 ], [ -90.182548628463039, 37.025026633003698 ], [ -90.18216285085613, 37.025326895009883 ], [ -90.181928911874536, 37.025598716286531 ], [ -90.181816956409548, 37.025957105316373 ], [ -90.181816766126261, 37.026175743646824 ], [ -90.181794518746884, 37.026461194435036 ], [ -90.181647504397048, 37.026603508457853 ], [ -90.181532812112877, 37.026898969541215 ], [ -90.181368541495203, 37.026885063334397 ], [ -90.181183886134434, 37.026971270032689 ], [ -90.179298351114284, 37.028356006692725 ], [ -90.178879842856233, 37.028672240400006 ], [ -90.178314098478481, 37.029176648924008 ], [ -90.177940298453521, 37.029544645731342 ], [ -90.17582468513848, 37.033070275803659 ], [ -90.174140996751092, 37.035481340971799 ], [ -90.173907154524571, 37.035889302664764 ], [ -90.173725007778458, 37.036389149031891 ], [ -90.173534104865979, 37.036641321012532 ], [ -90.173539057906083, 37.037076512301425 ], [ -90.170922633349846, 37.038896100106463 ], [ -90.168957535462894, 37.040473971324481 ], [ -90.166950906241922, 37.041293695183874 ], [ -90.165894683691349, 37.042185845169222 ], [ -90.163589833820609, 37.043889252074045 ], [ -90.16284568802358, 37.04457720039202 ], [ -90.158753705745752, 37.044563056257878 ], [ -90.156686772427292, 37.044905548507252 ], [ -90.15413456845576, 37.046054257301321 ], [ -90.151263074568732, 37.047685297001507 ], [ -90.148849910166433, 37.047955567503109 ], [ -90.145711488724089, 37.05032312636709 ], [ -90.144610213157861, 37.05115999724184 ], [ -90.14073306578743, 37.053642597234926 ], [ -90.140253448731158, 37.058878575695395 ], [ -90.140850557006928, 37.060235162047519 ], [ -90.140948342470338, 37.061678146868843 ], [ -90.139963484905863, 37.062570736307372 ], [ -90.138265029175969, 37.064552630636044 ], [ -90.137613917532946, 37.064851831466406 ], [ -90.134442515047368, 37.066177024883487 ], [ -90.133697165004847, 37.066985563409155 ], [ -90.132981983479908, 37.067276151620206 ], [ -90.131628451247067, 37.067854180633617 ], [ -90.130631931552003, 37.068375760045626 ], [ -90.129492237200665, 37.068837865785092 ], [ -90.128349426419405, 37.069072887288925 ], [ -90.12692063103087, 37.069079398551466 ], [ -90.125490741967184, 37.069086965462425 ], [ -90.124204485502858, 37.069093680434236 ], [ -90.122631146939611, 37.068985801143057 ], [ -90.120703607430428, 37.069282029432316 ], [ -90.118920187146159, 37.069805452534787 ], [ -90.101538650723725, 37.071984661303418 ], [ -90.100402308056232, 37.073032514539193 ], [ -90.099243221431067, 37.073818933027582 ], [ -90.097664522965871, 37.075114847140028 ], [ -90.096453606079137, 37.076126419006151 ], [ -90.095255267229717, 37.077203049466142 ], [ -90.093090586898086, 37.078372998616111 ], [ -90.086555286585025, 37.080945794682698 ], [ -90.084386118126559, 37.081913929372853 ], [ -90.083270558713181, 37.08317088467053 ], [ -90.081537278855137, 37.082727674014258 ], [ -90.080846156543743, 37.082911044460502 ], [ -90.080079675620553, 37.083482925008731 ], [ -90.079400319965984, 37.084228934993213 ], [ -90.072013542907769, 37.088649250704385 ], [ -90.06764225321885, 37.087154564228051 ], [ -90.066459821960976, 37.087469492677315 ], [ -90.065872352779749, 37.088056048391451 ], [ -90.064638299617314, 37.08873397327563 ], [ -90.062792388413115, 37.089103466882065 ], [ -90.062030211663739, 37.089677949077966 ], [ -90.061871556203897, 37.090063575099272 ], [ -90.061264259963266, 37.090621634993951 ], [ -90.059793287894564, 37.090297681536413 ], [ -90.058459128998123, 37.090669970378194 ], [ -90.0579997424948, 37.091129595488319 ], [ -90.055976439310854, 37.091844415239287 ], [ -90.055076652783882, 37.091692578385086 ], [ -90.054223593570327, 37.092283239047532 ], [ -90.05339309618104, 37.092875623528215 ], [ -90.052241399660133, 37.095481971575445 ], [ -90.051067363164179, 37.095765164432841 ], [ -90.049850088211201, 37.096590159725643 ], [ -90.048851227145846, 37.097563696740735 ], [ -90.048673344110298, 37.098349807840179 ], [ -90.047251975382281, 37.098408901367058 ], [ -90.046342852926173, 37.098528106340126 ], [ -90.045155178500622, 37.099147321292143 ], [ -90.044041809806757, 37.101553311177071 ], [ -90.043026194966103, 37.102968423952632 ], [ -90.041459782266315, 37.103614233647406 ], [ -90.040380397117701, 37.104140539499596 ], [ -90.05021408554029, 37.105895500797921 ], [ -90.051734603328072, 37.106166779942022 ], [ -90.053182743258603, 37.115666007306864 ], [ -90.053772895626025, 37.118153611374595 ], [ -90.053959186945633, 37.118706142056389 ], [ -90.059692297755575, 37.120476637066766 ], [ -90.067781658155184, 37.126091965988884 ], [ -90.072732283736144, 37.130262466746693 ], [ -90.075539300555391, 37.136595683305181 ], [ -90.075557435774044, 37.142570855919274 ], [ -90.075066398736723, 37.144316941689809 ], [ -90.074560597940419, 37.145914553514523 ], [ -90.073635585850596, 37.146605773561625 ], [ -90.07228114094255, 37.147412302041225 ], [ -90.070711950609677, 37.148104316352082 ], [ -90.068853893740396, 37.148459113151056 ], [ -90.067566123752101, 37.148462984861254 ], [ -90.065991024547387, 37.148240358406234 ], [ -90.064412938276689, 37.147733668662639 ], [ -90.06319368393271, 37.147279224471376 ], [ -90.061830642240437, 37.146655659024162 ], [ -90.060465697633077, 37.145859837682984 ], [ -90.059243000380548, 37.144949138622586 ], [ -90.057946680891533, 37.143636923991494 ], [ -90.057298051246448, 37.142895267136687 ], [ -90.056071050136111, 37.141299178902486 ], [ -90.054843742683943, 37.139644938984702 ], [ -90.053328846291933, 37.137760790416991 ], [ -90.052103756163532, 37.136334637522381 ], [ -90.051238938727067, 37.135336401952962 ], [ -90.050042024899497, 37.130264598189626 ], [ -90.050614098920235, 37.12933830889353 ], [ -90.050383944992078, 37.128591112368163 ], [ -90.051062404276337, 37.128206330142675 ], [ -90.05171538278654, 37.127616344608171 ], [ -90.051046397861413, 37.126340410400147 ], [ -90.049886465679435, 37.126440748769511 ], [ -90.042383810879429, 37.123747278564039 ], [ -90.040022008288105, 37.119829889157351 ], [ -90.039146257614789, 37.118138338591422 ], [ -90.038403421941638, 37.116883764326303 ], [ -90.040144603552221, 37.115735552080089 ], [ -90.040179058994795, 37.115304527480795 ], [ -90.040329288818512, 37.114866004546222 ], [ -90.038631755103268, 37.115419070301954 ], [ -90.036813231588852, 37.115626064030309 ], [ -90.035519260889458, 37.114524179469129 ], [ -90.035576731258232, 37.113277148011505 ], [ -90.035532642088441, 37.112917215874667 ], [ -90.032022707283872, 37.11088849427675 ], [ -90.029769866070026, 37.110002706634262 ], [ -90.02701238279397, 37.110143002325955 ], [ -90.025779784425893, 37.111465051924036 ], [ -90.024784062032154, 37.112466886719325 ], [ -90.024139544108976, 37.112600967772174 ], [ -90.021798382813429, 37.112817061946743 ], [ -90.019780823110054, 37.114266171556203 ], [ -90.01642038457814, 37.11752963485538 ], [ -90.015428878893033, 37.118476289070578 ], [ -90.015007371798816, 37.119340532079931 ], [ -90.015203914918857, 37.120401349439412 ], [ -90.015264589114537, 37.12140011596577 ], [ -90.015075002072649, 37.12288436646768 ], [ -90.014271739897637, 37.124116937480395 ], [ -90.013762336053077, 37.125198102281665 ], [ -90.013160637340249, 37.126551292498071 ], [ -90.010532598125252, 37.12857853964875 ], [ -90.009088933487348, 37.129889976972805 ], [ -90.008053589399736, 37.130502484674366 ], [ -90.005917123035019, 37.131668892687884 ], [ -90.004837163390448, 37.13370627749503 ], [ -90.003333001906697, 37.134695627607286 ], [ -90.003347695658064, 37.136464914513695 ], [ -90.002898571922231, 37.138544793562168 ], [ -89.998119643241793, 37.141903373259943 ], [ -89.997114267086374, 37.143015167439287 ], [ -89.995513713268991, 37.142769700576302 ], [ -89.995295193928584, 37.14198435975608 ], [ -89.995352906330169, 37.141268062802695 ], [ -89.996362723751474, 37.14010118262906 ], [ -89.997289031591563, 37.139096108209557 ], [ -89.996737437138307, 37.138072943772777 ], [ -89.995048202690867, 37.138929468031755 ], [ -89.992655315261345, 37.140479162224615 ], [ -89.990826709804551, 37.141485665641653 ], [ -89.990588632577285, 37.142690878938062 ], [ -89.99063474718389, 37.144740028697235 ], [ -89.989832703689274, 37.144202264237116 ], [ -89.988328038955387, 37.144514676083482 ], [ -89.987765730528793, 37.145371834526919 ], [ -89.986546161431988, 37.145643086330978 ], [ -89.985257395948437, 37.145025752961729 ], [ -89.982778201747237, 37.146064086681086 ], [ -89.98103077249273, 37.147636701802142 ], [ -89.980876042100391, 37.148680090110659 ], [ -89.981041024143764, 37.150126643551452 ], [ -89.979205479720264, 37.15191613137749 ], [ -89.975535225257886, 37.154609942238579 ], [ -89.973938949719894, 37.154309092445665 ], [ -89.972487499278202, 37.153960121687355 ], [ -89.971434836646694, 37.153907626948794 ], [ -89.970646208016163, 37.153204441456005 ], [ -89.968470731589974, 37.153095909111364 ], [ -89.967723170420086, 37.154496952940548 ], [ -89.968055031180455, 37.155619934154636 ], [ -89.968330102699653, 37.156574116898142 ], [ -89.96747902358284, 37.156642289777949 ], [ -89.967280670667961, 37.157351564329915 ], [ -89.967091236468761, 37.157950641628375 ], [ -89.966488427210763, 37.159303581610011 ], [ -89.959757318461172, 37.160627078917365 ], [ -89.959500209423041, 37.159452486053141 ], [ -89.959286487360586, 37.158611987484392 ], [ -89.958620414789394, 37.158136131195924 ], [ -89.95650605459619, 37.158141087484474 ], [ -89.95550564567705, 37.158312354770892 ], [ -89.953754240538601, 37.159054590523347 ], [ -89.952928583654938, 37.159677149631271 ], [ -89.951180206453699, 37.16124932508783 ], [ -89.950393371140919, 37.1622610618453 ], [ -89.950075440736413, 37.163572868340196 ], [ -89.948473852518589, 37.164619634844868 ], [ -89.9468369670833, 37.164814879167615 ], [ -89.945183161755182, 37.165147852879414 ], [ -89.942700334875596, 37.165794791180197 ], [ -89.937515101718887, 37.166373610393769 ], [ -89.93600528622332, 37.166740465987289 ], [ -89.930842423784753, 37.168694282136286 ], [ -89.926458695884548, 37.171461543206 ], [ -89.923959829262984, 37.172719047038015 ], [ -89.92114862959518, 37.174348056910745 ], [ -89.919106731093763, 37.17518586249227 ], [ -89.918167206080213, 37.175470542678198 ], [ -89.914653810189819, 37.177064089888447 ], [ -89.913206696773031, 37.176659315504814 ], [ -89.911277236650747, 37.176119589320074 ], [ -89.908949888675721, 37.176998179364034 ], [ -89.907985871441227, 37.178443327757222 ], [ -89.907662619808818, 37.179810109998563 ], [ -89.907361890071243, 37.18090141240841 ], [ -89.905779505499254, 37.182149419010322 ], [ -89.903232279867737, 37.183127474015862 ], [ -89.900361047419551, 37.183757197960873 ], [ -89.898198804018634, 37.18519715496015 ], [ -89.896733562852233, 37.185012565881408 ], [ -89.896459742818564, 37.185773268102608 ], [ -89.896811357214659, 37.187243991309543 ], [ -89.89384127354144, 37.188542741886089 ], [ -89.889410847720356, 37.190522155932875 ], [ -89.885538077519826, 37.190864511313038 ], [ -89.882931458063808, 37.192558365584311 ], [ -89.879781143122216, 37.194003362226184 ], [ -89.876836812163489, 37.195514034694341 ], [ -89.871755281265777, 37.198529012547901 ], [ -89.86422564503664, 37.201685259378735 ], [ -89.859781722078651, 37.203651807473314 ], [ -89.857088787285264, 37.205550903434222 ], [ -89.855656304450761, 37.206138942127829 ], [ -89.854578846275487, 37.206384215196429 ], [ -89.854160944118092, 37.206625984278553 ], [ -89.853422527479495, 37.207076314740206 ], [ -89.850314920367182, 37.20936946943177 ], [ -89.850298327693054, 37.210843963500601 ], [ -89.84961521005539, 37.211499610824873 ], [ -89.848859296616254, 37.211631994365248 ], [ -89.847857105592823, 37.211200366066059 ], [ -89.846872188365722, 37.210555040233295 ], [ -89.845744611655377, 37.211022264966523 ], [ -89.844936691324619, 37.21164469790665 ], [ -89.844309250167413, 37.212266556865444 ], [ -89.843311872031393, 37.213161077878524 ], [ -89.84700308135784, 37.228509433147451 ], [ -89.846861419111065, 37.231337150165146 ], [ -89.846809275394364, 37.233719480293274 ], [ -89.846725395688296, 37.238846006978136 ], [ -89.846446667036702, 37.23942609937486 ], [ -89.845323854097714, 37.241841438948128 ], [ -89.842943210597667, 37.242722648614034 ], [ -89.841585525033381, 37.243791036720189 ], [ -89.840709638776403, 37.244295912178131 ], [ -89.839078703989287, 37.244801166127424 ], [ -89.838076445826275, 37.244885745034495 ], [ -89.837333447173236, 37.244974791974698 ], [ -89.835981183382017, 37.245470116808391 ], [ -89.83134419025545, 37.243448243698026 ], [ -89.822022615780739, 37.241537811747492 ], [ -89.823287412399168, 37.241101543341408 ], [ -89.823865507131543, 37.240405988717463 ], [ -89.824605921683201, 37.239826365282845 ], [ -89.823867517434508, 37.238991411573217 ], [ -89.823636263644971, 37.238397752454709 ], [ -89.822661109587273, 37.235894292413661 ], [ -89.82324086193691, 37.234591853013676 ], [ -89.823236271908428, 37.234085100121426 ], [ -89.825881490573963, 37.234186812501591 ], [ -89.827292866667918, 37.2343221368277 ], [ -89.828173140067378, 37.234181796506924 ], [ -89.828552120761543, 37.233927760092392 ], [ -89.82882293294297, 37.233746234627766 ], [ -89.830045752580617, 37.23298134860498 ], [ -89.831176826858581, 37.232273825071992 ], [ -89.83170072040015, 37.231932402823496 ], [ -89.831697218288042, 37.229449775370476 ], [ -89.831779003767309, 37.228457441046423 ], [ -89.831807900717237, 37.226716590751415 ], [ -89.829781456462939, 37.224720326202579 ], [ -89.828647023127175, 37.224123703986393 ], [ -89.827902260122727, 37.223732006502772 ], [ -89.826710193143896, 37.223915433103244 ], [ -89.816450592448021, 37.225493583181361 ], [ -89.815800941430751, 37.225712988905471 ], [ -89.81446991829722, 37.226240878660001 ], [ -89.813192792168522, 37.22681662277428 ], [ -89.811706334385903, 37.227053682952942 ], [ -89.8069777630906, 37.228422676827996 ], [ -89.806313356531632, 37.22905791935338 ], [ -89.804206640082285, 37.229835836192152 ], [ -89.803146555169718, 37.230554371812204 ], [ -89.803129592003856, 37.231023346278363 ], [ -89.803860053152675, 37.232613264727469 ], [ -89.805295507288292, 37.235622886340451 ], [ -89.805333553894243, 37.235702652554323 ], [ -89.805350030929432, 37.235820652250602 ], [ -89.805622720482276, 37.23777345333157 ], [ -89.805906508672209, 37.238522736092932 ], [ -89.805970765213587, 37.238833349648516 ], [ -89.807223108471007, 37.244886595964445 ], [ -89.810359083064995, 37.247416849824816 ], [ -89.80867685305067, 37.248217963757561 ], [ -89.807913867892609, 37.249217907246461 ], [ -89.806721706439561, 37.250911120528365 ], [ -89.798249677081827, 37.256205228705703 ], [ -89.795697819187552, 37.25855669348654 ], [ -89.795199722610619, 37.259420859164294 ], [ -89.795116599249596, 37.259990210156786 ], [ -89.795946131746959, 37.2606227801895 ], [ -89.796867310963634, 37.261141464993635 ], [ -89.797229224502345, 37.261494502102614 ], [ -89.797627816689896, 37.261899758011616 ], [ -89.797816274014508, 37.262218897756647 ], [ -89.798263811157042, 37.262821344538793 ], [ -89.798711427213632, 37.26357440019482 ], [ -89.799324794363841, 37.264410741205388 ], [ -89.799759113815398, 37.265049719215234 ], [ -89.800004344605952, 37.265616315801282 ], [ -89.799884503124019, 37.266280616208597 ], [ -89.799681878424721, 37.266772302047016 ], [ -89.799635001085903, 37.267353669463368 ], [ -89.799643189083184, 37.268180510711318 ], [ -89.799587922000427, 37.26913030376403 ], [ -89.79965223639627, 37.269640813774117 ], [ -89.799852208647891, 37.270260344049909 ], [ -89.798701439369779, 37.27145328336259 ], [ -89.798610189417886, 37.271547875051056 ], [ -89.798406044667388, 37.271759494817914 ], [ -89.79802611722728, 37.272338471780991 ], [ -89.797869335263968, 37.272888421936415 ], [ -89.797759713217033, 37.273229683527397 ], [ -89.797093834360112, 37.273652370244818 ], [ -89.796867060495998, 37.274143875132538 ], [ -89.796729202533797, 37.27435320428026 ], [ -89.796142863594142, 37.274443798421366 ], [ -89.79554488124829, 37.274798306174858 ], [ -89.794878854963102, 37.275295405455878 ], [ -89.794959364824379, 37.275981744523314 ], [ -89.796058129661461, 37.277765689651694 ], [ -89.794045317773438, 37.278367637945763 ], [ -89.793036817032885, 37.27938527439575 ], [ -89.790284055244712, 37.279042329683932 ], [ -89.788321498981034, 37.278741932514812 ], [ -89.787091283592574, 37.278660518351927 ], [ -89.785635203329306, 37.278564140364743 ], [ -89.784763419590234, 37.279238412096653 ], [ -89.784310993892589, 37.28018844834881 ], [ -89.78533789334719, 37.280711782417029 ], [ -89.785698110106395, 37.280845447017057 ], [ -89.786876634749262, 37.281262598648034 ], [ -89.78715225193416, 37.281372501915165 ], [ -89.790400068259814, 37.28192840702954 ], [ -89.791721378138263, 37.282172613575703 ], [ -89.793819347384485, 37.282846813899262 ], [ -89.795072158454786, 37.283022158634267 ], [ -89.795870666174267, 37.282781295955715 ], [ -89.796900455500776, 37.282892766287098 ], [ -89.797916604225207, 37.282805486870409 ], [ -89.798736409565876, 37.282763388143266 ], [ -89.799706789356691, 37.283011377680296 ], [ -89.800688010620931, 37.283237582757344 ], [ -89.801250968755099, 37.283614949680555 ], [ -89.801858664009018, 37.283961558066267 ], [ -89.802517925410712, 37.284060145367363 ], [ -89.803740656652039, 37.283937434855758 ], [ -89.804262655138857, 37.284092094439487 ], [ -89.808547217655885, 37.285835469847129 ], [ -89.808657402296319, 37.286930875591651 ], [ -89.809292997354191, 37.287739491804224 ], [ -89.810072990985674, 37.292473394409605 ], [ -89.809906281846494, 37.293088989346572 ], [ -89.809208061686874, 37.293153931974281 ], [ -89.808586447933052, 37.29368563702635 ], [ -89.808095017537241, 37.295427325802493 ], [ -89.805342026659588, 37.296613855551065 ], [ -89.804972446428522, 37.30102935707513 ], [ -89.804557419431049, 37.301747664095387 ], [ -89.804329379474467, 37.302142337141198 ], [ -89.804182523947702, 37.303116894797938 ], [ -89.804242645841498, 37.303602647182714 ], [ -89.800960293464684, 37.30621375212268 ], [ -89.799298693980731, 37.305792731164573 ], [ -89.798229296848191, 37.305725019635275 ], [ -89.797102496445476, 37.305991200234935 ], [ -89.790165849015082, 37.300438629046511 ], [ -89.788579684163238, 37.297010189913223 ], [ -89.789246745100101, 37.29512703178677 ], [ -89.789766070752108, 37.293450736756746 ], [ -89.790401653077367, 37.292203218888631 ], [ -89.790100865760138, 37.291280735879781 ], [ -89.789818786683483, 37.290710306556335 ], [ -89.789326287138294, 37.290199465980052 ], [ -89.788610307565534, 37.289670871149866 ], [ -89.78825485775387, 37.289643097535681 ], [ -89.783297823576433, 37.290928871043278 ], [ -89.779476781192514, 37.289675213095734 ], [ -89.778313415827398, 37.288399092202816 ], [ -89.777770056444723, 37.287866495063867 ], [ -89.777482833502319, 37.28728602554699 ], [ -89.776626269097463, 37.286483742844368 ], [ -89.775651369482574, 37.285716026797402 ], [ -89.775110474670925, 37.285278368464191 ], [ -89.774122806555255, 37.284666238102531 ], [ -89.772897599463363, 37.281092666523975 ], [ -89.773023903953742, 37.280173905095793 ], [ -89.772917647186873, 37.279444616918269 ], [ -89.772185208867526, 37.27885003423593 ], [ -89.770442819460726, 37.277598649894713 ], [ -89.769733135768519, 37.275045002888803 ], [ -89.770152272571011, 37.274175742647174 ], [ -89.769719948214671, 37.273509221264312 ], [ -89.769950579936221, 37.272887676107295 ], [ -89.771126766496437, 37.272711061759843 ], [ -89.77237264782049, 37.271095967263093 ], [ -89.773675217700514, 37.272083793504493 ], [ -89.773926577832015, 37.272889653678888 ], [ -89.774748022842047, 37.274039329697302 ], [ -89.775153088450736, 37.274331619104103 ], [ -89.776340845626478, 37.275440617985851 ], [ -89.77717640515371, 37.275122984096015 ], [ -89.779125599681507, 37.274548583201614 ], [ -89.780235784285594, 37.274074583043863 ], [ -89.782311268813459, 37.273156741737274 ], [ -89.783188667754374, 37.272791156942155 ], [ -89.785748051626783, 37.271724684387458 ], [ -89.787461890635981, 37.271491502937977 ], [ -89.788281753772367, 37.271350163388874 ], [ -89.788796543574435, 37.271171252341496 ], [ -89.789611073223725, 37.270640023213801 ], [ -89.790228139565016, 37.270159503158048 ], [ -89.789712656908719, 37.269933728402108 ], [ -89.781430895057952, 37.266305932791603 ], [ -89.780600694187285, 37.265190704891552 ], [ -89.780396268717084, 37.264321773983504 ], [ -89.779542054620293, 37.264046897245322 ], [ -89.774402971808541, 37.259250398699564 ], [ -89.772369337904379, 37.261483488680469 ], [ -89.771822393448488, 37.26250184115473 ], [ -89.77163135058386, 37.263405069874828 ], [ -89.770439445412379, 37.263854631780042 ], [ -89.768586677653843, 37.263925527303279 ], [ -89.767465226207904, 37.263533786147796 ], [ -89.766076032601717, 37.262204944275553 ], [ -89.764332480591221, 37.260973203964937 ], [ -89.763203213181356, 37.260675454292823 ], [ -89.763021923980233, 37.261299792358749 ], [ -89.758310981900465, 37.265332925232762 ], [ -89.754601286043552, 37.266897622481316 ], [ -89.754808744923892, 37.266225757225605 ], [ -89.754334846393007, 37.265946451660135 ], [ -89.753211103355454, 37.2655823992989 ], [ -89.752002103266051, 37.266233580098955 ], [ -89.751626956798248, 37.266577065027697 ], [ -89.75108273804932, 37.266184885172649 ], [ -89.750694291901652, 37.266013703495773 ], [ -89.747488987866276, 37.264601102020244 ], [ -89.745072134924825, 37.263535884883595 ], [ -89.744502802951004, 37.26207028201339 ], [ -89.7429504398239, 37.261648237618509 ], [ -89.742121577346651, 37.261672257120409 ], [ -89.74147736264888, 37.261969471958409 ], [ -89.740905089098291, 37.263674010256331 ], [ -89.738233918324241, 37.263867721224621 ], [ -89.736640404872318, 37.264971503287782 ], [ -89.735060285075122, 37.265915666092546 ], [ -89.734700383460535, 37.266077182697138 ], [ -89.734231561722098, 37.266161351694279 ], [ -89.732933238047679, 37.26513013512141 ], [ -89.731826226495471, 37.264568700358879 ], [ -89.731370078774319, 37.265872380563792 ], [ -89.730904900327246, 37.265913275330789 ], [ -89.72886226966834, 37.265496114255768 ], [ -89.727929589506076, 37.265605455162486 ], [ -89.727132827446368, 37.265471823367633 ], [ -89.726355511954367, 37.265107629309931 ], [ -89.725059218590658, 37.264053768039318 ], [ -89.723482047602758, 37.263593185567821 ], [ -89.721164310596279, 37.265069024172334 ], [ -89.721469911789299, 37.265551215140228 ], [ -89.719521582221475, 37.265429796487105 ], [ -89.716796393645353, 37.265259911273354 ], [ -89.71561364023934, 37.265186160438574 ], [ -89.713832525632498, 37.261747228403586 ], [ -89.713791265894571, 37.260938790615242 ], [ -89.7125538635526, 37.260415378183481 ], [ -89.710970554574914, 37.260029067240893 ], [ -89.709329800935123, 37.260322293677085 ], [ -89.708231012536089, 37.259991570046481 ], [ -89.708085874535044, 37.259423250343765 ], [ -89.707792520979496, 37.259085407632391 ], [ -89.706991741208242, 37.258759183174398 ], [ -89.705439534570388, 37.258466776407765 ], [ -89.704531968679163, 37.25836650960408 ], [ -89.70329391489507, 37.259356838582043 ], [ -89.696840495134396, 37.256509303058124 ], [ -89.696611208025686, 37.255639888470803 ], [ -89.695780406775683, 37.255398494202964 ], [ -89.69494174557758, 37.255490209873294 ], [ -89.694122586036613, 37.255060884638425 ], [ -89.693449551779992, 37.254900201599533 ], [ -89.692497036531236, 37.25476821919451 ], [ -89.691561486730066, 37.25478978201636 ], [ -89.690690223100461, 37.254991632336257 ], [ -89.68975297627118, 37.255346764920994 ], [ -89.687753652227286, 37.256138413241743 ], [ -89.686957133989623, 37.25600368659321 ], [ -89.686079646403726, 37.255611786261241 ], [ -89.6854075885377, 37.255747803391671 ], [ -89.684770620090916, 37.255927199522723 ], [ -89.684130957245813, 37.256664088938422 ], [ -89.683305570445512, 37.256869364750884 ], [ -89.682308024886424, 37.25639939567295 ], [ -89.68170200704661, 37.256097379145416 ], [ -89.681083917973751, 37.255847299896018 ], [ -89.680625444189928, 37.255960760632114 ], [ -89.680236467874821, 37.256123874270209 ], [ -89.679745451315867, 37.25603656147215 ], [ -89.679250583290994, 37.255612493506455 ], [ -89.678725496253051, 37.255615796560704 ], [ -89.677994717169753, 37.25552739258459 ], [ -89.676354356442374, 37.255815191141622 ], [ -89.676100728808805, 37.256083236813758 ], [ -89.675070933177281, 37.255977307990186 ], [ -89.674508507628119, 37.255804579440294 ], [ -89.673283491331901, 37.255279799168278 ], [ -89.671252340276681, 37.254733937513137 ], [ -89.670025578217519, 37.253949948706399 ], [ -89.668337394319053, 37.253482434472801 ], [ -89.667709391489581, 37.253349550347018 ], [ -89.666763261599613, 37.253233161730577 ], [ -89.665929075941037, 37.253282061896336 ], [ -89.665022696436779, 37.253411038897411 ], [ -89.663819151271312, 37.253339235532792 ], [ -89.662949824665048, 37.25328736408742 ], [ -89.662654964168652, 37.253330429969651 ], [ -89.662488931957753, 37.253278165865865 ], [ -89.659839484074752, 37.252979144420344 ], [ -89.658828478314362, 37.252891434965036 ], [ -89.65817520163823, 37.252785511078876 ], [ -89.657182808847978, 37.252680474986242 ], [ -89.65660681951546, 37.252762715680383 ], [ -89.656236975194318, 37.252722098324355 ], [ -89.6556194873382, 37.25262478591695 ], [ -89.654478710994709, 37.252467551537812 ], [ -89.653243388766995, 37.252635653105592 ], [ -89.652092692977064, 37.25279222676275 ], [ -89.652026307819142, 37.252802917048669 ], [ -89.651491126189924, 37.253122765436245 ], [ -89.640334314302592, 37.258608920969905 ], [ -89.636798661450626, 37.258110233700336 ], [ -89.636126204660926, 37.258415364579243 ], [ -89.630620727892747, 37.258813407699684 ], [ -89.629814328351173, 37.258794578900691 ], [ -89.625751417119972, 37.259216461561536 ], [ -89.624473249697957, 37.259159536038915 ], [ -89.622642371298468, 37.260319160205711 ], [ -89.618681146922853, 37.260744551534778 ], [ -89.616408842756087, 37.259687375460032 ], [ -89.615779587201189, 37.259582426696539 ], [ -89.614980423834979, 37.259292633183151 ], [ -89.614192742664144, 37.259242101757458 ], [ -89.613281077576602, 37.259104735126634 ], [ -89.610609402885856, 37.259299573838909 ], [ -89.610136745302029, 37.259426790310805 ], [ -89.60912146979247, 37.259151836771828 ], [ -89.606043270659384, 37.258911331726289 ], [ -89.605074238365646, 37.258638929621135 ], [ -89.604402356810539, 37.258618308629487 ], [ -89.603513271819438, 37.258593512788707 ], [ -89.602773936122986, 37.258709733350322 ], [ -89.602501007237777, 37.259086143779747 ], [ -89.601548196662279, 37.259967336189845 ], [ -89.597376075687649, 37.260158780036924 ], [ -89.594980312283667, 37.259829225480949 ], [ -89.592760269592148, 37.258799907286701 ], [ -89.59195996180884, 37.258438011416928 ], [ -89.590949467285412, 37.258380510121661 ], [ -89.589880872368013, 37.25872518823509 ], [ -89.586306677140158, 37.25867594612879 ], [ -89.582207282266168, 37.259362305851994 ], [ -89.581836459885622, 37.259646480903406 ], [ -89.580255072355371, 37.261919575859487 ], [ -89.57684438139627, 37.261713588981763 ], [ -89.575062016294311, 37.261698892707152 ], [ -89.574542061000471, 37.261999863836579 ], [ -89.573291778035042, 37.262723558909407 ], [ -89.571637589491885, 37.264122866877067 ], [ -89.56902458297516, 37.264334693513902 ], [ -89.568061575902234, 37.264091262120566 ], [ -89.564045000372232, 37.260772678370678 ], [ -89.563859655771978, 37.260619532106929 ], [ -89.561145575979126, 37.261301081413123 ], [ -89.559694984102251, 37.262055492960329 ], [ -89.557128025856301, 37.262370145884631 ], [ -89.556736888027586, 37.262887509012742 ], [ -89.553007832976533, 37.26595407030846 ], [ -89.547959583467943, 37.265591415413446 ], [ -89.547580757124052, 37.265965892155002 ], [ -89.546472529234549, 37.266763431793471 ], [ -89.545251196556393, 37.267533653295594 ], [ -89.544510351969791, 37.267953232146091 ], [ -89.543695583491981, 37.26816444956583 ], [ -89.5330892913112, 37.269316172937756 ], [ -89.53257467783834, 37.269923356153399 ], [ -89.528135836832149, 37.270515519428692 ], [ -89.510742021579816, 37.273270214771941 ], [ -89.509263636201652, 37.271372727226002 ], [ -89.507390909121852, 37.269236363273748 ], [ -89.507058210776592, 37.268859634305258 ], [ -89.506772727603931, 37.268536363728863 ], [ -89.504972726787301, 37.266727272798896 ], [ -89.502300000249392, 37.263736363218072 ], [ -89.500090909542763, 37.261645454527304 ], [ -89.496381817998113, 37.258472727478633 ], [ -89.491881817655766, 37.253490908993385 ], [ -89.489918182175757, 37.251318181692071 ], [ -89.489881923175361, 37.251291271392091 ], [ -89.485703459105963, 37.248189941099596 ], [ -89.490439628565241, 37.246477728275167 ], [ -89.493569825682627, 37.245404909145527 ], [ -89.494879767769973, 37.244847303668521 ], [ -89.496778984769037, 37.244038820272046 ], [ -89.498294703695962, 37.243688523889517 ], [ -89.506585677843077, 37.244503778621741 ], [ -89.507831174760312, 37.243878368033371 ], [ -89.508579649955948, 37.243417678562572 ], [ -89.51073799828113, 37.242814817194834 ], [ -89.51166975455061, 37.242611913388814 ], [ -89.513249037945741, 37.241845695405821 ], [ -89.513499313182862, 37.241332996305012 ], [ -89.513812425417527, 37.240608826108101 ], [ -89.513493146224093, 37.239831581164943 ], [ -89.51614173828716, 37.239285589066753 ], [ -89.518235651760847, 37.239708922082755 ], [ -89.519399246575631, 37.239449771487358 ], [ -89.520151338084361, 37.238915089051034 ], [ -89.521351736703522, 37.23819415463182 ], [ -89.522072745296683, 37.237521664471906 ], [ -89.522442164344952, 37.235947518606423 ], [ -89.52311593922542, 37.235351205539388 ], [ -89.523731684348462, 37.235185872693947 ], [ -89.524550905029756, 37.234756947110384 ], [ -89.524833714035708, 37.235412989488509 ], [ -89.525857512937677, 37.235446079078713 ], [ -89.526551618295045, 37.234807407062654 ], [ -89.526706749131776, 37.234602024077844 ], [ -89.526463387880028, 37.233950964213832 ], [ -89.527018941897936, 37.232935622380282 ], [ -89.528391532328143, 37.233153579621906 ], [ -89.5292315688624, 37.232749054728728 ], [ -89.529783164006702, 37.232789691182958 ], [ -89.530464519759221, 37.232916604315591 ], [ -89.531522457345787, 37.232574679911941 ], [ -89.53205706887934, 37.231996446162199 ], [ -89.532892730695451, 37.231740412128744 ], [ -89.533789797445067, 37.231407922101106 ], [ -89.534349610350418, 37.230936213015127 ], [ -89.535207285011396, 37.229671544015424 ], [ -89.535588293864336, 37.229431433397338 ], [ -89.535457737405991, 37.228780930350034 ], [ -89.536120663945937, 37.228647424853961 ], [ -89.536752774629122, 37.228147287090941 ], [ -89.536743344824401, 37.227264545636594 ], [ -89.537604096521136, 37.226677210579169 ], [ -89.538205249904308, 37.226374975431597 ], [ -89.53935395378322, 37.225775130170973 ], [ -89.54019785428315, 37.22522310429008 ], [ -89.541357454983739, 37.224621934275056 ], [ -89.542262838760522, 37.223758353350846 ], [ -89.542460898212994, 37.223436623961625 ], [ -89.541740258160843, 37.222869867819377 ], [ -89.541684310649103, 37.222184925387126 ], [ -89.541794052461213, 37.220920188435748 ], [ -89.543297637238766, 37.219547955333432 ], [ -89.556088107387694, 37.208684097978903 ], [ -89.557817791064153, 37.20908267867469 ], [ -89.558321587190562, 37.209681537543553 ], [ -89.559480251038465, 37.210344388831132 ], [ -89.560148588888552, 37.210903721590981 ], [ -89.560126031997115, 37.211406684294168 ], [ -89.560576843989168, 37.21143068621619 ], [ -89.561133631213011, 37.211670019571919 ], [ -89.561553040267768, 37.212315018030552 ], [ -89.562928394933664, 37.212898664573544 ], [ -89.563767622451152, 37.213650289249493 ], [ -89.56537645541836, 37.213595294083618 ], [ -89.566512947483901, 37.21292310997741 ], [ -89.568978608266434, 37.212088825650071 ], [ -89.570349993319596, 37.211545080983072 ], [ -89.571374172900974, 37.211066266858957 ], [ -89.572172445630784, 37.210557635991606 ], [ -89.572460037690007, 37.209930283268427 ], [ -89.572351161152497, 37.209103678769758 ], [ -89.574612521967609, 37.208919041331129 ], [ -89.575436697541193, 37.209219271552264 ], [ -89.576375597802041, 37.209383306549711 ], [ -89.576732592546648, 37.20912879328862 ], [ -89.577086692358549, 37.208688448019728 ], [ -89.580867653115391, 37.207997535460073 ], [ -89.582425418675285, 37.208104517765882 ], [ -89.583329522936353, 37.208502302774242 ], [ -89.584397318232746, 37.208872671013488 ], [ -89.585753386449767, 37.209071961815482 ], [ -89.586587446955249, 37.208740099791804 ], [ -89.588553137857303, 37.207995644999869 ], [ -89.589811973070695, 37.207573571813661 ], [ -89.590413549895132, 37.207717232690307 ], [ -89.591015809560474, 37.207643622039804 ], [ -89.591623330915951, 37.207378005335805 ], [ -89.592508096843048, 37.206778425749881 ], [ -89.594246267428886, 37.206121279484101 ], [ -89.595401302730821, 37.205949104576206 ], [ -89.595931186477458, 37.205705660382499 ], [ -89.597488374695871, 37.205203229120563 ], [ -89.598208282649594, 37.205021316142123 ], [ -89.599362912619142, 37.204866615635389 ], [ -89.600438735254684, 37.204661533933873 ], [ -89.601557752534333, 37.204464947902842 ], [ -89.602601648506194, 37.203886666286571 ], [ -89.60410959041711, 37.203321804448095 ], [ -89.610067049502248, 37.201106365390636 ], [ -89.613214739675627, 37.201514840360183 ], [ -89.618934762979379, 37.20170180006194 ], [ -89.620224451938753, 37.202367312335689 ], [ -89.622937112186875, 37.202245641696841 ], [ -89.625602817173316, 37.202866949543008 ], [ -89.626692393698804, 37.202844534003134 ], [ -89.628925221175393, 37.203275477559487 ], [ -89.62967654100666, 37.203388639424695 ], [ -89.630832177650007, 37.203552618857472 ], [ -89.632165638823551, 37.203876423888104 ], [ -89.632810914238263, 37.203970504689025 ], [ -89.634071622898148, 37.204370715549366 ], [ -89.634853230751332, 37.204382765940608 ], [ -89.635792364212065, 37.203756431824203 ], [ -89.636374999499452, 37.202706786012321 ], [ -89.637960513927908, 37.201657512782802 ], [ -89.639006936439458, 37.201100951096358 ], [ -89.639929174042067, 37.200173061951588 ], [ -89.640896833481605, 37.199198384148275 ], [ -89.641577789955747, 37.198354602935467 ], [ -89.642273704371462, 37.197717987772513 ], [ -89.643013236827016, 37.196786692354799 ], [ -89.643881262337374, 37.195571695020959 ], [ -89.644440384612324, 37.194412739392213 ], [ -89.645035598828088, 37.193503697927497 ], [ -89.645335278033187, 37.192655316063707 ], [ -89.645739301139102, 37.191740212406032 ], [ -89.646040575088136, 37.190445331489947 ], [ -89.646003007394768, 37.189328190782284 ], [ -89.646463375965837, 37.188771366654045 ], [ -89.646917613818772, 37.188112076855219 ], [ -89.647315202497126, 37.18749893612253 ], [ -89.647611871777912, 37.186310315263839 ], [ -89.648335280760293, 37.185175098720357 ], [ -89.648872136093146, 37.184243797903285 ], [ -89.649412355143795, 37.18365849209502 ], [ -89.649766551344499, 37.182954146829331 ], [ -89.650215529024635, 37.182413890656669 ], [ -89.65084372748349, 37.18145146517324 ], [ -89.651193394623391, 37.180926770489251 ], [ -89.651363691769134, 37.180366242730607 ], [ -89.651552748424166, 37.179759981327827 ], [ -89.651445768332053, 37.178447009301813 ], [ -89.649590781802814, 37.177213397644515 ], [ -89.649908084055554, 37.173491837334467 ], [ -89.650715010953746, 37.173493587971329 ], [ -89.651659812539279, 37.172625404398616 ], [ -89.652006301945704, 37.172214062073309 ], [ -89.652155407162113, 37.171960017835247 ], [ -89.652125133693573, 37.171665246788741 ], [ -89.651759730980089, 37.170898230254075 ], [ -89.652662847999906, 37.170278213888359 ], [ -89.653529917984173, 37.169896089290276 ], [ -89.654100571868483, 37.169224108441043 ], [ -89.654384059643803, 37.168529042237438 ], [ -89.654767488759575, 37.167984989080054 ], [ -89.655229367010918, 37.16720189280111 ], [ -89.655458222791822, 37.166537352633185 ], [ -89.655699155366818, 37.165344981427985 ], [ -89.655605471646439, 37.16467895616929 ], [ -89.655534935197551, 37.164050479734136 ], [ -89.655138470691796, 37.163523940108441 ], [ -89.654879860132908, 37.162499821872913 ], [ -89.656076869026876, 37.160626926030062 ], [ -89.656681028310103, 37.160213442140744 ], [ -89.656769882462001, 37.159323281262608 ], [ -89.656229052810559, 37.15883980740967 ], [ -89.656827045373475, 37.158342560030896 ], [ -89.658021468858223, 37.158096059206869 ], [ -89.660187866896351, 37.15754202984369 ], [ -89.661234834206795, 37.157221016820436 ], [ -89.661935612970993, 37.15680113132435 ], [ -89.663001250176976, 37.156091007126676 ], [ -89.664375869702454, 37.154900269197157 ], [ -89.664884542733859, 37.154290107578426 ], [ -89.665416527347872, 37.153437443276637 ], [ -89.666063023480461, 37.152826502757755 ], [ -89.666297254004846, 37.151596557003614 ], [ -89.667607856202068, 37.150625021676149 ], [ -89.667700668596993, 37.150001809087499 ], [ -89.668665697142714, 37.149732056179488 ], [ -89.669262988656413, 37.147746896301243 ], [ -89.669137914640686, 37.1466649466525 ], [ -89.669371960305966, 37.145905297189863 ], [ -89.669520745496172, 37.145166169733351 ], [ -89.669359051533974, 37.144048949376256 ], [ -89.670372892538794, 37.143561308333446 ], [ -89.67033418972548, 37.143041776156863 ], [ -89.670148493920678, 37.142236166361705 ], [ -89.669673112007274, 37.141708772040786 ], [ -89.669714228046431, 37.134441787810267 ], [ -89.670477709370786, 37.133593201473062 ], [ -89.670894166685471, 37.132985303207334 ], [ -89.671046881770266, 37.132318670997734 ], [ -89.672101377352874, 37.1319677950409 ], [ -89.673149603382157, 37.130765427736868 ], [ -89.673777165395776, 37.130369137162276 ], [ -89.673990955116935, 37.130008691795553 ], [ -89.675105814083324, 37.127036610931079 ], [ -89.674424003354176, 37.123755715740792 ], [ -89.674043145093862, 37.122812975916013 ], [ -89.673485786055139, 37.121234976616563 ], [ -89.672419683436232, 37.120221476574102 ], [ -89.671043682345712, 37.118787443641985 ], [ -89.670900557912987, 37.117759330690255 ], [ -89.670217357703393, 37.116307778968086 ], [ -89.669659028322812, 37.115254082834539 ], [ -89.668949120066372, 37.114962679544469 ], [ -89.668474471970612, 37.113769149953335 ], [ -89.667106073049936, 37.112247873360218 ], [ -89.666839402074416, 37.111318796144346 ], [ -89.666558073288897, 37.110562326252875 ], [ -89.665699251394813, 37.108467917187077 ], [ -89.665209879332949, 37.106434656344824 ], [ -89.665434756302787, 37.105940767562352 ], [ -89.665110729990374, 37.105133818534874 ], [ -89.665458760391743, 37.104670604831014 ], [ -89.665417772325114, 37.104001192661748 ], [ -89.664971107966039, 37.103480610184043 ], [ -89.664226884478296, 37.102750004159518 ], [ -89.66359759054987, 37.102022572117562 ], [ -89.663676739839119, 37.099735931388963 ], [ -89.662938120854861, 37.098939963853567 ], [ -89.66204437576944, 37.097666686757627 ], [ -89.661536115194252, 37.096463590437679 ], [ -89.660724553962211, 37.096526208397229 ], [ -89.66016574587195, 37.096325373022033 ], [ -89.659780735360101, 37.095435171830275 ], [ -89.659708839561475, 37.094926196025455 ], [ -89.657346289998486, 37.094266485166919 ], [ -89.656729599118123, 37.093392494561719 ], [ -89.65488874980818, 37.093370046067967 ], [ -89.654223346803178, 37.093068858482425 ], [ -89.653004483464883, 37.092504591797663 ], [ -89.651748701467213, 37.092374174820954 ], [ -89.648861582746065, 37.092466162301861 ], [ -89.645939968169046, 37.090666220309686 ], [ -89.64524690664814, 37.090283760678048 ], [ -89.644034212567504, 37.089648353965551 ], [ -89.643023474094448, 37.087995119117963 ], [ -89.641709332190914, 37.087199478627078 ], [ -89.640886178461955, 37.086048403697355 ], [ -89.640715215258766, 37.085352301048879 ], [ -89.640368262408458, 37.084359379550612 ], [ -89.641234433585709, 37.084201124158376 ], [ -89.641877171611867, 37.083510951010062 ], [ -89.641372500860115, 37.083046135583629 ], [ -89.640971200398084, 37.082350341414347 ], [ -89.63986931066438, 37.080417575518595 ], [ -89.638742023216309, 37.077433194139097 ], [ -89.638202135241471, 37.077012817605201 ], [ -89.637649415087637, 37.075393126499328 ], [ -89.636445897023478, 37.074653683739477 ], [ -89.636266553006678, 37.072707071781394 ], [ -89.636362107530331, 37.071587114532491 ], [ -89.635533821445421, 37.070499125859058 ], [ -89.635251043265598, 37.069765072745753 ], [ -89.635619164176688, 37.068149562780626 ], [ -89.635061503053464, 37.067938446562792 ], [ -89.634045337936129, 37.067703524907884 ], [ -89.633575642444697, 37.066461860098627 ], [ -89.633321618384159, 37.065391318809915 ], [ -89.631792830201718, 37.064418541754563 ], [ -89.631454105037477, 37.062991982768281 ], [ -89.631398065515086, 37.062299883260408 ], [ -89.631157736042297, 37.061069463976828 ], [ -89.630627765888846, 37.060534778163621 ], [ -89.631180766654737, 37.059451261144361 ], [ -89.631256903008293, 37.058559450894798 ], [ -89.62945326927661, 37.056762871808921 ], [ -89.628767835312956, 37.05670110497109 ], [ -89.627840957295888, 37.056770563819249 ], [ -89.627004009528264, 37.055787279752842 ], [ -89.626370021919442, 37.055123451788056 ], [ -89.625358441507657, 37.05483715971814 ], [ -89.623558879689227, 37.055689240174175 ], [ -89.622745664992308, 37.055775756589689 ], [ -89.621261644370591, 37.055629523004797 ], [ -89.620530179392063, 37.056106206391242 ], [ -89.61922802759608, 37.057871336702625 ], [ -89.618390663048814, 37.058239796533137 ], [ -89.613030359469803, 37.058995642110034 ], [ -89.610434323504322, 37.061079094764388 ], [ -89.610157774373945, 37.062963587601978 ], [ -89.610520765622525, 37.064102164955194 ], [ -89.610060195279317, 37.065446699138526 ], [ -89.6087671835527, 37.065756529446617 ], [ -89.607466475598613, 37.066156024454287 ], [ -89.606175667385287, 37.065096673693724 ], [ -89.6056195528855, 37.064868616304061 ], [ -89.601913392851941, 37.066466371719997 ], [ -89.602526429772411, 37.06737318394454 ], [ -89.60161412301261, 37.068612968252381 ], [ -89.6008888764121, 37.069014105507172 ], [ -89.599481663631082, 37.069311733203371 ], [ -89.598856620195576, 37.069886699201149 ], [ -89.598746503875262, 37.071169772102699 ], [ -89.597824086815052, 37.072526038715864 ], [ -89.596271900821563, 37.071829019421962 ], [ -89.595263184477176, 37.071507833875785 ], [ -89.595508970128094, 37.072668283782647 ], [ -89.594324725523947, 37.073050071433457 ], [ -89.592205131525631, 37.073596692783489 ], [ -89.591736320771915, 37.073692387268707 ], [ -89.590561941869908, 37.073958923397925 ], [ -89.589592927195895, 37.074515429036715 ], [ -89.589406655866668, 37.076682547709694 ], [ -89.590066509011891, 37.078383726126269 ], [ -89.587660520860339, 37.08091970637517 ], [ -89.587562743193729, 37.082056843224244 ], [ -89.587266021843178, 37.082792399030282 ], [ -89.58646078545631, 37.084157642855871 ], [ -89.584481997378148, 37.085740381301861 ], [ -89.579512637195364, 37.087277660920734 ], [ -89.574703958696546, 37.088284212006641 ], [ -89.571858190687351, 37.087895431374598 ], [ -89.566825561023521, 37.094165744012564 ], [ -89.561801590419563, 37.092322267534172 ], [ -89.560627277151426, 37.092583121959819 ], [ -89.559791901732765, 37.09292028906129 ], [ -89.558749307777745, 37.092989480860162 ], [ -89.557757336640734, 37.093805820033204 ], [ -89.556719695063407, 37.093817520908942 ], [ -89.556182435541132, 37.094703098769038 ], [ -89.554830186820823, 37.094867935075882 ], [ -89.549063571388047, 37.099328853674784 ], [ -89.544648766831116, 37.102286376511067 ], [ -89.538468361193537, 37.10639255568325 ], [ -89.534884999668137, 37.109237685623576 ], [ -89.532118241378683, 37.11185865458355 ], [ -89.529981274964939, 37.115241102359384 ], [ -89.528031636258731, 37.116463912504777 ], [ -89.520731851798459, 37.123562859538339 ], [ -89.519058610082823, 37.125578186298995 ], [ -89.514698529727369, 37.126686445735416 ], [ -89.513228641247238, 37.127686700445658 ], [ -89.511205682797069, 37.128420907394471 ], [ -89.510457171284401, 37.128833447399302 ], [ -89.50849626558643, 37.130420420598519 ], [ -89.504473485819645, 37.132942117288046 ], [ -89.498554035605721, 37.136064202344237 ], [ -89.498311159868749, 37.136206011686312 ], [ -89.494025486785162, 37.137770699964179 ], [ -89.493494597480165, 37.138570889199748 ], [ -89.492084607513192, 37.138879145695903 ], [ -89.490332494202036, 37.139145509472819 ], [ -89.488407312052686, 37.140073239417326 ], [ -89.487039181808186, 37.141220584969567 ], [ -89.48650246381726, 37.1416639495664 ], [ -89.483027125870663, 37.143604009514362 ], [ -89.476830182124232, 37.145924872101858 ], [ -89.476169299867124, 37.146890360008108 ], [ -89.473964078177971, 37.14706267226704 ], [ -89.472617577021509, 37.147958984239679 ], [ -89.471352631878034, 37.147924237827795 ], [ -89.470718574542332, 37.148582602538184 ], [ -89.469170791813625, 37.147829254821367 ], [ -89.467501227369695, 37.149779825975259 ], [ -89.464065633393915, 37.148207556869671 ], [ -89.462991922212098, 37.148620752965364 ], [ -89.461468827874882, 37.148900330920647 ], [ -89.460701357554399, 37.149502560444731 ], [ -89.459883078048279, 37.14989348960578 ], [ -89.458408319947495, 37.150934954639759 ], [ -89.457286642547544, 37.151893462121905 ], [ -89.456643738457672, 37.152650676800889 ], [ -89.454693076513237, 37.153859134222692 ], [ -89.454520450569447, 37.154511775190223 ], [ -89.45331338059006, 37.155128922906677 ], [ -89.453020607697525, 37.155836706191245 ], [ -89.451283232676403, 37.155928736400014 ], [ -89.449525192251485, 37.157566760327676 ], [ -89.448650036711427, 37.158341490672193 ], [ -89.447699111636084, 37.15866670580732 ], [ -89.447169553981524, 37.159280386738885 ], [ -89.445999707391479, 37.15975691135845 ], [ -89.44425795222763, 37.161254003905363 ], [ -89.43935485149855, 37.163355605669452 ], [ -89.429504214141332, 37.167576892219259 ], [ -89.428320654093795, 37.166934819241114 ], [ -89.427407749769671, 37.166507769703884 ], [ -89.426864818744292, 37.166127152063964 ], [ -89.425964866818006, 37.165872485448972 ], [ -89.424897598224092, 37.165528505159671 ], [ -89.424341737192748, 37.164998661643239 ], [ -89.423811747039267, 37.164642653828345 ], [ -89.423268101876374, 37.163768031942176 ], [ -89.423016640646068, 37.164004277896893 ], [ -89.421643984251475, 37.163880263405574 ], [ -89.420627759045729, 37.163637081158804 ], [ -89.419607585631198, 37.163438655800562 ], [ -89.418597022023562, 37.163131524673396 ], [ -89.418018557787263, 37.163153766611025 ], [ -89.417879234118459, 37.16312301694618 ], [ -89.416095968456162, 37.162729421855786 ], [ -89.415739689823667, 37.163047555531342 ], [ -89.414718970032197, 37.163958970951604 ], [ -89.413600173242088, 37.164875931946582 ], [ -89.412569359310382, 37.164797777966818 ], [ -89.411916208680211, 37.165664206377798 ], [ -89.411738392790255, 37.166370917002311 ], [ -89.409042987627686, 37.166861136373861 ], [ -89.407859181491204, 37.167208478792531 ], [ -89.402533626384141, 37.1661486289346 ], [ -89.39884871138149, 37.167394637947012 ], [ -89.392750374704988, 37.167248093287611 ], [ -89.392105878017247, 37.166714361007507 ], [ -89.390956166618537, 37.1653769974913 ], [ -89.390390453842571, 37.165255126548104 ], [ -89.389614687425265, 37.164901651449902 ], [ -89.379509861125342, 37.16442865079226 ], [ -89.37849708169054, 37.164147817020222 ], [ -89.376915156492828, 37.163481382939274 ], [ -89.374111081165495, 37.164010602764769 ], [ -89.372897746252605, 37.164311975449884 ], [ -89.372849405030692, 37.164324761942304 ], [ -89.36422603813709, 37.165141086192619 ], [ -89.361178468721064, 37.165962537569307 ], [ -89.353627573133849, 37.168907083076512 ], [ -89.352940312521611, 37.169420531427441 ], [ -89.352213199769238, 37.170541821063921 ], [ -89.351364995617317, 37.171000929620121 ], [ -89.350823578320174, 37.171898617035126 ], [ -89.350767820308889, 37.172472669863723 ], [ -89.351413081542248, 37.173045758894951 ], [ -89.349061507905347, 37.174876858566535 ], [ -89.346744628511303, 37.174959107655731 ], [ -89.34598482757788, 37.174889174847166 ], [ -89.345295050448314, 37.175114459719858 ], [ -89.344611127004001, 37.175604359151009 ], [ -89.344028320320618, 37.175885194949196 ], [ -89.343530819758286, 37.176234714124547 ], [ -89.343280296916674, 37.176582992747186 ], [ -89.342910750487832, 37.176924716209498 ], [ -89.342237480587897, 37.177529388348937 ], [ -89.341345650927437, 37.177968395234288 ], [ -89.340428319689792, 37.17879822043222 ], [ -89.339638481354882, 37.179836874753221 ], [ -89.338475347251091, 37.181024257545566 ], [ -89.336808390232946, 37.182245375481784 ], [ -89.335451538102348, 37.183356144078985 ], [ -89.334727144194332, 37.184243683409449 ], [ -89.334095336168701, 37.185400300681401 ], [ -89.333802600933467, 37.186156310330041 ], [ -89.333590426740315, 37.186878605305274 ], [ -89.332864324245364, 37.189099814864683 ], [ -89.332640214886382, 37.189773474332746 ], [ -89.332336509021417, 37.191469223905493 ], [ -89.332670580207136, 37.192848344912434 ], [ -89.262085188847948, 37.175057442737476 ], [ -89.260237254627938, 37.168715056974932 ], [ -89.259887277095856, 37.16493671665571 ], [ -89.258612393896229, 37.162459521779624 ], [ -89.256393120810486, 37.161498924276984 ], [ -89.257659873838875, 37.157695927411183 ], [ -89.257566424650904, 37.154906901636686 ], [ -89.255624722459359, 37.152156702633157 ], [ -89.2538664269061, 37.151202105681257 ], [ -89.255254193629611, 37.147335386289562 ], [ -89.258833940364937, 37.143449351308114 ], [ -89.257381860049307, 37.140386956783487 ], [ -89.2560895380701, 37.136834399931928 ], [ -89.256994858645029, 37.135747029017622 ], [ -89.259910315776338, 37.13664895695657 ], [ -89.262601528238989, 37.135576851369926 ], [ -89.26397600362823, 37.135029262739721 ], [ -89.265684887538896, 37.133976945988017 ], [ -89.267431845141985, 37.131227037229969 ], [ -89.267108510266709, 37.128427316184926 ], [ -89.269875180591924, 37.1271461271714 ], [ -89.268720040965803, 37.125898677115487 ], [ -89.266710724553448, 37.123900745503619 ], [ -89.267647611194917, 37.122460433770009 ], [ -89.265981659625794, 37.121765511759108 ], [ -89.265067773621226, 37.120400605940247 ], [ -89.263300618196638, 37.118276191752756 ], [ -89.26247278449118, 37.114685679090961 ], [ -89.261070908882601, 37.111072568347979 ], [ -89.26099485824183, 37.110639218711086 ], [ -89.259136881955996, 37.108248686987295 ], [ -89.258673144985622, 37.107005871420064 ], [ -89.256844011118389, 37.105571977380023 ], [ -89.254494689651196, 37.104794080843568 ], [ -89.252199151877633, 37.103422557716726 ], [ -89.249217024437229, 37.104544192863486 ], [ -89.249760357512869, 37.106178567387573 ], [ -89.249441276962102, 37.10842945307553 ], [ -89.248653144014568, 37.109497625936619 ], [ -89.247722379832439, 37.110867968919948 ], [ -89.246058251907144, 37.113639111520001 ], [ -89.245415234915086, 37.114709815542881 ], [ -89.243244158406497, 37.115777097516613 ], [ -89.240624437780227, 37.120519584502553 ], [ -89.240147645856027, 37.12196424936608 ], [ -89.238406663038461, 37.12336903644605 ], [ -89.233032718326157, 37.126703221235147 ], [ -89.230262261245002, 37.12548111722019 ], [ -89.227296564684607, 37.127676223674008 ], [ -89.22421610229793, 37.12606121020363 ], [ -89.223872497291694, 37.124769839291282 ], [ -89.219777592817621, 37.121638989540706 ], [ -89.217652020694729, 37.120933276685562 ], [ -89.214603742083384, 37.120235652072559 ], [ -89.214125266450452, 37.119323194882796 ], [ -89.213916355266733, 37.118924791744206 ], [ -89.2100970110817, 37.119101758265678 ], [ -89.205940754108738, 37.119181467381686 ], [ -89.19917096068697, 37.120473148353888 ], [ -89.193976744251358, 37.121463920627235 ], [ -89.191798412465531, 37.121337967644052 ], [ -89.189349387991854, 37.122912799228857 ], [ -89.187512983478399, 37.122218797636599 ], [ -89.178443256472576, 37.124077933075149 ], [ -89.177516222238907, 37.124374527479524 ], [ -89.169803679358878, 37.125992062932248 ], [ -89.168590315877893, 37.126289166698911 ], [ -89.167234034363474, 37.126646417008978 ], [ -89.158585734493414, 37.127927347384642 ], [ -89.157468583952209, 37.12815261409493 ], [ -89.157085838336229, 37.12822713433431 ], [ -89.147650825940318, 37.129572341185337 ], [ -89.14643459311516, 37.129697937586336 ], [ -89.140922978629391, 37.129860416593836 ], [ -89.140277966373944, 37.129867430094336 ], [ -89.132187714068579, 37.129995989584813 ], [ -89.130898816959444, 37.130005431861463 ], [ -89.128285406818136, 37.130028473019756 ], [ -89.114606803994576, 37.128129980998565 ], [ -89.110541964510873, 37.127565493471351 ], [ -89.107378585725641, 37.130879425689969 ], [ -89.106827407770439, 37.134075099170481 ], [ -89.106555445709958, 37.138260359619487 ], [ -89.105023974755127, 37.140688179471056 ], [ -89.104068804998064, 37.143190461961936 ], [ -89.103940202848378, 37.145340071567837 ], [ -89.100411582682923, 37.148581545289431 ], [ -89.088200290247983, 37.142249167312059 ], [ -89.08080870693594, 37.13617847013581 ], [ -89.076449346736467, 37.137186985358511 ], [ -89.07405326084438, 37.136918188394951 ], [ -89.073480011474743, 37.136883816788234 ], [ -89.072469975451483, 37.134107729659789 ], [ -89.073806925697937, 37.132084094910986 ], [ -89.072244324906592, 37.129437607826539 ], [ -89.070791964151596, 37.129496346641268 ], [ -89.069225416590527, 37.128838270584183 ], [ -89.067737773772578, 37.127332405115844 ], [ -89.066890879820818, 37.126715596803933 ], [ -89.064863651887336, 37.12517871416852 ], [ -89.064301912414479, 37.123441858432088 ], [ -89.062827630849313, 37.121794634460507 ], [ -89.061866739255876, 37.120460983533675 ], [ -89.061366571180699, 37.120006096825421 ], [ -89.059905581523211, 37.118217540228542 ], [ -89.060037171597926, 37.116804594420834 ], [ -89.05953703916866, 37.116349699463754 ], [ -89.057804161904954, 37.115539839808086 ], [ -89.05628623195804, 37.116304877004595 ], [ -89.054957116149922, 37.113103313884494 ], [ -89.056681182624317, 37.11206604513368 ], [ -89.057852470219203, 37.111139027544539 ], [ -89.059036888216795, 37.110070703347844 ], [ -89.059528182145627, 37.108678429164343 ], [ -89.059545705050269, 37.106548665021045 ], [ -89.05967728136973, 37.105135712768877 ], [ -89.060168530885832, 37.103743433126617 ], [ -89.060686072047048, 37.102068559574349 ], [ -89.06135711448637, 37.100686608957282 ], [ -89.062115898619169, 37.100304058475487 ], [ -89.06246669608224, 37.098477545202009 ], [ -89.066641536485562, 37.092467105516121 ], [ -89.069627734952348, 37.089513441901644 ], [ -89.071644135390287, 37.087202180116407 ], [ -89.072760535667925, 37.085106830980841 ], [ -89.072950733565705, 37.084299765136855 ], [ -89.073584450683114, 37.082438892296096 ], [ -89.074331820627421, 37.080594352055385 ], [ -89.074986422244535, 37.076027296194788 ], [ -89.075436713148264, 37.073659463215392 ], [ -89.076367141679853, 37.069841962300664 ], [ -89.076371461822703, 37.068554877693494 ], [ -89.077195903057515, 37.064637165788128 ], [ -89.07775060371776, 37.061142973496274 ], [ -89.078307193243546, 37.058333951489331 ], [ -89.077964714692598, 37.056183519290229 ], [ -89.076929600162615, 37.053709238381359 ], [ -89.080456790911214, 37.048797674459742 ], [ -89.080611342250066, 37.045205714056522 ], [ -89.080909388560471, 37.04323390223329 ], [ -89.081088309206507, 37.041304882265457 ], [ -89.081953385078634, 37.038184566624629 ], [ -89.082455250573247, 37.036497277911344 ], [ -89.082573634142122, 37.032737169374315 ], [ -89.083211670732069, 37.03082231213245 ], [ -89.083313795238467, 37.028478899151132 ], [ -89.083958659941757, 37.025247835152307 ], [ -89.082846795675593, 37.022340486537047 ], [ -89.08350175242839, 37.021483900319772 ], [ -89.084158991787987, 37.018610557081168 ], [ -89.084110313849024, 37.017187223607714 ], [ -89.084780154417246, 37.012657718069939 ], [ -89.085258669355454, 37.011219877553465 ], [ -89.08651249543388, 37.00880170024238 ], [ -89.084899326598261, 37.005161035974005 ], [ -89.085136550266853, 37.003842738263266 ], [ -89.08654154247553, 37.001098817712609 ], [ -89.085945023572194, 36.998842267599713 ], [ -89.086909538128111, 36.994640664571406 ], [ -89.087816336075306, 36.993546502126449 ], [ -89.088852675168226, 36.991052851189274 ], [ -89.090114238038936, 36.987368251108926 ], [ -89.090791946685826, 36.985018380642977 ], [ -89.091542558708724, 36.981880188550953 ], [ -89.092091522090755, 36.979677358944642 ], [ -89.093406133359949, 36.975415413353247 ], [ -89.093804596577002, 36.962806263307357 ], [ -89.093681799587031, 36.962485378141935 ], [ -89.093968533968237, 36.961872269922395 ], [ -89.094385297614664, 36.961096754343991 ], [ -89.094712401063035, 36.96077091910044 ], [ -89.094891114751277, 36.960363831277711 ], [ -89.095057020543365, 36.959847427436074 ], [ -89.094985933089859, 36.959209546909896 ], [ -89.095123755117953, 36.958622697272837 ], [ -89.095209082301096, 36.958154132080274 ], [ -89.094785801466443, 36.958009159252391 ], [ -89.095087927566624, 36.957477107131623 ], [ -89.094837760545019, 36.957209089494562 ], [ -89.094675798464564, 36.956749961933298 ], [ -89.094771485299773, 36.956341851911176 ], [ -89.095026168299484, 36.955994889259713 ], [ -89.095238434920986, 36.955601328868447 ], [ -89.095250904906621, 36.955320662815481 ], [ -89.095054762827488, 36.954798786577364 ], [ -89.094802040381907, 36.954101752853923 ], [ -89.094945159966443, 36.953382197283538 ], [ -89.095206270100789, 36.952936437434744 ], [ -89.095442604097258, 36.952313667033927 ], [ -89.095755400292688, 36.951829028530085 ], [ -89.095397391699947, 36.951393836457967 ], [ -89.095923993224062, 36.950758414886671 ], [ -89.09576508169846, 36.950601688458349 ], [ -89.09552949171767, 36.950820097514296 ], [ -89.095304856862839, 36.950263959522403 ], [ -89.095328563013993, 36.949825285333247 ], [ -89.095376261043157, 36.949724785872128 ], [ -89.09563436154211, 36.948830309338945 ], [ -89.092378592162007, 36.947974382164524 ], [ -89.091554330439379, 36.948328626957704 ], [ -89.090906368773688, 36.947728662711114 ], [ -89.088583564049372, 36.947975966952768 ], [ -89.086987991068071, 36.947121671265407 ], [ -89.086480003654074, 36.946679389401801 ], [ -89.086164914899825, 36.946261769669135 ], [ -89.085311795537748, 36.946051725684868 ], [ -89.084138882024092, 36.946304504877972 ], [ -89.08316812983162, 36.94651370555821 ], [ -89.082411783941808, 36.946323410544501 ], [ -89.081739738615639, 36.946129904787981 ], [ -89.080925577804209, 36.946229226373632 ], [ -89.079673639326685, 36.946088882759454 ], [ -89.075750052795556, 36.946237415455663 ], [ -89.07524003141036, 36.946268429471104 ], [ -89.074727341013528, 36.946105352713019 ], [ -89.073962974704699, 36.945667508388432 ], [ -89.072793439156754, 36.945132838702612 ], [ -89.0718553439077, 36.94483449320596 ], [ -89.071409774897134, 36.94454602947205 ], [ -89.070868516820553, 36.944315836235624 ], [ -89.068447372702835, 36.941905296840886 ], [ -89.067660363793493, 36.940473187130934 ], [ -89.066923626681671, 36.939327746700208 ], [ -89.066354049063349, 36.938442169594559 ], [ -89.062572374640197, 36.93047278344703 ], [ -89.06154597083632, 36.928309452723681 ], [ -89.062195211301017, 36.927508269017203 ], [ -89.06453629160815, 36.926183271547252 ], [ -89.066148938192356, 36.923256397413681 ], [ -89.069089570070986, 36.91752044314925 ], [ -89.069168060481459, 36.916829390083159 ], [ -89.069960905434669, 36.915674721240393 ], [ -89.070447842188415, 36.915382022450117 ], [ -89.071270515619602, 36.915187491796161 ], [ -89.072161769101157, 36.915493054360773 ], [ -89.07246086037074, 36.915540987318806 ], [ -89.073007519098326, 36.915049530286574 ], [ -89.073649219403649, 36.914327066676272 ], [ -89.078233083663491, 36.9127037444416 ], [ -89.079846803890732, 36.911947078877382 ], [ -89.080510197484259, 36.909665464188258 ], [ -89.081190630118499, 36.908605750417621 ], [ -89.081724174540057, 36.90705437482611 ], [ -89.08225881676583, 36.906596786771438 ], [ -89.082687855601208, 36.905686651230333 ], [ -89.083015138525496, 36.905036673089029 ], [ -89.083382169828695, 36.904340365855774 ], [ -89.083862458934746, 36.903700854664002 ], [ -89.084289782303429, 36.902999767914814 ], [ -89.084668144584043, 36.902283389244808 ], [ -89.085132347272193, 36.901664636051102 ], [ -89.08549967450756, 36.901413603478126 ], [ -89.085218276497173, 36.901099761305176 ], [ -89.085453466864251, 36.900297150779728 ], [ -89.085219212406329, 36.899847409527766 ], [ -89.085665674083629, 36.899277065328334 ], [ -89.085901657255917, 36.898827314684368 ], [ -89.086122745211668, 36.898075090993743 ], [ -89.086163931690976, 36.897722032160949 ], [ -89.086039064505187, 36.897196249524882 ], [ -89.086674987977545, 36.897016080623636 ], [ -89.086918037299128, 36.896390282087694 ], [ -89.087279348486646, 36.895779231528806 ], [ -89.087449132360121, 36.895304853289907 ], [ -89.087630100912619, 36.894903669638587 ], [ -89.088089382639396, 36.894526687612824 ], [ -89.088053708654144, 36.894050814568843 ], [ -89.088521234265031, 36.893555461357948 ], [ -89.088975181091925, 36.893155931318923 ], [ -89.092739917016047, 36.889179677166815 ], [ -89.093027565921588, 36.888723727070385 ], [ -89.093248633354989, 36.888303393956946 ], [ -89.093454353375193, 36.88786453925217 ], [ -89.093891467262836, 36.887384179766165 ], [ -89.09418757784924, 36.886872916668999 ], [ -89.094505080655324, 36.886185897779832 ], [ -89.094801372768032, 36.885001995957587 ], [ -89.094954291639326, 36.884447014822037 ], [ -89.095157179259118, 36.883885526640753 ], [ -89.095334812914103, 36.883524552074462 ], [ -89.095455759037662, 36.881855350734675 ], [ -89.095764183889173, 36.881084025398266 ], [ -89.095966958100618, 36.880535748846228 ], [ -89.095922537156227, 36.879772613437687 ], [ -89.096144548710157, 36.879477672263967 ], [ -89.096721817125953, 36.878798295784499 ], [ -89.097073666824031, 36.878078887477372 ], [ -89.097346825142267, 36.877582262118985 ], [ -89.097730615988297, 36.876920214778323 ], [ -89.098178001527657, 36.876497730880004 ], [ -89.098573285527607, 36.875949259001615 ], [ -89.098792068287821, 36.875531040929928 ], [ -89.098666542470781, 36.874938912194857 ], [ -89.098555296466074, 36.874449776998304 ], [ -89.09864189558597, 36.873776522176286 ], [ -89.098863066947516, 36.8729725537641 ], [ -89.098861064654272, 36.872529915476214 ], [ -89.099090656730652, 36.872203527137486 ], [ -89.098897115282142, 36.871538835556329 ], [ -89.099130361515861, 36.87115823100573 ], [ -89.099634530154617, 36.870429198415827 ], [ -89.099645522590222, 36.868994376459845 ], [ -89.099869980885828, 36.868310017125843 ], [ -89.099998672425116, 36.867703149375082 ], [ -89.100429021136819, 36.867043896443462 ], [ -89.100610529558082, 36.866611026255065 ], [ -89.100614835042606, 36.866017232108781 ], [ -89.100437128930139, 36.86542410051991 ], [ -89.10025100583016, 36.864863866342851 ], [ -89.100362544451542, 36.864379588737677 ], [ -89.100331497838269, 36.863809100906593 ], [ -89.10069473315319, 36.862631982470845 ], [ -89.101081501154255, 36.861216667454713 ], [ -89.100945424162376, 36.860712224607106 ], [ -89.101428068026962, 36.85959009701326 ], [ -89.101451335978368, 36.859116541663624 ], [ -89.10143207956736, 36.85870757497424 ], [ -89.101238369646055, 36.857025889419063 ], [ -89.101486480545987, 36.856225713402154 ], [ -89.101503290622958, 36.855620298149084 ], [ -89.101442250251438, 36.854815573529535 ], [ -89.101243429225306, 36.853011873075808 ], [ -89.100822466930254, 36.851948335393693 ], [ -89.100537657906358, 36.850926292535405 ], [ -89.100189853048249, 36.850037695893555 ], [ -89.099798545077718, 36.84897885829151 ], [ -89.0998872473576, 36.848126742733648 ], [ -89.099748337038491, 36.847033345473875 ], [ -89.100070010135255, 36.846242782301786 ], [ -89.10000835683708, 36.84532823563319 ], [ -89.100271245188864, 36.844389458308562 ], [ -89.100309083969023, 36.843629084477385 ], [ -89.100020467781292, 36.842150270437124 ], [ -89.099731867568522, 36.841296276024785 ], [ -89.099607056524519, 36.839850816892877 ], [ -89.09908322545229, 36.837530610281242 ], [ -89.098762578536807, 36.8361637095528 ], [ -89.098400928956906, 36.835197635892833 ], [ -89.097864539863806, 36.83423939654471 ], [ -89.097010002084545, 36.832651026832714 ], [ -89.096533077535099, 36.832098622147271 ], [ -89.096516576905756, 36.83116437184777 ], [ -89.095999772787806, 36.829168223951378 ], [ -89.094932183513578, 36.8280914512411 ], [ -89.094243098683791, 36.827396417125755 ], [ -89.093750265906934, 36.82617395292602 ], [ -89.093282952937756, 36.824468721040162 ], [ -89.092834177885067, 36.823660807943831 ], [ -89.092710549201215, 36.822617203154557 ], [ -89.092452840539181, 36.822117642125207 ], [ -89.092305483344589, 36.820971688332158 ], [ -89.092199330861661, 36.820588977476831 ], [ -89.091831050745128, 36.819604137831419 ], [ -89.09127918997892, 36.81687763943939 ], [ -89.091458503298341, 36.814935403601062 ], [ -89.091144264953684, 36.813365613805161 ], [ -89.090360237042077, 36.81066798461724 ], [ -89.091280142354691, 36.809608629266272 ], [ -89.091533696015787, 36.809147230209888 ], [ -89.091789032573715, 36.808129755520397 ], [ -89.091940102071874, 36.807527754617325 ], [ -89.091728645451141, 36.806655462297051 ], [ -89.091793771624438, 36.805503476923704 ], [ -89.092508116879785, 36.805318104241159 ], [ -89.092909689424474, 36.80506951934904 ], [ -89.093410083012088, 36.805098261450617 ], [ -89.093707482044664, 36.804887772215316 ], [ -89.094231138259204, 36.803549240390751 ], [ -89.094433545035884, 36.802788972734398 ], [ -89.094634950369667, 36.80218043466504 ], [ -89.094954709030205, 36.80192665904476 ], [ -89.095665444585649, 36.801111130959889 ], [ -89.095999074974273, 36.800558642242748 ], [ -89.096926048282299, 36.799527334030337 ], [ -89.096825233590309, 36.799067377426056 ], [ -89.097479979609034, 36.798450109845888 ], [ -89.097522577282191, 36.797728105049728 ], [ -89.098120183793995, 36.797151768480482 ], [ -89.098199140617552, 36.796613924811759 ], [ -89.098122157493094, 36.796204193618308 ], [ -89.098254048477003, 36.795563848936375 ], [ -89.098507847105807, 36.795283552824309 ], [ -89.098948066654657, 36.795123077487659 ], [ -89.099448661244466, 36.794798803372345 ], [ -89.099769641320762, 36.794516657111828 ], [ -89.100577095336092, 36.794009787672131 ], [ -89.101320911743585, 36.793237513664906 ], [ -89.101676009598293, 36.792869555370856 ], [ -89.102109284740678, 36.792105589243867 ], [ -89.102916134729185, 36.791505069785714 ], [ -89.103400048581861, 36.790984308908442 ], [ -89.103342849884569, 36.789364600197786 ], [ -89.103891597694826, 36.788894070411338 ], [ -89.10377513699224, 36.788061114202669 ], [ -89.103634767959818, 36.787441490353203 ], [ -89.103932838379237, 36.787229912814077 ], [ -89.104252446396856, 36.786161636419408 ], [ -89.104388916129892, 36.785025552507413 ], [ -89.104527530928493, 36.7842992366676 ], [ -89.104624357174131, 36.783556993971914 ], [ -89.104625347872272, 36.782826011077532 ], [ -89.104086061017469, 36.781715095668254 ], [ -89.104172400325169, 36.781176742258175 ], [ -89.104394373531051, 36.780440705073495 ], [ -89.104801930052673, 36.779752939478264 ], [ -89.105096570667911, 36.779140227248455 ], [ -89.105458505468775, 36.778704385185222 ], [ -89.105475298739037, 36.77829083833943 ], [ -89.105742096530207, 36.777498520459773 ], [ -89.105963123833618, 36.777110747498256 ], [ -89.106422955486593, 36.776597173560944 ], [ -89.106730855632378, 36.776083551135969 ], [ -89.107098780698536, 36.775319491033365 ], [ -89.10742121954199, 36.774930191700676 ], [ -89.107557788445888, 36.774468996429249 ], [ -89.1079364796108, 36.773935908617162 ], [ -89.108305047037703, 36.773296080464554 ], [ -89.108682067553858, 36.772858928574628 ], [ -89.10862985481964, 36.772420732287095 ], [ -89.108717001276588, 36.77191452150943 ], [ -89.109345104267135, 36.771902029213571 ], [ -89.109793574694294, 36.771725590998159 ], [ -89.110440935060154, 36.771535438248833 ], [ -89.111124109092017, 36.771085055179 ], [ -89.111681142765349, 36.770714851160115 ], [ -89.112134115573852, 36.77022381238298 ], [ -89.112442605071749, 36.769698184881449 ], [ -89.112687713670738, 36.769350026768159 ], [ -89.11257688341361, 36.768822962908082 ], [ -89.112689237910672, 36.768217739554245 ], [ -89.112884544325524, 36.76732204993602 ], [ -89.113024560006039, 36.766450118077628 ], [ -89.112947757430959, 36.766037883049222 ], [ -89.112848462358897, 36.765531596968017 ], [ -89.112940735465827, 36.765127591549195 ], [ -89.113089534582571, 36.764664394429722 ], [ -89.113092733157501, 36.763940167825787 ], [ -89.112180616867761, 36.763153580518683 ], [ -89.111025560099094, 36.761992975246187 ], [ -89.110286211833824, 36.761301475556522 ], [ -89.11000815132391, 36.760583405123967 ], [ -89.110498946445148, 36.760235939780593 ], [ -89.110137921571265, 36.75978653629177 ], [ -89.110233471946358, 36.759381083273333 ], [ -89.110000250051797, 36.759122983474285 ], [ -89.109401437277725, 36.75845063064957 ], [ -89.109023253917371, 36.757187173397476 ], [ -89.108765263031643, 36.75663839675596 ], [ -89.108640089938888, 36.755870856354235 ], [ -89.108394756694679, 36.755447534077589 ], [ -89.108269276176912, 36.755026663494213 ], [ -89.108552058221434, 36.754534145479894 ], [ -89.108622579069504, 36.754279002435261 ], [ -89.108363167013721, 36.753889448037853 ], [ -89.108064872198668, 36.753562172234723 ], [ -89.107630821683387, 36.753444292321234 ], [ -89.107395710242358, 36.753090174569152 ], [ -89.107793239769663, 36.752811298452997 ], [ -89.107795557520134, 36.752218907257834 ], [ -89.107774361412808, 36.751682425489697 ], [ -89.107772278778256, 36.751425107710936 ], [ -89.107356112181378, 36.750762506401713 ], [ -89.107253262020464, 36.750633821499413 ], [ -89.107336948789751, 36.749855884211087 ], [ -89.10707078865606, 36.749559364096861 ], [ -89.106534465507792, 36.749252190961158 ], [ -89.105870190620848, 36.748215188137955 ], [ -89.105856230662653, 36.747588080376481 ], [ -89.106531286789973, 36.747459944598425 ], [ -89.107034934237902, 36.747427247792601 ], [ -89.107441335462113, 36.747234217677196 ], [ -89.10770403033041, 36.746382804667149 ], [ -89.107706820486456, 36.745897262186951 ], [ -89.107911534604966, 36.74549820311362 ], [ -89.107656477682397, 36.745005695258548 ], [ -89.107481886717963, 36.744410404189097 ], [ -89.107548178098938, 36.74368996344586 ], [ -89.107535818604347, 36.74303314596397 ], [ -89.107419825091512, 36.742592210304487 ], [ -89.107905856698125, 36.742295376707268 ], [ -89.107983978692445, 36.741446284586907 ], [ -89.107728169953916, 36.74048739430669 ], [ -89.108061433564757, 36.739357978699175 ], [ -89.109129951123776, 36.738961821080267 ], [ -89.109521822999866, 36.738833656399009 ], [ -89.109441267879163, 36.738107223197929 ], [ -89.109501678386536, 36.737771867047613 ], [ -89.110124187010499, 36.737551652569927 ], [ -89.110399467856595, 36.73732248779595 ], [ -89.111910292705559, 36.737250124734274 ], [ -89.112970314704029, 36.736314819870543 ], [ -89.113292600925647, 36.73581049603834 ], [ -89.115062128106928, 36.73426007595986 ], [ -89.115487485656786, 36.733625655114459 ], [ -89.116182990626314, 36.734054039025125 ], [ -89.116778058258376, 36.73345426987013 ], [ -89.116690311204849, 36.732810290128818 ], [ -89.117429735232477, 36.732767189085479 ], [ -89.117803880578649, 36.732516967495897 ], [ -89.118081627406241, 36.732133706166842 ], [ -89.118474937963583, 36.73201855221965 ], [ -89.11889021657791, 36.731734913959571 ], [ -89.119268011491158, 36.731264397009845 ], [ -89.119834608234413, 36.731035097274138 ], [ -89.120244801436769, 36.730845739416907 ], [ -89.120699802166612, 36.730717133236631 ], [ -89.121053342179508, 36.730764261977157 ], [ -89.121325130340054, 36.731035918697899 ], [ -89.121778227262524, 36.731096351004481 ], [ -89.1227636984745, 36.730778096648777 ], [ -89.123314907168648, 36.730594281739251 ], [ -89.123971270691655, 36.730206551379879 ], [ -89.124626504066867, 36.729738326202828 ], [ -89.124887655944619, 36.729367012097647 ], [ -89.124717584427401, 36.729019122621523 ], [ -89.124193196254055, 36.728520429558593 ], [ -89.124561279242613, 36.728257682789703 ], [ -89.12485811275063, 36.727973347922045 ], [ -89.125214968842712, 36.727615690606726 ], [ -89.1255036194502, 36.727488821634736 ], [ -89.126535575116449, 36.726497154214265 ], [ -89.126180879981604, 36.725601180776742 ], [ -89.125499390675202, 36.725531140783055 ], [ -89.125413923639528, 36.72480302524675 ], [ -89.125275039689839, 36.72422757714061 ], [ -89.125360447217844, 36.723452910934519 ], [ -89.12562020226332, 36.722964743709959 ], [ -89.125824646220977, 36.722291067759343 ], [ -89.126150684711689, 36.72167586080954 ], [ -89.126364908580854, 36.721095639421236 ], [ -89.125600517257908, 36.719864850362022 ], [ -89.125614932180227, 36.71927328176325 ], [ -89.126642177611686, 36.718072960419903 ], [ -89.125805259248907, 36.716927686786583 ], [ -89.12572417614787, 36.716513083046657 ], [ -89.125930865754384, 36.716261390980087 ], [ -89.125883103655141, 36.715644641396388 ], [ -89.124832385813832, 36.715307311988916 ], [ -89.125719577097286, 36.714383638144689 ], [ -89.125142924168543, 36.713130866527734 ], [ -89.12516234931077, 36.711849777657477 ], [ -89.125426669244689, 36.71131142176656 ], [ -89.125585327105853, 36.710848549971118 ], [ -89.125628720200496, 36.710375498476786 ], [ -89.12560791082646, 36.709352712595127 ], [ -89.125399758248165, 36.708502739423906 ], [ -89.125586147144162, 36.707698432051082 ], [ -89.125161738485104, 36.706719083472507 ], [ -89.125437949310296, 36.706207097027693 ], [ -89.125256476958938, 36.705686285258224 ], [ -89.124463947391945, 36.705008143056041 ], [ -89.124144960255293, 36.704058611875531 ], [ -89.123824007647542, 36.703457561537839 ], [ -89.123797977862679, 36.703053179118108 ], [ -89.12401693189274, 36.702718713688988 ], [ -89.123733380120342, 36.702298125292884 ], [ -89.123630108244072, 36.702174465333968 ], [ -89.124045753912498, 36.7015431695079 ], [ -89.124063911827506, 36.701267154596103 ], [ -89.124375659938778, 36.700977707819739 ], [ -89.12473403730948, 36.700719228198615 ], [ -89.125190901139987, 36.700431544607987 ], [ -89.125258696206089, 36.699414179525355 ], [ -89.125647522703758, 36.697652033203596 ], [ -89.125854336368491, 36.696959077133421 ], [ -89.126008420152189, 36.696416353154312 ], [ -89.126232158823797, 36.695963483400583 ], [ -89.126222782058292, 36.695570223455647 ], [ -89.126074788504482, 36.693871740220608 ], [ -89.126186567563749, 36.69179602295376 ], [ -89.126101310857749, 36.690448398318182 ], [ -89.126299582452262, 36.689848334785431 ], [ -89.12607833406372, 36.687977366204869 ], [ -89.125619586116002, 36.686731714352412 ], [ -89.125929220048519, 36.686347433679138 ], [ -89.126173557847537, 36.685632967938105 ], [ -89.126638240685992, 36.684370372051461 ], [ -89.12598469507104, 36.68399965188204 ], [ -89.126294584758895, 36.683561176401007 ], [ -89.126570434891946, 36.682871461928137 ], [ -89.126847352567012, 36.682309194043825 ], [ -89.126908786357461, 36.681419372853028 ], [ -89.126494107781099, 36.680186411350043 ], [ -89.126611743101392, 36.679430553965332 ], [ -89.127349856303894, 36.678739807058406 ], [ -89.127287528636288, 36.677845882690782 ], [ -89.12775976327346, 36.677135945777188 ], [ -89.128095903912822, 36.676601074911581 ], [ -89.128307550209684, 36.676159711908532 ], [ -89.129162342240321, 36.675032144478159 ], [ -89.130017809548406, 36.673037224702348 ], [ -89.129908672549206, 36.672440605482805 ], [ -89.129203975502691, 36.671684012069313 ], [ -89.128668432641859, 36.670971674428266 ], [ -89.128171578711985, 36.670447698660354 ], [ -89.128006169648302, 36.669864656157905 ], [ -89.128003736559634, 36.669473690029029 ], [ -89.127543807805651, 36.668998649560763 ], [ -89.12681497505568, 36.668652441434681 ], [ -89.126316287655825, 36.668092623974019 ], [ -89.125946243178987, 36.667694177232157 ], [ -89.125803749696161, 36.667227537042884 ], [ -89.124430105071184, 36.665965887587724 ], [ -89.124117969019409, 36.665092285227828 ], [ -89.123651589167139, 36.664461214292679 ], [ -89.122904351535183, 36.663864984689603 ], [ -89.120306837265915, 36.662209298361546 ], [ -89.112619485216314, 36.66088706960835 ], [ -89.112115945997331, 36.658935072341976 ], [ -89.111322915334981, 36.657624263257183 ], [ -89.109584234107615, 36.653745320606319 ], [ -89.108999190809271, 36.651919496825748 ], [ -89.107004712443342, 36.643351673840847 ], [ -89.106246817996166, 36.638035443956852 ], [ -89.105862268929926, 36.634776782869821 ], [ -89.105012219868513, 36.627117007969794 ], [ -89.103019283394673, 36.618606091848314 ], [ -89.100622462731181, 36.612385448358012 ], [ -89.100039901288596, 36.610730830334006 ], [ -89.098282178947926, 36.604562524912737 ], [ -89.09797943275322, 36.602449633905017 ], [ -89.098167289943362, 36.599645581973014 ], [ -89.098519448805206, 36.599414126164973 ], [ -89.099152903506678, 36.598837488882175 ], [ -89.105692989550292, 36.592675579022263 ], [ -89.108571122120125, 36.589454501232041 ], [ -89.110181746910328, 36.587271471400967 ], [ -89.112203314623969, 36.583428261372553 ], [ -89.112976438994053, 36.582736531329175 ], [ -89.117006019709507, 36.581396082909855 ], [ -89.117573377990894, 36.581390622120139 ], [ -89.123536932318885, 36.582153543865743 ], [ -89.131590351185821, 36.582404398065506 ], [ -89.13785910900522, 36.583061679327585 ], [ -89.144283721002097, 36.58340193505898 ], [ -89.146707971405149, 36.583650295859826 ], [ -89.150520054705225, 36.584368128374656 ], [ -89.15111849693433, 36.584560396235382 ], [ -89.152982715097508, 36.584114917386657 ], [ -89.153824340397563, 36.58455466102604 ], [ -89.15419845104374, 36.584586946440758 ], [ -89.154897015121094, 36.58445584647869 ], [ -89.155469349614492, 36.584441830750535 ], [ -89.155942027495882, 36.584290222716866 ], [ -89.161067332279018, 36.583300105289254 ], [ -89.163689578833058, 36.582149950608539 ], [ -89.164777385531906, 36.582458754728933 ], [ -89.166784839439302, 36.582088003203282 ], [ -89.168902616328651, 36.580899964591453 ], [ -89.171400845881138, 36.579948679563763 ], [ -89.171794548388277, 36.580043002257028 ], [ -89.172404053834896, 36.579917122420845 ], [ -89.172651154117133, 36.579655017097458 ], [ -89.17257757562983, 36.57931150606867 ], [ -89.172821238256347, 36.578932339391713 ], [ -89.173283885796153, 36.57857068412634 ], [ -89.173240570798285, 36.578281715278202 ], [ -89.173212664412375, 36.578095541224698 ], [ -89.173216283001793, 36.577664941882766 ], [ -89.173635516592682, 36.577220249885485 ], [ -89.174333110562941, 36.577098581968038 ], [ -89.174621422985354, 36.5766582821526 ], [ -89.175057420979499, 36.576429743905514 ], [ -89.175400495682837, 36.576313796053313 ], [ -89.175867312972528, 36.576043632947652 ], [ -89.176468738289103, 36.575716043501259 ], [ -89.176600047728101, 36.575503141301944 ], [ -89.176788110061764, 36.575265745507032 ], [ -89.177266140800469, 36.574896639390992 ], [ -89.177434893210531, 36.574443780277043 ], [ -89.177813412928955, 36.574203206485777 ], [ -89.178081267528682, 36.574019696205418 ], [ -89.178338702464444, 36.573790977600297 ], [ -89.178356587351487, 36.57352032709823 ], [ -89.178782919078245, 36.573454430858185 ], [ -89.179353181108723, 36.573317000220193 ], [ -89.179670772018326, 36.573232886325385 ], [ -89.179967969656417, 36.573159240329865 ], [ -89.180680183293163, 36.572999061076203 ], [ -89.181249875473696, 36.573200024528234 ], [ -89.181544096906961, 36.573292018254783 ], [ -89.181817750827889, 36.573317665828633 ], [ -89.181989476987994, 36.573262390918934 ], [ -89.182123217799543, 36.573010180478185 ], [ -89.182379727211952, 36.572848080170246 ], [ -89.182824466172846, 36.573051921928446 ], [ -89.183228789797568, 36.573302119145005 ], [ -89.183497732308638, 36.57366529307739 ], [ -89.184037243598965, 36.573556336096694 ], [ -89.184221617716275, 36.57354634765133 ], [ -89.184435490279526, 36.573351707217839 ], [ -89.184615860629876, 36.573151933758787 ], [ -89.184892884619174, 36.57281545468831 ], [ -89.18519534920874, 36.572582738783993 ], [ -89.18553952356983, 36.572661114024747 ], [ -89.185658713776789, 36.572881810078812 ], [ -89.185993412614408, 36.572921795800262 ], [ -89.186111441684957, 36.573029717136677 ], [ -89.186394771673548, 36.573288572010867 ], [ -89.186403583506603, 36.573469741885148 ], [ -89.186491605649721, 36.57371134821441 ], [ -89.186857640599428, 36.573997099459355 ], [ -89.187759902632351, 36.574229799877621 ], [ -89.188201291031987, 36.574320545120202 ], [ -89.188664878388053, 36.574255272038172 ], [ -89.189375360349956, 36.573990857795373 ], [ -89.18982806048237, 36.574045584298837 ], [ -89.190362182438321, 36.573889998483111 ], [ -89.191189221379773, 36.573062157279871 ], [ -89.1913947992213, 36.572722181284021 ], [ -89.191682045943892, 36.572639805987905 ], [ -89.192204131264589, 36.572535483252253 ], [ -89.192815504624292, 36.572424821202894 ], [ -89.193770284251343, 36.572391181488953 ], [ -89.194588467303248, 36.572289158386276 ], [ -89.197542073931004, 36.57167135633577 ], [ -89.197883572157863, 36.571495654159015 ], [ -89.198221948677642, 36.571117573035288 ], [ -89.198761923564319, 36.57015184429001 ], [ -89.199146389571339, 36.569696521527554 ], [ -89.199373708688029, 36.569345431033661 ], [ -89.199631567940898, 36.568662019018198 ], [ -89.19968287681877, 36.568302710391471 ], [ -89.20075560192906, 36.566250118591775 ], [ -89.200997387462237, 36.566022855726395 ], [ -89.2012686966888, 36.565585471134781 ], [ -89.201572251486624, 36.564878250144247 ], [ -89.201617877079954, 36.56439154054766 ], [ -89.201721180087745, 36.564003211733002 ], [ -89.202097445453589, 36.563637926348363 ], [ -89.202146955698737, 36.563352621028258 ], [ -89.202395458137872, 36.563132457596389 ], [ -89.202741554613212, 36.562581662743185 ], [ -89.202822372938172, 36.562254392213994 ], [ -89.203032438325749, 36.561984868882696 ], [ -89.202854034663588, 36.561598469985363 ], [ -89.205449872461955, 36.558195051002556 ], [ -89.205935026023909, 36.557890049288481 ], [ -89.206187800466935, 36.557624799419159 ], [ -89.206734518907538, 36.556639081430866 ], [ -89.207118906346949, 36.556499480615315 ], [ -89.208323142089171, 36.55551578416506 ], [ -89.208666329895124, 36.555228858595413 ], [ -89.209303720721678, 36.554791466172325 ], [ -89.209813994580884, 36.554499767962987 ], [ -89.210093157970348, 36.554169681597749 ], [ -89.210440016968988, 36.553901309232259 ], [ -89.210903615181067, 36.553542583412927 ], [ -89.211528750193068, 36.552953752705861 ], [ -89.211951295422097, 36.552843978658458 ], [ -89.212280503181375, 36.552657064936696 ], [ -89.212570290239384, 36.552434180590517 ], [ -89.212842710844399, 36.552467738959251 ], [ -89.213223981569797, 36.552446310421644 ], [ -89.213977807319637, 36.552111704054568 ], [ -89.214364848184601, 36.551947249854933 ], [ -89.214572567255956, 36.552031791781708 ], [ -89.215035055871326, 36.552125187415726 ], [ -89.215276191408492, 36.551988195796618 ], [ -89.215859872651365, 36.551857774198922 ], [ -89.216076953586708, 36.551601229499425 ], [ -89.216262131475617, 36.551418399598511 ], [ -89.216562416049214, 36.551148347224988 ], [ -89.217031288648101, 36.550950845102015 ], [ -89.217386569182594, 36.550690182549928 ], [ -89.217718400009687, 36.550310665352015 ], [ -89.21817904980476, 36.549756311755146 ], [ -89.21858046419797, 36.549595709336181 ], [ -89.218995116917895, 36.549234008249464 ], [ -89.219604745136351, 36.548815820604652 ], [ -89.220199845091187, 36.548481791477194 ], [ -89.220763947441085, 36.547924350701294 ], [ -89.221187515894783, 36.547503234424362 ], [ -89.221505796582733, 36.546944264166434 ], [ -89.221473900214917, 36.546626889517192 ], [ -89.22273394383808, 36.545530682947842 ], [ -89.223089417199844, 36.545257458805821 ], [ -89.224216749147857, 36.544579533054375 ], [ -89.224873134525183, 36.544501554880462 ], [ -89.225166356289392, 36.544242270514097 ], [ -89.225727444222443, 36.543905718630938 ], [ -89.226213895176016, 36.543584311522622 ], [ -89.226503139897332, 36.543220405360735 ], [ -89.22675589611994, 36.542963870571164 ], [ -89.227988373961438, 36.54243202080243 ], [ -89.228467064365873, 36.54218657196396 ], [ -89.228829402714709, 36.542030052569267 ], [ -89.229120332789577, 36.541790969320481 ], [ -89.229528008225444, 36.541498171852076 ], [ -89.229925040724012, 36.541338303945196 ], [ -89.230230449831211, 36.541235911988544 ], [ -89.230619768451433, 36.540740228162335 ], [ -89.231069277178435, 36.540468890735312 ], [ -89.231322447527958, 36.540197558379532 ], [ -89.231419611271789, 36.540105816572996 ], [ -89.231504863101122, 36.539915728772947 ], [ -89.231816523846788, 36.539790959319305 ], [ -89.232188788696334, 36.539467015055358 ], [ -89.23291101014118, 36.538781517952785 ], [ -89.233410614541256, 36.538511719758191 ], [ -89.233636993357564, 36.53813345922044 ], [ -89.233937681061022, 36.537825364911477 ], [ -89.234370653261919, 36.537695148138795 ], [ -89.234823260117793, 36.53736423724289 ], [ -89.235480527745835, 36.537087062207974 ], [ -89.235707376165067, 36.536904347406427 ], [ -89.236209655710098, 36.53672365189145 ], [ -89.236795546600575, 36.5365668639609 ], [ -89.237075695246716, 36.536496634002603 ], [ -89.237441139729441, 36.536211561730155 ], [ -89.237960122712863, 36.535841931344976 ], [ -89.238176864587246, 36.535649798706437 ], [ -89.238131435625732, 36.535240462858532 ], [ -89.238370843702555, 36.53490365992706 ], [ -89.238887336532045, 36.534848114406657 ], [ -89.239479705811519, 36.534499960192214 ], [ -89.239830435400066, 36.534171418946457 ], [ -89.240164255577781, 36.533760211878466 ], [ -89.240135452589513, 36.53324630225638 ], [ -89.240010134506605, 36.532597385031096 ], [ -89.240624114346332, 36.532144159622881 ], [ -89.240660066867207, 36.531682966187049 ], [ -89.240849188432847, 36.531134322900229 ], [ -89.24166789430879, 36.52986845084952 ], [ -89.24177312294826, 36.529485641382628 ], [ -89.242243154631453, 36.529126417655512 ], [ -89.242451642327168, 36.528829551638417 ], [ -89.242742899248299, 36.528608099422271 ], [ -89.243064132491355, 36.528286729326261 ], [ -89.24357459058244, 36.527308902110583 ], [ -89.243985943547244, 36.527013394051934 ], [ -89.244012873523317, 36.526800819646226 ], [ -89.244086247852934, 36.526325038751786 ], [ -89.244468647554484, 36.525894452916503 ], [ -89.244782101973101, 36.525324058484053 ], [ -89.245541725596823, 36.524505302501986 ], [ -89.246541810137145, 36.523555159727486 ], [ -89.246921381233719, 36.52332965749202 ], [ -89.246906644274731, 36.522917177042409 ], [ -89.24698257568852, 36.5226959568203 ], [ -89.247130467385801, 36.522573503679858 ], [ -89.247283517955438, 36.522030848283137 ], [ -89.247507322499004, 36.521717151599418 ], [ -89.247712923037255, 36.521576196767789 ], [ -89.248070352121871, 36.521234128255344 ], [ -89.248378989803697, 36.520923089586354 ], [ -89.248042663774328, 36.520615313872185 ], [ -89.248312072119589, 36.520430201724153 ], [ -89.248633242749733, 36.519907544270112 ], [ -89.249004938369197, 36.51992849390318 ], [ -89.2490838550587, 36.519646599689899 ], [ -89.249062788598721, 36.519366587030603 ], [ -89.249288531591702, 36.519220044259839 ], [ -89.249247721769223, 36.518888866490755 ], [ -89.249214775752577, 36.518582008415571 ], [ -89.249364406131718, 36.518082135500002 ], [ -89.249711198132687, 36.517885552602593 ], [ -89.250843867528673, 36.517677718149791 ], [ -89.251330926074317, 36.517333925163506 ], [ -89.251590630137741, 36.516988109795932 ], [ -89.25196882548147, 36.516735102101258 ], [ -89.252325536870103, 36.516659161312376 ], [ -89.252594322321386, 36.516547845874676 ], [ -89.252738068174111, 36.516245017688171 ], [ -89.253228615238541, 36.515819880232506 ], [ -89.253403790439933, 36.515532528628206 ], [ -89.253704424140651, 36.515417079948641 ], [ -89.253779494212907, 36.515095702834699 ], [ -89.254109873582195, 36.514910033709896 ], [ -89.254422901287043, 36.514728603978426 ], [ -89.254691964174285, 36.514564329348666 ], [ -89.254850580449528, 36.514371814812357 ], [ -89.255133653580586, 36.514285263806087 ], [ -89.255174408372994, 36.513997856821042 ], [ -89.255341522079448, 36.513792732348406 ], [ -89.255487413759624, 36.513592691275562 ], [ -89.255646622094574, 36.51329152665447 ], [ -89.255754815211745, 36.513195568877997 ], [ -89.255835411462314, 36.513001578140354 ], [ -89.256107108623667, 36.512932247741709 ], [ -89.256374592997801, 36.51237489065776 ], [ -89.256628194169366, 36.511810472699374 ], [ -89.257015884355852, 36.511311791612599 ], [ -89.257322668236952, 36.511020525253258 ], [ -89.257371642097596, 36.510825549191409 ], [ -89.25733498884712, 36.510597012180916 ], [ -89.257209090056918, 36.510260781466229 ], [ -89.257350416177246, 36.510131403563385 ], [ -89.257556725590916, 36.509967039233011 ], [ -89.257722321855596, 36.5098085183335 ], [ -89.257974458683307, 36.509568824917359 ], [ -89.258173153909098, 36.509260329514362 ], [ -89.258253266664909, 36.508986986842551 ], [ -89.258450752524439, 36.508779058223482 ], [ -89.258483849502383, 36.508571868718469 ], [ -89.259075643813375, 36.508089799664944 ], [ -89.259094687254333, 36.507862540896802 ], [ -89.259458013991235, 36.507804374668275 ], [ -89.259920917160514, 36.507447429676809 ], [ -89.260020953816863, 36.507051402947724 ], [ -89.260165213006218, 36.50650081015494 ], [ -89.260513698093092, 36.506299342396261 ], [ -89.260737526621114, 36.505919478319804 ], [ -89.261172818783066, 36.505748273617641 ], [ -89.261544406553114, 36.505421026809827 ], [ -89.261863227547749, 36.505029880657673 ], [ -89.261963810948998, 36.504829317265717 ], [ -89.262187068801381, 36.504473118394266 ], [ -89.26252968501106, 36.50402812808391 ], [ -89.263025134042309, 36.503556715839714 ], [ -89.263280655545529, 36.503383438238949 ], [ -89.263547872215597, 36.503156874712673 ], [ -89.26356727004881, 36.50284827820547 ], [ -89.264013983472054, 36.502218038951099 ], [ -89.264451029375806, 36.502071771542198 ], [ -89.264665659876258, 36.502033348845387 ], [ -89.264853392478557, 36.501667277111459 ], [ -89.265058187055956, 36.501417214260648 ], [ -89.265201982552597, 36.501217575417215 ], [ -89.265823565646258, 36.501044717154066 ], [ -89.266169038631858, 36.500806631383924 ], [ -89.266639039617203, 36.500521603488593 ], [ -89.267068442365783, 36.500134009871729 ], [ -89.26726178701432, 36.499857124160144 ], [ -89.26760831492291, 36.499554804200606 ], [ -89.267709812886451, 36.49912693043521 ], [ -89.268023937267671, 36.498994433381867 ], [ -89.268253454703824, 36.498876899564607 ], [ -89.269060234543829, 36.498328256158956 ], [ -89.269341181121973, 36.49778091570024 ], [ -89.269339806638143, 36.497335054935135 ], [ -89.269565102809693, 36.496760974681713 ], [ -89.269830725861425, 36.496514323546535 ], [ -89.269824229947815, 36.496180482903689 ], [ -89.270096922097977, 36.49597950555345 ], [ -89.270359478438024, 36.495732150438883 ], [ -89.270666573907249, 36.495463509747061 ], [ -89.270952566521416, 36.495355777531941 ], [ -89.271108750312706, 36.495246851932905 ], [ -89.271357346255584, 36.495407264125987 ], [ -89.27172111671932, 36.495308410672259 ], [ -89.271916591296247, 36.49500988385153 ], [ -89.272356299514072, 36.494800776588775 ], [ -89.272861691102577, 36.494605969757352 ], [ -89.273131273231726, 36.494364751914375 ], [ -89.273533051216148, 36.494083029903535 ], [ -89.273938703883758, 36.493835305130617 ], [ -89.274436980041244, 36.493315725931254 ], [ -89.27451724987263, 36.492929986534037 ], [ -89.275212222498411, 36.492756607515233 ], [ -89.275585059691508, 36.492558678632712 ], [ -89.275902224580634, 36.492102232395688 ], [ -89.276152379182278, 36.491860890199561 ], [ -89.276494875265669, 36.491635256119807 ], [ -89.277197039269907, 36.491281428060319 ], [ -89.277900886067926, 36.49113585803633 ], [ -89.278393349152665, 36.490853022129407 ], [ -89.278660360909811, 36.490642688166183 ], [ -89.279161836187171, 36.490745827224579 ], [ -89.27991092462409, 36.490496048800544 ], [ -89.280400804978427, 36.49043175063651 ], [ -89.281183111455491, 36.490327175765437 ], [ -89.281396492024285, 36.489925114591614 ], [ -89.281822788207947, 36.489563209393872 ], [ -89.282236227056316, 36.489327657015679 ], [ -89.282354371680427, 36.489204468693174 ], [ -89.282392476077135, 36.488690610765268 ], [ -89.282735460854724, 36.488301743794771 ], [ -89.283231894516973, 36.487861616484537 ], [ -89.283662885868551, 36.487317004797788 ], [ -89.284152589556456, 36.486984559417806 ], [ -89.285230019164558, 36.487111224563463 ], [ -89.286143986781397, 36.486756492191596 ], [ -89.286510277093541, 36.486358752864462 ], [ -89.2871543214262, 36.486379742734229 ], [ -89.287490253723789, 36.486244441921762 ], [ -89.288932744018638, 36.485156779987904 ], [ -89.289719716883752, 36.484311451938332 ], [ -89.291406637541414, 36.48444808054866 ], [ -89.29157887020439, 36.483630903125544 ], [ -89.29184480139125, 36.4830942605251 ], [ -89.292101646829906, 36.482451787167726 ], [ -89.292498803172364, 36.481895081998957 ], [ -89.292598738889637, 36.481500354439511 ], [ -89.292526192207902, 36.481182802461149 ], [ -89.293286020096104, 36.48103365231615 ], [ -89.293508794723436, 36.480955578777113 ], [ -89.293913619914875, 36.480850650021885 ], [ -89.294507423256448, 36.480598632682536 ], [ -89.29488812908869, 36.480318671815027 ], [ -89.295279918278496, 36.479896868579594 ], [ -89.296232139523383, 36.479597089307298 ], [ -89.296455051777258, 36.479259562579223 ], [ -89.29679102381796, 36.478938004963744 ], [ -89.297087721104702, 36.478801632226229 ], [ -89.297230929254027, 36.478246611925186 ], [ -89.297472528851088, 36.477929672993064 ], [ -89.297774194213048, 36.477497157086255 ], [ -89.298145780517629, 36.477349234019982 ], [ -89.298300425001202, 36.477149017891556 ], [ -89.298735891030674, 36.476745036588262 ], [ -89.298959218588564, 36.47653283530996 ], [ -89.299601292476851, 36.476339561996831 ], [ -89.300001733872577, 36.476120647059986 ], [ -89.300430688270012, 36.476025007173043 ], [ -89.301006195733706, 36.475629474620604 ], [ -89.30138579432311, 36.475216079709888 ], [ -89.302187213138183, 36.474601583283054 ], [ -89.302588620896245, 36.474156155294509 ], [ -89.302968401961635, 36.473788131015581 ], [ -89.303481140427849, 36.473498199479515 ], [ -89.303758468429962, 36.472949968092024 ], [ -89.304331765814382, 36.472506102848101 ], [ -89.304707941001752, 36.472038033828305 ], [ -89.3051353001959, 36.471551426194438 ], [ -89.305502571647679, 36.471326129484574 ], [ -89.305702473113897, 36.470802657660933 ], [ -89.305789433261594, 36.470394815256348 ], [ -89.306192089277332, 36.469984995429506 ], [ -89.306436709761385, 36.469726131427649 ], [ -89.30644558383463, 36.468964621119966 ], [ -89.306625707663272, 36.468831170462352 ], [ -89.306698836467646, 36.468563600762813 ], [ -89.30713811084172, 36.468353910324971 ], [ -89.307337591958714, 36.468203501195383 ], [ -89.30754009815972, 36.467901248686417 ], [ -89.30770943711039, 36.467763567919341 ], [ -89.307762260842679, 36.467551104292099 ], [ -89.307928134317123, 36.467364592662157 ], [ -89.308297688167642, 36.467023041360832 ], [ -89.308491873940753, 36.466626143663291 ], [ -89.308672418478579, 36.466206994449685 ], [ -89.308822570904937, 36.465467353517738 ], [ -89.308955137853843, 36.465198683689685 ], [ -89.309101728740075, 36.464942912666615 ], [ -89.309068623894746, 36.464620324037568 ], [ -89.308754915382863, 36.464306809548525 ], [ -89.309037910965344, 36.463423200710153 ], [ -89.309180403799431, 36.463088054908496 ], [ -89.309351679861066, 36.462735328440679 ], [ -89.309521550942577, 36.462403392869469 ], [ -89.309668006220122, 36.462028674155704 ], [ -89.309823904975346, 36.461856282176001 ], [ -89.309869486262798, 36.461587170618259 ], [ -89.3100691651604, 36.461236119224061 ], [ -89.310024712571689, 36.461003449153097 ], [ -89.309894864887767, 36.46048170059435 ], [ -89.308777158059669, 36.458920933193724 ], [ -89.308227233153062, 36.457714407456194 ], [ -89.307429877102351, 36.457373224107172 ], [ -89.306532475460557, 36.457188622618062 ], [ -89.300818273893142, 36.455937187667068 ], [ -89.297918188445763, 36.453403798882775 ], [ -89.295112665524343, 36.449694806448854 ], [ -89.29273636290192, 36.446199216487294 ], [ -89.291218122969184, 36.443130538146463 ], [ -89.290290972977644, 36.441136860310237 ], [ -89.290361841487552, 36.440228164156665 ], [ -89.29088215498129, 36.440021400536658 ], [ -89.291155592951881, 36.439686537054079 ], [ -89.291350858431258, 36.439137703313129 ], [ -89.291427088448003, 36.438870664321236 ], [ -89.291674985468447, 36.438504477310445 ], [ -89.29169000544033, 36.438128416987254 ], [ -89.291842574185111, 36.437780673399502 ], [ -89.292120537162418, 36.437449952716641 ], [ -89.29255978201455, 36.437266582661167 ], [ -89.293252098329063, 36.437314323781393 ], [ -89.293598842288347, 36.437460484498025 ], [ -89.294243359462897, 36.437609095704943 ], [ -89.29486792694658, 36.437621194289669 ], [ -89.295646113772875, 36.437573892633601 ], [ -89.296081268582782, 36.437316174091656 ], [ -89.296190369994378, 36.436915318388024 ], [ -89.297948070800004, 36.43302572641678 ], [ -89.299497020694432, 36.432302085643386 ], [ -89.30231838172385, 36.431965990497019 ], [ -89.302509336522434, 36.432088282737062 ], [ -89.302767592406752, 36.432073380120102 ], [ -89.305567864912703, 36.430828444406238 ], [ -89.305926961379186, 36.430622591940704 ], [ -89.306313098619327, 36.430245630787525 ], [ -89.306705858000512, 36.43001981676084 ], [ -89.307053237363803, 36.429752552413781 ], [ -89.307232754155962, 36.429564682920144 ], [ -89.307264725217948, 36.429152606475078 ], [ -89.307606257153552, 36.428991132824351 ], [ -89.307877930704038, 36.428654721713428 ], [ -89.308332341490001, 36.428485322709427 ], [ -89.308546807414714, 36.428127581639899 ], [ -89.308860833057196, 36.427798843384465 ], [ -89.309207051165487, 36.427501795106821 ], [ -89.309722767251003, 36.427222184002495 ], [ -89.310214440639228, 36.426891880969499 ], [ -89.310441377281734, 36.426611947540707 ], [ -89.31061040407765, 36.426474158825918 ], [ -89.310643832488523, 36.426133263146141 ], [ -89.311131041377024, 36.425878140144562 ], [ -89.311385658277217, 36.425976652616818 ], [ -89.311698653952774, 36.425930215374621 ], [ -89.311892384223952, 36.425750297312227 ], [ -89.312248047720487, 36.425437055378175 ], [ -89.312525600651398, 36.425242367243023 ], [ -89.312773931342349, 36.425165694252527 ], [ -89.31323908084174, 36.425010585409623 ], [ -89.313860962767279, 36.424863439026737 ], [ -89.313835371099941, 36.424451239640653 ], [ -89.313729917221977, 36.424277765930853 ], [ -89.313562158146752, 36.423909529949164 ], [ -89.31352528875631, 36.423501298273429 ], [ -89.313751877534713, 36.422956484152742 ], [ -89.314054501201682, 36.422685285076184 ], [ -89.314173434869673, 36.42212976623216 ], [ -89.314452636522759, 36.42181843527996 ], [ -89.314649096159513, 36.421590027862408 ], [ -89.314672951567317, 36.421344103424566 ], [ -89.314736200533645, 36.420792811757558 ], [ -89.315097137483235, 36.420537780490285 ], [ -89.315058608954672, 36.420113007616848 ], [ -89.314978293190265, 36.419997978292564 ], [ -89.315059681187833, 36.419769594964656 ], [ -89.315324427411952, 36.419603279892684 ], [ -89.315225070899288, 36.419326062236657 ], [ -89.315597411926447, 36.418761798805434 ], [ -89.315968672388479, 36.41860629839519 ], [ -89.316265469585858, 36.418360237475348 ], [ -89.316634684981892, 36.418059502842027 ], [ -89.316710546365954, 36.417725044219871 ], [ -89.316762265768574, 36.417187875328487 ], [ -89.316929848452745, 36.416998176467757 ], [ -89.317164279724778, 36.416678413512678 ], [ -89.317401956519916, 36.41611617203047 ], [ -89.31777596556843, 36.415992302313931 ], [ -89.31820478221735, 36.415806141378731 ], [ -89.318110006277522, 36.415231163330034 ], [ -89.317947158539695, 36.414850294691426 ], [ -89.318459067772537, 36.414888441971968 ], [ -89.318551308427843, 36.41463307166989 ], [ -89.318740882303501, 36.414416565788706 ], [ -89.31894425812655, 36.413906437925874 ], [ -89.319127067529649, 36.413600324995329 ], [ -89.31935623676172, 36.413419988049768 ], [ -89.319581911607116, 36.413153410461277 ], [ -89.320309512721366, 36.412301229494339 ], [ -89.320736345499711, 36.411722573666921 ], [ -89.321061282940121, 36.411470468448506 ], [ -89.321295335896579, 36.411197281200003 ], [ -89.32145128285913, 36.410949976264732 ], [ -89.32169259921902, 36.410780837089078 ], [ -89.321745056335899, 36.410536419671487 ], [ -89.322126663547792, 36.410293843231251 ], [ -89.322420202921464, 36.410129121852385 ], [ -89.322740703708945, 36.409718293357827 ], [ -89.323139959942225, 36.409472719822986 ], [ -89.323362905485212, 36.409138597763672 ], [ -89.323562892172873, 36.408884817134876 ], [ -89.323750234933797, 36.408632806531038 ], [ -89.324004002334505, 36.407953659094524 ], [ -89.324118894527317, 36.407736691091742 ], [ -89.325140025390255, 36.407120711692762 ], [ -89.325492099546992, 36.40701222155468 ], [ -89.325853161923746, 36.406802357549211 ], [ -89.326350078931171, 36.406347686505846 ], [ -89.326747312922578, 36.40602399162352 ], [ -89.326699437001921, 36.405515396767214 ], [ -89.326993422364296, 36.405528882067252 ], [ -89.327229770141827, 36.405438072266186 ], [ -89.327461683934246, 36.405429964490573 ], [ -89.327708993269681, 36.405182797380867 ], [ -89.327975153393041, 36.405024760397751 ], [ -89.328429619759703, 36.404779597950437 ], [ -89.328860811923249, 36.404469994753768 ], [ -89.329060547781623, 36.404341943143287 ], [ -89.329088457526524, 36.404137717210958 ], [ -89.329100322277597, 36.403875557214839 ], [ -89.329439141217193, 36.403634640858044 ], [ -89.329505849324889, 36.403500760432841 ], [ -89.32947266948247, 36.40331417397126 ], [ -89.330028580046616, 36.403101459354033 ], [ -89.330445404995061, 36.402800335160777 ], [ -89.330945920420319, 36.402145901482839 ], [ -89.331273355856652, 36.401998084199299 ], [ -89.331380096351253, 36.401608565670408 ], [ -89.33176500035097, 36.401375695999754 ], [ -89.332535226711968, 36.400618237449486 ], [ -89.332927904917526, 36.400294977548526 ], [ -89.333195600446729, 36.399943082992721 ], [ -89.333497774503186, 36.399491324027757 ], [ -89.333897532130067, 36.398962142685178 ], [ -89.333882535772034, 36.398718647660559 ], [ -89.333931208483079, 36.398184132623577 ], [ -89.334500668082086, 36.397835437828867 ], [ -89.335020843977219, 36.397376105944574 ], [ -89.334947052617778, 36.396920456137551 ], [ -89.335382578505047, 36.396206051988884 ], [ -89.335464522657162, 36.396096275520662 ], [ -89.336095036309047, 36.396077469900639 ], [ -89.336268434043959, 36.395846153841575 ], [ -89.336495704043983, 36.395429301199663 ], [ -89.336748364818433, 36.395115914248777 ], [ -89.336505335032697, 36.394789143381331 ], [ -89.336885579347793, 36.39463603097964 ], [ -89.337186774958795, 36.394325789785348 ], [ -89.337123141082998, 36.393946670652838 ], [ -89.33739995612315, 36.393707850583155 ], [ -89.33774186417574, 36.392809057871062 ], [ -89.338102504772905, 36.392456672241593 ], [ -89.338319067018986, 36.391908693172496 ], [ -89.338435238922514, 36.391462389785126 ], [ -89.338709019515463, 36.391257709903961 ], [ -89.339129167234105, 36.390786864743397 ], [ -89.339138116692595, 36.390383402616493 ], [ -89.339364415820086, 36.390103119407861 ], [ -89.33944311156192, 36.389707433362517 ], [ -89.339621216270743, 36.389601507454081 ], [ -89.339858781611127, 36.389135876897697 ], [ -89.340003150880037, 36.38903081280889 ], [ -89.339801737949443, 36.388490677572008 ], [ -89.339626548767598, 36.387890983759938 ], [ -89.339434487882372, 36.387361095767019 ], [ -89.339531667200291, 36.386847142834924 ], [ -89.339863125904387, 36.386506745722698 ], [ -89.340310709195322, 36.386133551697583 ], [ -89.340713195214931, 36.385927458676946 ], [ -89.341227991523709, 36.385766971848859 ], [ -89.341641236936283, 36.385267789662741 ], [ -89.341837760470327, 36.384824896286901 ], [ -89.341955671062593, 36.3843862913347 ], [ -89.342074427475026, 36.383439067242151 ], [ -89.343770916227868, 36.382885137317814 ], [ -89.344606519556478, 36.383106574772761 ], [ -89.34522203783834, 36.382875361285251 ], [ -89.34573764494165, 36.382422896713933 ], [ -89.346203590445612, 36.381909389157329 ], [ -89.346688797479658, 36.38158389865815 ], [ -89.346974626495893, 36.381179130076823 ], [ -89.346948025532356, 36.380668011912832 ], [ -89.347607861231481, 36.380393975926197 ], [ -89.347976013842924, 36.380371570427883 ], [ -89.348063838411818, 36.380141844936624 ], [ -89.348269499698375, 36.379915315114054 ], [ -89.348555326000195, 36.379603751088553 ], [ -89.348940980035309, 36.379340276255782 ], [ -89.349132960758539, 36.379157554101411 ], [ -89.349491290271786, 36.378900604947411 ], [ -89.349676349992308, 36.378142684444128 ], [ -89.349927035340158, 36.377837740675076 ], [ -89.350218574936662, 36.377357849699045 ], [ -89.350488032060667, 36.376986651711462 ], [ -89.351862545809595, 36.376391803260177 ], [ -89.352334397382521, 36.376141159318422 ], [ -89.352655261715412, 36.376043242588302 ], [ -89.352553857497398, 36.37549551189754 ], [ -89.353003801383394, 36.3749022088979 ], [ -89.353306042624823, 36.374722339323512 ], [ -89.35372844104036, 36.374564713468359 ], [ -89.354004888356229, 36.374308417343897 ], [ -89.354297461480797, 36.373871907035628 ], [ -89.35458529533129, 36.373567339446033 ], [ -89.354600437222118, 36.373244252341649 ], [ -89.354515527146404, 36.372797368787246 ], [ -89.354132996927078, 36.372228173905846 ], [ -89.354928478158527, 36.371693603135846 ], [ -89.355374408862033, 36.371799394953129 ], [ -89.355524140145832, 36.371766773182884 ], [ -89.355781219073037, 36.371651508183206 ], [ -89.356084947868297, 36.371563154375878 ], [ -89.35626826455082, 36.37155397589266 ], [ -89.356589064015637, 36.371469134131374 ], [ -89.356813525048011, 36.371145121962236 ], [ -89.357195370373432, 36.37114122654549 ], [ -89.357292104908325, 36.371050033552422 ], [ -89.357589559273848, 36.370704342311988 ], [ -89.357577925111727, 36.370432030829257 ], [ -89.357603960014416, 36.369949927811909 ], [ -89.357543702902589, 36.369779176478069 ], [ -89.35806814630152, 36.369497476498275 ], [ -89.35856745324034, 36.369596760489522 ], [ -89.35875119771319, 36.369731747374693 ], [ -89.359092230467255, 36.369556318919486 ], [ -89.359206897683237, 36.369324893937957 ], [ -89.359300663145589, 36.369065158892127 ], [ -89.359518177402251, 36.368776748358812 ], [ -89.359687733192828, 36.368347364778209 ], [ -89.359971676255157, 36.368121805044282 ], [ -89.360380297781361, 36.368006105553917 ], [ -89.360459289310029, 36.367868381945826 ], [ -89.360674700061281, 36.36738132152454 ], [ -89.361026976371747, 36.367330937278851 ], [ -89.36133727225608, 36.367018670960192 ], [ -89.361566413960915, 36.366752391972945 ], [ -89.361767879340448, 36.366499255414745 ], [ -89.362041897870157, 36.366115641670838 ], [ -89.36221422114653, 36.36581136385729 ], [ -89.362504253925891, 36.365526621751123 ], [ -89.362649092687278, 36.365172621420193 ], [ -89.362835305532641, 36.364892725553148 ], [ -89.363206856250898, 36.364858616185678 ], [ -89.363510394259364, 36.364827627303704 ], [ -89.36365371792256, 36.364569137418648 ], [ -89.363819939312307, 36.364331462228982 ], [ -89.364082273601355, 36.3640144927897 ], [ -89.364250137181926, 36.363945283827277 ], [ -89.364352939828322, 36.36371673308529 ], [ -89.364557000675319, 36.36364130898523 ], [ -89.364923754008231, 36.363294849897763 ], [ -89.365041960015404, 36.363149395953364 ], [ -89.365369990099268, 36.362895939540742 ], [ -89.365572475355506, 36.36254495903011 ], [ -89.365699393653074, 36.362280338843448 ], [ -89.365696999956199, 36.361917986197575 ], [ -89.365917080672929, 36.361817450044633 ], [ -89.366029430474455, 36.361520892654177 ], [ -89.366270321650134, 36.361376321906789 ], [ -89.366383727886145, 36.361141106622789 ], [ -89.366412549024275, 36.360689931355907 ], [ -89.366529551378591, 36.360477112079913 ], [ -89.366542696859128, 36.360244379560775 ], [ -89.366428250428243, 36.360025966386971 ], [ -89.366087205469142, 36.359878456721994 ], [ -89.365880723418599, 36.359935973604742 ], [ -89.365646142436304, 36.359922952970251 ], [ -89.365302343903991, 36.359632203959087 ], [ -89.365039118671632, 36.359602912191939 ], [ -89.365545443482262, 36.358468481486142 ], [ -89.365834167147369, 36.358673665517436 ], [ -89.366040170576227, 36.358808728780829 ], [ -89.366442385887609, 36.358937083648094 ], [ -89.367426441063799, 36.358998504912705 ], [ -89.367696779481193, 36.358914108156135 ], [ -89.367823542710255, 36.358724468116364 ], [ -89.36796110460925, 36.358460259436633 ], [ -89.368217042231933, 36.358435638868514 ], [ -89.368555509361101, 36.358273308796946 ], [ -89.368829958808945, 36.357904296391645 ], [ -89.369049727459412, 36.357326290187615 ], [ -89.369199729448468, 36.356976371742121 ], [ -89.369432548265237, 36.356852394470131 ], [ -89.369663511283463, 36.356433125760425 ], [ -89.369893556305655, 36.35605209703936 ], [ -89.370048706040876, 36.355901790328801 ], [ -89.37007291509839, 36.35563182195753 ], [ -89.369809992174979, 36.355082926311596 ], [ -89.37003999608153, 36.35474027476296 ], [ -89.370318644102497, 36.354687815867742 ], [ -89.370814513034475, 36.354361944651835 ], [ -89.371013331348507, 36.3541482651232 ], [ -89.371291712215637, 36.353726671370154 ], [ -89.371372337634455, 36.353539598016418 ], [ -89.371209310867741, 36.353217504091774 ], [ -89.371478432722412, 36.352901073432896 ], [ -89.371387057877584, 36.352450835124536 ], [ -89.371559328256879, 36.352315979245596 ], [ -89.371925702359547, 36.352066490733129 ], [ -89.372092290310576, 36.351829090782459 ], [ -89.372185450637005, 36.351524831224985 ], [ -89.372334217195942, 36.351368419762373 ], [ -89.372381911272981, 36.350788381380831 ], [ -89.372585381030291, 36.350359623697969 ], [ -89.372958625315505, 36.349824256547194 ], [ -89.373019794495278, 36.349463217060077 ], [ -89.373283082308674, 36.349093841724553 ], [ -89.373491635650723, 36.348531211894851 ], [ -89.373645749141787, 36.348273397729557 ], [ -89.37373624310348, 36.347832183425581 ], [ -89.374012112675913, 36.347448824402825 ], [ -89.374165390824373, 36.347083959546801 ], [ -89.374203981501893, 36.346845296540877 ], [ -89.373821271427218, 36.346543921083743 ], [ -89.37348099564251, 36.346524964348546 ], [ -89.373776478606544, 36.34607813729761 ], [ -89.374116321741624, 36.345917108331349 ], [ -89.37439955910294, 36.345477736758824 ], [ -89.37409850429556, 36.34501039015305 ], [ -89.374241633719279, 36.344679804804279 ], [ -89.373906926838472, 36.344595098115747 ], [ -89.374079635022284, 36.344080178352307 ], [ -89.374298492196758, 36.343921902989628 ], [ -89.374445132212472, 36.343748922770693 ], [ -89.374846420579374, 36.34349950554531 ], [ -89.375154544989996, 36.343377306317294 ], [ -89.375316371516575, 36.342834013747265 ], [ -89.375099424084723, 36.34252989188991 ], [ -89.375164852980419, 36.342173419917465 ], [ -89.374973111462722, 36.341939849679491 ], [ -89.37491819307985, 36.341601820261985 ], [ -89.375202412947729, 36.341189031148808 ], [ -89.375130676539243, 36.340730684533831 ], [ -89.375270145666647, 36.340444111399577 ], [ -89.375564571313006, 36.340188767710757 ], [ -89.375777700455444, 36.340019472082915 ], [ -89.375997577318358, 36.339793687664418 ], [ -89.376082299776343, 36.339481174567858 ], [ -89.375877522269661, 36.339046316031457 ], [ -89.375305723608633, 36.339089607168788 ], [ -89.375324741288054, 36.338848000749181 ], [ -89.375387583909685, 36.338482895073248 ], [ -89.375442614388703, 36.338338350933931 ], [ -89.375518178269488, 36.338284528053258 ], [ -89.375934626716614, 36.338396844646034 ], [ -89.376155532990666, 36.338600106575051 ], [ -89.376474361321513, 36.338743532405985 ], [ -89.376260717453803, 36.338257510618519 ], [ -89.376046222691556, 36.338042135144981 ], [ -89.376178490830185, 36.337647361599331 ], [ -89.376461217528984, 36.337613600223044 ], [ -89.376407109116428, 36.337056035856293 ], [ -89.37658178787143, 36.336596845689911 ], [ -89.376712499770463, 36.336034757839862 ], [ -89.376722181409377, 36.335653527876154 ], [ -89.376627354214079, 36.335176567829791 ], [ -89.376759465349593, 36.334770818925669 ], [ -89.376770578929495, 36.334350492056934 ], [ -89.37679003359851, 36.333855547475515 ], [ -89.376909086603533, 36.333471624905457 ], [ -89.376946497646088, 36.333213262198328 ], [ -89.377103669399375, 36.332935361724545 ], [ -89.377057685784749, 36.332543793926298 ], [ -89.377188203840007, 36.332047134738644 ], [ -89.377249820528647, 36.331860506624921 ], [ -89.37733166049172, 36.331301898420989 ], [ -89.377330143862665, 36.331086036510122 ], [ -89.37704524875987, 36.330952185320193 ], [ -89.376107355272239, 36.330281155268459 ], [ -89.37622625181362, 36.329891387324196 ], [ -89.376323607816744, 36.329726373108585 ], [ -89.376249948479085, 36.329621828691216 ], [ -89.375920048766815, 36.329483179883532 ], [ -89.37546200433637, 36.329505095191159 ], [ -89.375367469305132, 36.329055385213159 ], [ -89.375576475279061, 36.328960499946923 ], [ -89.375822152489974, 36.328793009492273 ], [ -89.376211546384525, 36.328761538727399 ], [ -89.376701349194676, 36.328378272526251 ], [ -89.376073503980365, 36.327737604149696 ], [ -89.376365837340444, 36.327604270406447 ], [ -89.376646898710305, 36.32770050423877 ], [ -89.376965793740936, 36.327657694458154 ], [ -89.377126025665575, 36.327438594849326 ], [ -89.377311847399739, 36.326902994168769 ], [ -89.377568314840886, 36.326858402555615 ], [ -89.377762013438797, 36.326724727219428 ], [ -89.377551905888367, 36.326353331946606 ], [ -89.376991005709655, 36.325987427790281 ], [ -89.376364288387435, 36.32572682209392 ], [ -89.37678153839191, 36.324666285854619 ], [ -89.377328070743275, 36.324678632583506 ], [ -89.377775514974928, 36.324503310368101 ], [ -89.377842171174578, 36.324130011553059 ], [ -89.377552118247493, 36.323887895819091 ], [ -89.377625453973693, 36.323053430333012 ], [ -89.377873749210309, 36.323020589555277 ], [ -89.378354577090334, 36.323098799141341 ], [ -89.378654612732589, 36.32301947851316 ], [ -89.378730911253115, 36.322754337695649 ], [ -89.378344403148446, 36.322657038252338 ], [ -89.378411086469882, 36.322260570726456 ], [ -89.378636214109989, 36.322057977645791 ], [ -89.379008019936322, 36.321815670998078 ], [ -89.379233881560722, 36.321617362408269 ], [ -89.379110948853665, 36.321222058652701 ], [ -89.378732229730105, 36.321145177740533 ], [ -89.378474508451731, 36.319787579153932 ], [ -89.378852336379751, 36.319877058018648 ], [ -89.379173662882764, 36.319993736987918 ], [ -89.379503377591845, 36.319941440307204 ], [ -89.379633184779152, 36.319482852224922 ], [ -89.379944449703288, 36.319422545665326 ], [ -89.379767075735799, 36.318906784520046 ], [ -89.379565342179987, 36.318495970565749 ], [ -89.37957599826035, 36.318192170889375 ], [ -89.380120972755122, 36.317983424322982 ], [ -89.380497780972263, 36.317612896261245 ], [ -89.380752495425924, 36.317309001923668 ], [ -89.380919094139543, 36.316940973627077 ], [ -89.381181675900606, 36.316575345222461 ], [ -89.381154213806198, 36.316320106030282 ], [ -89.38081436777999, 36.316067100902764 ], [ -89.380769586726331, 36.315816384673631 ], [ -89.380967241116736, 36.315444594145347 ], [ -89.381013975574248, 36.315292777697614 ], [ -89.381480406752843, 36.31507038804299 ], [ -89.381645555986196, 36.315170095193068 ], [ -89.382037500989824, 36.314670049526178 ], [ -89.382201557219176, 36.314295334493778 ], [ -89.382325441779003, 36.313678206344044 ], [ -89.382468024204329, 36.313223417866901 ], [ -89.382617566675634, 36.312948005674308 ], [ -89.382839749343859, 36.312677059690841 ], [ -89.382975772483505, 36.312314674739262 ], [ -89.383097444332947, 36.311841836116137 ], [ -89.383348700007119, 36.311551629352032 ], [ -89.383361003849885, 36.311099527426038 ], [ -89.383254697506814, 36.310550298035061 ], [ -89.383113233313736, 36.310201193096312 ], [ -89.382750601713539, 36.310134409921552 ], [ -89.38169719981623, 36.310446496940656 ], [ -89.381251676978664, 36.310327184688099 ], [ -89.38074336461203, 36.310372681877688 ], [ -89.380132676809652, 36.310009506734275 ], [ -89.379683591892672, 36.31000937760993 ], [ -89.379473916169644, 36.309407896688384 ], [ -89.379528833615709, 36.308985481643141 ], [ -89.379344782578627, 36.308675309188551 ], [ -89.378707769156335, 36.308513181533804 ], [ -89.378243736451608, 36.308531231325674 ], [ -89.377892867632369, 36.308333228523665 ], [ -89.377506639609337, 36.307805347578878 ], [ -89.377595453070867, 36.307610497684784 ], [ -89.377178337130147, 36.307383526727563 ], [ -89.377356910727897, 36.304066504386377 ], [ -89.377924795676307, 36.30407738780093 ], [ -89.378813237063511, 36.303936687379498 ], [ -89.379292594687925, 36.303997309211724 ], [ -89.379901151891943, 36.304541312665165 ], [ -89.380004848572923, 36.304775134060158 ], [ -89.380578826912426, 36.304673587887812 ], [ -89.381065795270445, 36.304655209608327 ], [ -89.382037035294729, 36.304687188378473 ], [ -89.382585461508967, 36.304224906586001 ], [ -89.383014376671966, 36.304172882415934 ], [ -89.383283880646829, 36.304303486282237 ], [ -89.383470059606069, 36.304536213939343 ], [ -89.383673554371967, 36.304815179002418 ], [ -89.384132615404255, 36.305096981045665 ], [ -89.384863511244518, 36.304244984398693 ], [ -89.385432267002727, 36.304258621741127 ], [ -89.385829900601749, 36.304116508991491 ], [ -89.385901258535625, 36.303579860459386 ], [ -89.386032344151644, 36.303235327271707 ], [ -89.387599117059182, 36.302947475411038 ], [ -89.388236639450923, 36.302616121820414 ], [ -89.388644244084531, 36.302517531485826 ], [ -89.389188751524031, 36.3020256447153 ], [ -89.390471799363226, 36.301834893660903 ], [ -89.391101778022232, 36.301728969563399 ], [ -89.391698217147322, 36.301495167530376 ], [ -89.392332447584081, 36.300964811053184 ], [ -89.392770503171846, 36.300625316926521 ], [ -89.393391265549212, 36.30012144798787 ], [ -89.394159702156287, 36.299624241269022 ], [ -89.394673065988073, 36.299319416162149 ], [ -89.395179649969464, 36.298985207631247 ], [ -89.395493920030219, 36.298706510460605 ], [ -89.395860114193127, 36.298391596064064 ], [ -89.396450037417452, 36.298201186689695 ], [ -89.397263335625794, 36.297915677469142 ], [ -89.397728135500742, 36.297862580141199 ], [ -89.397874486305241, 36.297592103633058 ], [ -89.398083336578807, 36.297301912372404 ], [ -89.398875128457988, 36.297106733249635 ], [ -89.399415004860373, 36.29666902345371 ], [ -89.3998571243703, 36.296346002059586 ], [ -89.400307694930163, 36.295995058889233 ], [ -89.400545427153887, 36.295659589904048 ], [ -89.400548681485816, 36.295235905242222 ], [ -89.400939956989887, 36.295086673274668 ], [ -89.401190471857021, 36.294981484328346 ], [ -89.401579119122175, 36.294460416838866 ], [ -89.402015557201565, 36.294517429109831 ], [ -89.402455583300792, 36.294225677383018 ], [ -89.40272740488308, 36.293983793971499 ], [ -89.402733596799351, 36.293762962562873 ], [ -89.402698208774879, 36.293605186731675 ], [ -89.40299690245476, 36.293374161380704 ], [ -89.403298719054789, 36.293305849598944 ], [ -89.403536615805606, 36.293108164571706 ], [ -89.403861188292836, 36.292962932827599 ], [ -89.403862128749523, 36.292763919830065 ], [ -89.403780232775716, 36.292494005550836 ], [ -89.404106314179813, 36.29218392715174 ], [ -89.404436459198337, 36.292203931276056 ], [ -89.40474286676347, 36.29200419148404 ], [ -89.404980205324463, 36.29189676412922 ], [ -89.405222624385473, 36.291731250486876 ], [ -89.405431403323021, 36.291492247085891 ], [ -89.405933962766738, 36.290113634348948 ], [ -89.406569986659832, 36.289972771684049 ], [ -89.406757398040554, 36.289652199833746 ], [ -89.406826957246437, 36.289024798561101 ], [ -89.406517745010404, 36.288651070226905 ], [ -89.406891085287043, 36.288057333449984 ], [ -89.407343137191873, 36.287851391664418 ], [ -89.407626195616189, 36.287549276021068 ], [ -89.407890958891869, 36.287196715091866 ], [ -89.408072831679874, 36.286929161261583 ], [ -89.408634766846163, 36.28659663017303 ], [ -89.409623058492159, 36.286527551280095 ], [ -89.409741358057516, 36.286477925067054 ], [ -89.410119194349406, 36.286104805035222 ], [ -89.410253440550093, 36.285732655337085 ], [ -89.410405043353691, 36.285518433723659 ], [ -89.410449952118796, 36.28523889609216 ], [ -89.410691779146788, 36.284809806435192 ], [ -89.410822272853011, 36.284508549946715 ], [ -89.411016583874385, 36.284284392154049 ], [ -89.411721663749432, 36.283286321903944 ], [ -89.411975764473553, 36.282978973319644 ], [ -89.411912681284861, 36.282613266632602 ], [ -89.412396641538052, 36.282151106035691 ], [ -89.412593693499574, 36.281844499733097 ], [ -89.41272048350767, 36.281572750803292 ], [ -89.412795352474419, 36.281347571852329 ], [ -89.413133188614623, 36.281169444429622 ], [ -89.413204231575094, 36.280873395339405 ], [ -89.413303045776871, 36.280121850744727 ], [ -89.413472723896717, 36.279825317784187 ], [ -89.4135884832789, 36.279639005827974 ], [ -89.413525491080605, 36.279386853952985 ], [ -89.413466349115424, 36.278986168095564 ], [ -89.413580090249582, 36.2784636948223 ], [ -89.414551378734046, 36.278182815916509 ], [ -89.414759437547019, 36.277798372326167 ], [ -89.414919495032748, 36.277448776911264 ], [ -89.415048765213072, 36.277082184076868 ], [ -89.415091568982476, 36.276798460310808 ], [ -89.415249533833062, 36.276582373099743 ], [ -89.415435841802307, 36.276265972700202 ], [ -89.41561033031617, 36.275883567274541 ], [ -89.415476979105023, 36.27534631460091 ], [ -89.415493525668396, 36.275113495421884 ], [ -89.415778271745268, 36.27467641633865 ], [ -89.416139577302246, 36.274573153364287 ], [ -89.416435700231219, 36.274260596710427 ], [ -89.416460634388613, 36.273975002515321 ], [ -89.416675771947254, 36.273639231197343 ], [ -89.41676610301036, 36.273353971100228 ], [ -89.416769083086024, 36.272228808585695 ], [ -89.417562127719719, 36.271798884102019 ], [ -89.417809405520714, 36.271135553532233 ], [ -89.417911763325421, 36.270403919826549 ], [ -89.418003344993579, 36.270180720131819 ], [ -89.41800541509663, 36.269562942980109 ], [ -89.418156210976576, 36.269311436888195 ], [ -89.418845531194918, 36.268697767712979 ], [ -89.41920052773672, 36.268452211829931 ], [ -89.419345577341829, 36.268335338552653 ], [ -89.419772584213021, 36.267965786153553 ], [ -89.420054279330273, 36.267667636851172 ], [ -89.420340695966644, 36.267376556643768 ], [ -89.420670493508638, 36.267248817427394 ], [ -89.42096244992878, 36.266779403707623 ], [ -89.421235071917891, 36.266266298382199 ], [ -89.421489972142638, 36.265739481260347 ], [ -89.421385341804339, 36.265331868854823 ], [ -89.421261970250612, 36.265044732299692 ], [ -89.421607084425503, 36.264613708903767 ], [ -89.422039874430197, 36.264100938805569 ], [ -89.422456712931179, 36.2640159302534 ], [ -89.422600275490481, 36.263676116611286 ], [ -89.422822989077304, 36.263382935792066 ], [ -89.423077861954127, 36.262853637757864 ], [ -89.423121214647281, 36.262606552709222 ], [ -89.42330011022699, 36.262182991985448 ], [ -89.423587664607069, 36.261498256925528 ], [ -89.42354857710896, 36.260808436153987 ], [ -89.424062103382141, 36.260693729972857 ], [ -89.424465434507354, 36.260122819260545 ], [ -89.424453018561252, 36.259688452076347 ], [ -89.424819000087666, 36.259341698345118 ], [ -89.425173403346975, 36.258622349888107 ], [ -89.425526745424321, 36.257927259708993 ], [ -89.425710759273073, 36.257565264332698 ], [ -89.425938056933191, 36.257152767046222 ], [ -89.426091557861099, 36.256062951534169 ], [ -89.426145662292285, 36.255263474878852 ], [ -89.426125391215223, 36.25510803972324 ], [ -89.426248665464499, 36.254495167138977 ], [ -89.426308068014862, 36.254247549459592 ], [ -89.426256102451731, 36.25384310479523 ], [ -89.426277183567208, 36.253478676341238 ], [ -89.426141645736763, 36.253351026484516 ], [ -89.425806349432094, 36.253035241054185 ], [ -89.425315241251781, 36.252704502403695 ], [ -89.425975940591655, 36.25148503263874 ], [ -89.426087449301264, 36.25145129070026 ], [ -89.426334160690743, 36.251308398915207 ], [ -89.426552303098944, 36.251182052997578 ], [ -89.426402026964467, 36.25025726717621 ], [ -89.426127330522888, 36.249771343633149 ], [ -89.425545591889588, 36.249492408519856 ], [ -89.425289817813578, 36.248873952156487 ], [ -89.425061687215546, 36.24851011933314 ], [ -89.425728492676711, 36.248419949579137 ], [ -89.426123895987729, 36.248176513826266 ], [ -89.426358315470267, 36.247748311965715 ], [ -89.426457449515283, 36.247021706072864 ], [ -89.426397406519285, 36.246704895865868 ], [ -89.426294431519253, 36.246127666552816 ], [ -89.42626278327802, 36.245732651505335 ], [ -89.426173725121131, 36.245335269747933 ], [ -89.425876804527064, 36.244693851921312 ], [ -89.425313779618051, 36.24431086082209 ], [ -89.424950671159209, 36.244556603525638 ], [ -89.424264003005362, 36.244594291830438 ], [ -89.423998960100974, 36.245021599011842 ], [ -89.42166517292037, 36.243577580322686 ], [ -89.421898394785018, 36.242987216578825 ], [ -89.421986288561456, 36.242599141618854 ], [ -89.422295017413774, 36.242357131237526 ], [ -89.423818205600682, 36.241868814513523 ], [ -89.423853277749444, 36.241351629786863 ], [ -89.423340283271585, 36.241283119770209 ], [ -89.422749796557156, 36.241059906989427 ], [ -89.422133931373097, 36.240614998395237 ], [ -89.421794748795506, 36.240257326001256 ], [ -89.421919500781371, 36.23985978575962 ], [ -89.42187340833128, 36.239623066495923 ], [ -89.42168862994393, 36.239356946409487 ], [ -89.421446653233232, 36.238494266885716 ], [ -89.422371861061592, 36.237743156907278 ], [ -89.422467946032086, 36.237761099829946 ], [ -89.423223555482735, 36.237807082584673 ], [ -89.423507659246141, 36.237525773302494 ], [ -89.422986931526282, 36.237033402339598 ], [ -89.423321766052396, 36.235983815948025 ], [ -89.423680742900032, 36.235606435082971 ], [ -89.423515438165907, 36.234889835507872 ], [ -89.423147828211327, 36.234559958498807 ], [ -89.422968388363657, 36.233959667657714 ], [ -89.423302677721225, 36.233602593883205 ], [ -89.42325786746369, 36.23310364303434 ], [ -89.423210850525521, 36.232433534591657 ], [ -89.423242792250576, 36.231865500251409 ], [ -89.423121003534419, 36.231576056099676 ], [ -89.42298720938102, 36.23102630076378 ], [ -89.422713752949903, 36.230142161719392 ], [ -89.422396739677396, 36.229433730996668 ], [ -89.422300687511552, 36.228883974985465 ], [ -89.422519712571173, 36.228410844022925 ], [ -89.422335330175457, 36.228219560740875 ], [ -89.421848272646685, 36.228121308066804 ], [ -89.420247413310904, 36.225352189845957 ], [ -89.420293636425455, 36.224822083698079 ], [ -89.420453679749059, 36.224292506297985 ], [ -89.419858906688546, 36.224007834126461 ], [ -89.41923469597242, 36.22354563358298 ], [ -89.419058127430645, 36.223321080008631 ], [ -89.418588811876532, 36.222804187211814 ], [ -89.418137772821353, 36.222123718745493 ], [ -89.416749594319469, 36.220831462550471 ], [ -89.416448510042926, 36.220604277521808 ], [ -89.415659259797195, 36.220515084630982 ], [ -89.414131563726059, 36.219946880266441 ], [ -89.413635471022289, 36.219122170375606 ], [ -89.413301547970875, 36.218828073000395 ], [ -89.410044285038552, 36.217828542170423 ], [ -89.408741083994997, 36.217428606584605 ], [ -89.408100690168723, 36.217104646551697 ], [ -89.407157385409036, 36.216786228163656 ], [ -89.406670212050457, 36.216536172152246 ], [ -89.406122229684897, 36.216292392367542 ], [ -89.405788632392543, 36.216201166747311 ], [ -89.404982627552243, 36.215001424845894 ], [ -89.401822702438267, 36.213378934689437 ], [ -89.401052591539809, 36.213071812321019 ], [ -89.400355337869655, 36.213233550550925 ], [ -89.399732740782682, 36.21209139632753 ], [ -89.396322129295513, 36.210148081751434 ], [ -89.395639350589235, 36.209818291355141 ], [ -89.392029788515828, 36.208075505892772 ], [ -89.388088895327741, 36.206175507557219 ], [ -89.384922319149595, 36.20462154475711 ], [ -89.382882818243246, 36.203470126893635 ], [ -89.380915314112457, 36.202204078738795 ], [ -89.37979053666605, 36.201455810170678 ], [ -89.378175233233264, 36.200135416527623 ], [ -89.376631077019567, 36.198814478353697 ], [ -89.375577601760142, 36.197895572085301 ], [ -89.374596938116142, 36.196747991912162 ], [ -89.371171887400266, 36.192915137017913 ], [ -89.370743868398634, 36.192604525427186 ], [ -89.370374592673997, 36.192197149981936 ], [ -89.369790641851168, 36.191794021832763 ], [ -89.368777490273089, 36.191665957730692 ], [ -89.368206082016556, 36.191692109737758 ], [ -89.367725353795748, 36.191860211282865 ], [ -89.367548309898538, 36.165494413055335 ], [ -89.370492068471108, 36.166030252810025 ], [ -89.374662336725521, 36.168902056252826 ], [ -89.376138929293418, 36.168737092297796 ], [ -89.377862017279142, 36.168551399627695 ], [ -89.378368530917541, 36.168551057698366 ], [ -89.380364231931622, 36.167265737744174 ], [ -89.380783266933889, 36.167495078760957 ], [ -89.381070818517657, 36.167573928501525 ], [ -89.381448999946031, 36.167650734107504 ], [ -89.381911319290779, 36.167789432206 ], [ -89.382367827201065, 36.167773826915429 ], [ -89.383200051565439, 36.167366048007629 ], [ -89.383716405042676, 36.167614687244125 ], [ -89.38468223847137, 36.167169540538424 ], [ -89.385074632040542, 36.166944561008776 ], [ -89.385426774291645, 36.166625985501575 ], [ -89.386582946655324, 36.165891233564437 ], [ -89.387942538008289, 36.165695934039604 ], [ -89.388609909123801, 36.165358131388665 ], [ -89.389051230599179, 36.165267013641163 ], [ -89.389626933300462, 36.165100475976459 ], [ -89.390251496216933, 36.164802212470782 ], [ -89.390839670150186, 36.164581968695117 ], [ -89.391108811814291, 36.164350579029488 ], [ -89.391167852797764, 36.164051733135345 ], [ -89.391486836321207, 36.163954177765433 ], [ -89.392036915586161, 36.16367901640556 ], [ -89.392219552556043, 36.163359339290082 ], [ -89.392489345190526, 36.162924830658099 ], [ -89.392829853800137, 36.162642117033059 ], [ -89.393242412562088, 36.162348626204533 ], [ -89.393548975843657, 36.162337050876488 ], [ -89.393784323031809, 36.162136152578235 ], [ -89.393843413093677, 36.16186454856711 ], [ -89.393529585141621, 36.161489228499597 ], [ -89.393543780078289, 36.160971300275229 ], [ -89.393912048573839, 36.160625117296377 ], [ -89.394163698962558, 36.16073316699417 ], [ -89.394271530700081, 36.160806182424125 ], [ -89.394386501437239, 36.160980506172976 ], [ -89.394775411096319, 36.161025849392907 ], [ -89.39501582970567, 36.160759251910456 ], [ -89.395074117807667, 36.160397656975256 ], [ -89.394816567559758, 36.159836191611433 ], [ -89.39507798861429, 36.159351861143961 ], [ -89.394830113335232, 36.158980023074889 ], [ -89.394954366153442, 36.15875598528465 ], [ -89.395382403955566, 36.158597689845259 ], [ -89.395196818752893, 36.158199231818003 ], [ -89.395247819078122, 36.157953976631539 ], [ -89.396058858605556, 36.157621178690171 ], [ -89.396461202681749, 36.157850691478366 ], [ -89.3971322963083, 36.158009205898921 ], [ -89.397875771862942, 36.157534369652232 ], [ -89.398058848229098, 36.157022048471596 ], [ -89.39813336064951, 36.156700884530061 ], [ -89.398083726201932, 36.156473049232623 ], [ -89.398191193448511, 36.15597567589014 ], [ -89.398619261840295, 36.156017605182889 ], [ -89.399299685148833, 36.156592837050987 ], [ -89.400023995741648, 36.156289796913278 ], [ -89.400695264225774, 36.155961699697357 ], [ -89.400989401790795, 36.155730877785373 ], [ -89.401430120673112, 36.155363478979105 ], [ -89.401810955107365, 36.155088900228677 ], [ -89.401939674413612, 36.15478085933804 ], [ -89.402143846722652, 36.154292244708195 ], [ -89.402665127244973, 36.153742599801241 ], [ -89.40269681420375, 36.153532446012051 ], [ -89.403216676027839, 36.15314395074396 ], [ -89.403694935381452, 36.153010429512626 ], [ -89.404026529836528, 36.152989071047045 ], [ -89.404183177001499, 36.152795649786327 ], [ -89.404405231960041, 36.152901510568618 ], [ -89.404364173281351, 36.15303075198343 ], [ -89.403837169257102, 36.153460574806076 ], [ -89.404544223827486, 36.153223260759958 ], [ -89.404951008075514, 36.152824255569108 ], [ -89.405187118910092, 36.152521911272338 ], [ -89.406342000090461, 36.15236251824561 ], [ -89.405629896289597, 36.152214065340026 ], [ -89.406173145982748, 36.151836359151439 ], [ -89.406442075485671, 36.151649377708743 ], [ -89.406723348128281, 36.151928934487813 ], [ -89.406960766953517, 36.151955511893362 ], [ -89.407414229771661, 36.15185898857213 ], [ -89.40802298522695, 36.151734614934711 ], [ -89.408632294946955, 36.151453638048302 ], [ -89.409038497012688, 36.151106768782405 ], [ -89.409469585485937, 36.151014484060859 ], [ -89.409788720443998, 36.150567899353184 ], [ -89.410004362516332, 36.150141150962952 ], [ -89.410351112658276, 36.149874567941815 ], [ -89.410729443242019, 36.149442043950408 ], [ -89.41092660329663, 36.14903859372594 ], [ -89.411319691217997, 36.148933500475664 ], [ -89.411464637558069, 36.148830607481159 ], [ -89.411691904147389, 36.148182948446575 ], [ -89.413282950272361, 36.147115028855424 ], [ -89.414444772324686, 36.146459517695675 ], [ -89.415215837066881, 36.145996590736452 ], [ -89.415584948482191, 36.145676926014019 ], [ -89.416177237114653, 36.145473067478434 ], [ -89.416548578466973, 36.145061455156288 ], [ -89.417899827508961, 36.144609601864808 ], [ -89.418318262521325, 36.143733789329374 ], [ -89.418514856693079, 36.143695738786306 ], [ -89.418779792323917, 36.143661196894392 ], [ -89.419000573957902, 36.143677015839828 ], [ -89.419112450839407, 36.143430692607751 ], [ -89.41906341281927, 36.142862641232426 ], [ -89.419310220362547, 36.142659100005972 ], [ -89.420814837490013, 36.141418212731899 ], [ -89.422662737971066, 36.13988992117109 ], [ -89.422473684515595, 36.139470601098282 ], [ -89.422794169549363, 36.139270237856003 ], [ -89.423038063399446, 36.139196495927877 ], [ -89.423311010283228, 36.138827280729359 ], [ -89.42337973871733, 36.138440956753975 ], [ -89.423456141691091, 36.138216551206895 ], [ -89.423638145551834, 36.13810092016849 ], [ -89.423767247108302, 36.137722792208315 ], [ -89.424832130126944, 36.137626518902515 ], [ -89.425439967081402, 36.137422906559067 ], [ -89.425559398260063, 36.137314342434372 ], [ -89.425756077144968, 36.13714508628221 ], [ -89.426952400193187, 36.136385659759306 ], [ -89.427445504680179, 36.135638631454633 ], [ -89.427311494537619, 36.135098023488631 ], [ -89.426945897318035, 36.134403132724991 ], [ -89.427107785353087, 36.133870002535154 ], [ -89.42721520911374, 36.133579913192975 ], [ -89.427904126156633, 36.133514967786468 ], [ -89.428446218697459, 36.133245668149087 ], [ -89.430158726449363, 36.132641327409011 ], [ -89.430614691788634, 36.132424845127559 ], [ -89.430999941223462, 36.13191799944908 ], [ -89.431483075513313, 36.131215166934048 ], [ -89.431901879189965, 36.130700351363778 ], [ -89.4334954062777, 36.130582293244345 ], [ -89.433488860174862, 36.130172004923772 ], [ -89.434031770423033, 36.129747069280675 ], [ -89.434904970456515, 36.129424262631396 ], [ -89.434780272544984, 36.128985618875952 ], [ -89.435558312445792, 36.128474578294302 ], [ -89.435445946266697, 36.127868398244743 ], [ -89.435856112756198, 36.127667239412247 ], [ -89.436286207898064, 36.127359366662752 ], [ -89.436822290192467, 36.127733733426957 ], [ -89.437334854657607, 36.127560586244861 ], [ -89.437632385204822, 36.127290600551696 ], [ -89.438371296235047, 36.127117180626485 ], [ -89.438940281405834, 36.126915737455697 ], [ -89.439023155176514, 36.126575202047221 ], [ -89.43938756546298, 36.126327821862823 ], [ -89.439680844095264, 36.1262038798018 ], [ -89.439873066048193, 36.125893155792376 ], [ -89.440059298295992, 36.125674434749982 ], [ -89.440345582181635, 36.12591758091456 ], [ -89.440684676988369, 36.126162211821388 ], [ -89.441248870926216, 36.126521574330496 ], [ -89.441679340263647, 36.126377939894212 ], [ -89.44176959601306, 36.126031530173321 ], [ -89.4415666324836, 36.125411482891899 ], [ -89.442081648697965, 36.125476225454342 ], [ -89.442487929628712, 36.125347618643808 ], [ -89.44238730204242, 36.124756590817427 ], [ -89.441922599559206, 36.123999871295268 ], [ -89.441475123232891, 36.123564249916164 ], [ -89.441074549119293, 36.123289430861497 ], [ -89.441449613002803, 36.123054659653896 ], [ -89.441792268833012, 36.122881073815996 ], [ -89.44181617668329, 36.122339446317319 ], [ -89.442294919966173, 36.122330246158981 ], [ -89.442502980788532, 36.121780447729009 ], [ -89.443964579055447, 36.123610520153996 ], [ -89.444232638385344, 36.123946146402794 ], [ -89.444975465458867, 36.123263569040951 ], [ -89.445471815581271, 36.123294681033151 ], [ -89.446063983951532, 36.122935463824021 ], [ -89.446266784461073, 36.122658566634477 ], [ -89.446316354035986, 36.121901583983146 ], [ -89.447158411016829, 36.121952588835853 ], [ -89.447840066851796, 36.121652234921832 ], [ -89.44832795040621, 36.121652799877509 ], [ -89.448558617025483, 36.121482146229425 ], [ -89.448011444100771, 36.120912199425888 ], [ -89.448703994256675, 36.119864146154896 ], [ -89.448904603343024, 36.119755782158542 ], [ -89.449778982409839, 36.119947579413648 ], [ -89.450295179619928, 36.119950511967033 ], [ -89.450869597593083, 36.119708612112333 ], [ -89.451096171041613, 36.119613195927371 ], [ -89.451612787241558, 36.119780417868924 ], [ -89.451719828553991, 36.119893227177656 ], [ -89.452179482295207, 36.119801661486633 ], [ -89.452543337549969, 36.119539267047124 ], [ -89.453158530091343, 36.119159614490847 ], [ -89.453734758546204, 36.118598002740455 ], [ -89.454192005147334, 36.11817103125815 ], [ -89.454661482470144, 36.118191520713765 ], [ -89.455184758031763, 36.117924169569513 ], [ -89.455099828229478, 36.117591917502793 ], [ -89.455235839137046, 36.117334331833838 ], [ -89.455913204990551, 36.117318568065699 ], [ -89.456141821103486, 36.117327677482407 ], [ -89.456899150123419, 36.117047528260358 ], [ -89.457306520849698, 36.117056813566244 ], [ -89.457653276373989, 36.116991573494929 ], [ -89.457438322246759, 36.116688708558769 ], [ -89.457584285546204, 36.116475091745968 ], [ -89.457941760251856, 36.116347558089323 ], [ -89.458284921761759, 36.116262219749771 ], [ -89.458544228686222, 36.116345177980627 ], [ -89.458852971302534, 36.116267499629309 ], [ -89.459004943781409, 36.11585610339079 ], [ -89.459265811411427, 36.115515601837863 ], [ -89.46027180172338, 36.115949184138167 ], [ -89.461426254101426, 36.11637896662959 ], [ -89.462257127881912, 36.116347006555401 ], [ -89.462914516146043, 36.116253959718513 ], [ -89.463533560849299, 36.116016238980485 ], [ -89.464823763267447, 36.115831698546501 ], [ -89.465605778383946, 36.115753433925434 ], [ -89.466409998219746, 36.11565719052944 ], [ -89.467228885060962, 36.115599333375002 ], [ -89.467897805706826, 36.115447194847405 ], [ -89.468268491237481, 36.115479990797901 ], [ -89.469298283622905, 36.115127237761776 ], [ -89.469844461556931, 36.115185038408129 ], [ -89.470280547721586, 36.115064873889686 ], [ -89.470386118615636, 36.114943041298304 ], [ -89.47037894232929, 36.114589151852464 ], [ -89.470730100059342, 36.114346704865419 ], [ -89.471870077615932, 36.114299075308921 ], [ -89.471985014206567, 36.114559816676504 ], [ -89.47226075457904, 36.114753399589667 ], [ -89.472639729584657, 36.114710754610208 ], [ -89.47339279104196, 36.11451490837311 ], [ -89.473520157230269, 36.114680636675864 ], [ -89.473698296694195, 36.114811294107021 ], [ -89.474222726732009, 36.114717181239754 ], [ -89.4743331325176, 36.114508408414515 ], [ -89.474830330341391, 36.114264133399509 ], [ -89.475374671973185, 36.114543792818139 ], [ -89.476013846428543, 36.114488945177918 ], [ -89.476639362136581, 36.114574319492398 ], [ -89.477021165928207, 36.114437096503906 ], [ -89.477592022665149, 36.114278385528458 ], [ -89.478263079986462, 36.11401098190268 ], [ -89.478525139566031, 36.113477974486877 ], [ -89.479097175017387, 36.112736679233798 ], [ -89.479636132406426, 36.112592309033801 ], [ -89.479838562276342, 36.112539270557988 ], [ -89.480243490684757, 36.112725843853895 ], [ -89.480633088728851, 36.112964021428894 ], [ -89.481079809092549, 36.112990503413137 ], [ -89.48173088940392, 36.112810250951078 ], [ -89.482814466634423, 36.113359583708963 ], [ -89.483440797246089, 36.113298953324076 ], [ -89.483685354582477, 36.113769475857723 ], [ -89.484265898002434, 36.113766032984003 ], [ -89.484738138523781, 36.113645937547844 ], [ -89.486145188609783, 36.113830605923013 ], [ -89.486793687702615, 36.113971396814627 ], [ -89.48736111103716, 36.114140827804242 ], [ -89.487829352725768, 36.114105757146511 ], [ -89.488411179742641, 36.113672460937345 ], [ -89.489068221473985, 36.113611003597718 ], [ -89.489550486146399, 36.113637362148687 ], [ -89.490044696729612, 36.113602375716013 ], [ -89.490902830205513, 36.113376965214215 ], [ -89.491222885987625, 36.113239508125261 ], [ -89.491718778107199, 36.113693425675585 ], [ -89.492504707228036, 36.11366647969917 ], [ -89.493244010541062, 36.113608962739313 ], [ -89.493647489800765, 36.113420693360034 ], [ -89.493898646718947, 36.113500563451559 ], [ -89.494284021218519, 36.113262042713075 ], [ -89.494470874471304, 36.112910001601826 ], [ -89.494118068470726, 36.112463219384544 ], [ -89.493862003998458, 36.112254668047704 ], [ -89.493634711939436, 36.11161196951447 ], [ -89.49414171407399, 36.110709465461952 ], [ -89.494712732000195, 36.109692979189425 ], [ -89.495597976511576, 36.109148687616212 ], [ -89.495792783588513, 36.108487276448663 ], [ -89.495723232299355, 36.107657014751432 ], [ -89.496035070868047, 36.107214689666485 ], [ -89.496259522867717, 36.106933769571761 ], [ -89.495853786876893, 36.106457214010092 ], [ -89.49645277267858, 36.106101937964134 ], [ -89.496445214000929, 36.105714957354536 ], [ -89.49632522662084, 36.104941814114248 ], [ -89.495978255423083, 36.104381642026283 ], [ -89.496544649631275, 36.100747579569472 ], [ -89.49654936375984, 36.100505045607228 ], [ -89.496626957607432, 36.096338366837827 ], [ -89.49593864759143, 36.092057110627245 ], [ -89.493663472450791, 36.08654794015623 ], [ -89.493945604179046, 36.084395081445429 ], [ -89.494242739557492, 36.083511765632124 ], [ -89.494882790544864, 36.082142627387675 ], [ -89.495169371296257, 36.081055124757086 ], [ -89.496206205821792, 36.078255395652477 ], [ -89.496523442883927, 36.077398927652716 ], [ -89.497449355271826, 36.075112265974504 ], [ -89.497770771202909, 36.074402582565412 ], [ -89.498302833618453, 36.073226663541476 ], [ -89.499155512974525, 36.071456257517845 ], [ -89.500150654186385, 36.069456425043143 ], [ -89.501004669388379, 36.067228455224601 ], [ -89.502002385947335, 36.064544036851032 ], [ -89.502506332278926, 36.062027304215917 ], [ -89.502657123771442, 36.059683743329281 ], [ -89.502662949513493, 36.058423133269649 ], [ -89.502668585911366, 36.057050627202159 ], [ -89.50204909372205, 36.054280664001659 ], [ -89.501457009437473, 36.053184005267852 ], [ -89.501238018578221, 36.052548618820978 ], [ -89.500254075869734, 36.052384867490431 ], [ -89.499423241368333, 36.05173304287468 ], [ -89.498857568889761, 36.050384086879511 ], [ -89.498112873382041, 36.049796565908927 ], [ -89.496701430304071, 36.04903658352584 ], [ -89.496242163198787, 36.048525582133792 ], [ -89.49508791168607, 36.047984819912088 ], [ -89.493884625263931, 36.047446848264208 ], [ -89.493033325226321, 36.046778816694996 ], [ -89.491936965703204, 36.046553390561805 ], [ -89.491265794932431, 36.046197936228957 ], [ -89.489592867454462, 36.045838005152937 ], [ -89.488144484896097, 36.045508909518247 ], [ -89.485834215971053, 36.04463583290152 ], [ -89.485249629954453, 36.044828922103122 ], [ -89.483485889942344, 36.043847983737663 ], [ -89.47892464838678, 36.042319294458565 ], [ -89.475963991384518, 36.040830815056538 ], [ -89.471176630462011, 36.038484209981448 ], [ -89.465517107536641, 36.036610515668585 ], [ -89.459963876185753, 36.034884472646709 ], [ -89.45623257258724, 36.034277131238717 ], [ -89.453980642094407, 36.034098441194757 ], [ -89.451169566200264, 36.033060935210464 ], [ -89.44878469810827, 36.03145269638231 ], [ -89.447242879854016, 36.030017268692184 ], [ -89.44633343640578, 36.028870642620497 ], [ -89.445777573044936, 36.027440277463057 ], [ -89.444658049769956, 36.026119821482531 ], [ -89.443607564226028, 36.024974356081565 ], [ -89.442909554346983, 36.023768859864582 ], [ -89.442775927914127, 36.022453474712606 ], [ -89.44292609014299, 36.020623372862374 ], [ -89.443358945107761, 36.018566056381879 ], [ -89.444002834758692, 36.016509170270403 ], [ -89.445356741791642, 36.013137503843971 ], [ -89.446070629232125, 36.011138172454309 ], [ -89.44652775212505, 36.009787079897542 ], [ -89.443434100514054, 36.005060316135385 ], [ -89.443382856378562, 36.003409304357639 ], [ -89.437085522922843, 35.996930194914206 ], [ -89.438839819848369, 35.986621803617012 ], [ -89.439329956310857, 35.98620517980163 ], [ -89.439998282795287, 35.985221068389542 ], [ -89.440733186633125, 35.984420180761973 ], [ -89.442348933721973, 35.984327181268206 ], [ -89.443852872691025, 35.983784416721292 ], [ -89.448296379224701, 35.982532220067519 ], [ -89.449847822881011, 35.982572952006002 ], [ -89.449976171416424, 35.982551304638676 ], [ -89.450663774382775, 35.982638598006446 ], [ -89.451097571848052, 35.982697959884639 ], [ -89.451560499749107, 35.982779356407924 ], [ -89.451766351560863, 35.982506149833846 ], [ -89.451966124645011, 35.982469830921083 ], [ -89.452365719623018, 35.982470962034178 ], [ -89.452629929134986, 35.982494444485106 ], [ -89.452818559244292, 35.982389581065775 ], [ -89.453090798486016, 35.982333015266349 ], [ -89.453422120250863, 35.982687897898586 ], [ -89.453560670119586, 35.982890469516917 ], [ -89.453837050930559, 35.983016778795481 ], [ -89.454210226460901, 35.983003004684292 ], [ -89.454550372987214, 35.983086651820528 ], [ -89.455006300131842, 35.983156769899388 ], [ -89.455321609583251, 35.983112299207292 ], [ -89.455397198870529, 35.982253190664316 ], [ -89.455428655722969, 35.981802059420268 ], [ -89.45571791725574, 35.981769067887782 ], [ -89.45562527466781, 35.98105583997858 ], [ -89.455842548783082, 35.980865690979456 ], [ -89.455918691976507, 35.980555164597391 ], [ -89.455964083321035, 35.980527140319317 ], [ -89.456312652814262, 35.980045718872901 ], [ -89.456487699445049, 35.979900388522715 ], [ -89.456352197916715, 35.979683039738802 ], [ -89.456754796314542, 35.979269580999748 ], [ -89.45671670335949, 35.979002400436073 ], [ -89.456576995487623, 35.97869522048989 ], [ -89.457001077551084, 35.978133109209111 ], [ -89.457254467777318, 35.97791734903263 ], [ -89.457316503929619, 35.9776534672446 ], [ -89.457709354026278, 35.977111482073575 ], [ -89.457901747499093, 35.976775521853448 ], [ -89.458092256796462, 35.976620426218261 ], [ -89.458140340017167, 35.976161363244202 ], [ -89.458289628394525, 35.975621276207576 ], [ -89.458312273326698, 35.975248820987353 ], [ -89.458471034002841, 35.974863334655886 ], [ -89.458719446361997, 35.974556194264579 ], [ -89.458955130095447, 35.974475934986167 ], [ -89.459049739037056, 35.974212075191026 ], [ -89.459272548254958, 35.974085820614846 ], [ -89.459469889470128, 35.973810453032002 ], [ -89.459687216184051, 35.973431990464526 ], [ -89.459908149211628, 35.973111837576845 ], [ -89.460072593786862, 35.97254746205283 ], [ -89.460201247322942, 35.97217420390762 ], [ -89.460390488119273, 35.971930938902503 ], [ -89.460476443181932, 35.971728693860832 ], [ -89.460622500422616, 35.97140026380508 ], [ -89.460752361564118, 35.970943662962895 ], [ -89.46100515105465, 35.970428989523228 ], [ -89.461259482698495, 35.970171082703516 ], [ -89.461311616850764, 35.969898427944678 ], [ -89.46142113482712, 35.969613185163816 ], [ -89.461558660249892, 35.969334701238516 ], [ -89.461743564854984, 35.968925882306522 ], [ -89.461829097114403, 35.968548746910365 ], [ -89.462045871343548, 35.968261088032882 ], [ -89.462290128317889, 35.967803965909148 ], [ -89.462351101433896, 35.967120768251149 ], [ -89.462450788177222, 35.966887700074516 ], [ -89.462489483862697, 35.966439439206198 ], [ -89.462463492920776, 35.966157710787456 ], [ -89.462318372766617, 35.965792567354939 ], [ -89.462221209961001, 35.965503474924397 ], [ -89.46214537779467, 35.965239437068504 ], [ -89.462050260500234, 35.965126915410629 ], [ -89.462184502086714, 35.964714335838949 ], [ -89.462368195795449, 35.964470851088898 ], [ -89.462570459271248, 35.964186815615214 ], [ -89.462742367532613, 35.963841052608863 ], [ -89.462870044253577, 35.963666219848761 ], [ -89.46285687663476, 35.963294976660606 ], [ -89.463009067882382, 35.963049227831853 ], [ -89.463070676881841, 35.962877218500552 ], [ -89.463054455977215, 35.962564449956396 ], [ -89.463181314064698, 35.962368255259122 ], [ -89.463364341680446, 35.962173468652765 ], [ -89.463353655654188, 35.961847913727915 ], [ -89.463143228709527, 35.961494834388063 ], [ -89.463164089554098, 35.961217185284347 ], [ -89.463337129860889, 35.961043077621476 ], [ -89.463363778589027, 35.960772822770032 ], [ -89.463306169671156, 35.960497934417575 ], [ -89.463321748368486, 35.960189036920013 ], [ -89.463509247344518, 35.960045089754495 ], [ -89.463639621184711, 35.959687400001286 ], [ -89.463804408228384, 35.959162042427344 ], [ -89.463697133948031, 35.958728218907432 ], [ -89.463499089693812, 35.958308774226865 ], [ -89.463735994290047, 35.958136674360745 ], [ -89.463855174147653, 35.957759705425175 ], [ -89.464010314851251, 35.95741540618797 ], [ -89.464202275457779, 35.95739686129879 ], [ -89.46399583247559, 35.957249383712202 ], [ -89.463924757208503, 35.956999582064441 ], [ -89.464046514395832, 35.956790457303534 ], [ -89.464312432841609, 35.956233244732999 ], [ -89.464655897071879, 35.955799438692146 ], [ -89.465228038835548, 35.955350342521939 ], [ -89.465715507340406, 35.955353525942108 ], [ -89.466008461075148, 35.955160886907919 ], [ -89.466168535677468, 35.954918486263828 ], [ -89.466447110199567, 35.954764062601917 ], [ -89.466790101925511, 35.954515352563789 ], [ -89.467181966504612, 35.954136740100786 ], [ -89.467332962709733, 35.954107447765537 ], [ -89.467855355495942, 35.954222044444585 ], [ -89.468300630913703, 35.954321256029409 ], [ -89.468528442647568, 35.954454775644514 ], [ -89.468866322335913, 35.954339781911074 ], [ -89.46915207030716, 35.954150896878858 ], [ -89.469467087230726, 35.953951501648376 ], [ -89.469633623331404, 35.953813912159248 ], [ -89.469598786760244, 35.953392918706143 ], [ -89.469679212684866, 35.953058925171824 ], [ -89.46995557532577, 35.952649811126072 ], [ -89.47023622761094, 35.952093219396829 ], [ -89.470442034594043, 35.951733917546697 ], [ -89.470603541860783, 35.951297263843983 ], [ -89.470969277652983, 35.950874305878649 ], [ -89.471054605978921, 35.950689001022312 ], [ -89.471350940482139, 35.950523601566587 ], [ -89.472276178238545, 35.949002563937228 ], [ -89.472462895235211, 35.94850201564433 ], [ -89.472672281673979, 35.948332368418576 ], [ -89.473034285435673, 35.948104145285335 ], [ -89.473420252271964, 35.94765434098143 ], [ -89.473740982609385, 35.947267291291034 ], [ -89.474067201800025, 35.946855068359135 ], [ -89.47417666321715, 35.946512936407665 ], [ -89.474343377902144, 35.946239224842806 ], [ -89.474379678028299, 35.94581010842132 ], [ -89.47453132487523, 35.945657277651598 ], [ -89.474537459465992, 35.94514106110698 ], [ -89.474824975424667, 35.944918207306571 ], [ -89.475027230487896, 35.944723133142752 ], [ -89.4752452395294, 35.94446346991662 ], [ -89.475642141476698, 35.944169313794248 ], [ -89.475948389091329, 35.943983573849607 ], [ -89.476182691927093, 35.943766198581123 ], [ -89.476378475986834, 35.943653910947369 ], [ -89.476415337882159, 35.943441971666999 ], [ -89.476602065003178, 35.943275319912949 ], [ -89.477053731084339, 35.942911105143516 ], [ -89.47739110677621, 35.942636496638073 ], [ -89.477791983451411, 35.942182721269823 ], [ -89.477992352671251, 35.941906429483986 ], [ -89.478023243801005, 35.941547598810132 ], [ -89.478640374973679, 35.941155310095425 ], [ -89.479059543810678, 35.941150361673927 ], [ -89.479560311639517, 35.940928408072871 ], [ -89.479989808487446, 35.940641245681725 ], [ -89.480206814210277, 35.940256449537834 ], [ -89.480279115526045, 35.93993376710894 ], [ -89.480636114892235, 35.939827310562499 ], [ -89.481013649135178, 35.939551711538044 ], [ -89.481253056956618, 35.939313290501374 ], [ -89.481440475667952, 35.938955527325113 ], [ -89.481544969837685, 35.938856002756822 ], [ -89.48148243762175, 35.938259243728915 ], [ -89.481833808524769, 35.938130539395694 ], [ -89.482124388519509, 35.938026007938703 ], [ -89.482328163050838, 35.937802524547017 ], [ -89.482486878375056, 35.937580019043565 ], [ -89.483174535913165, 35.937721928447239 ], [ -89.483684107279359, 35.937719180586278 ], [ -89.484100054668488, 35.937586581168546 ], [ -89.484509086454352, 35.937488008544321 ], [ -89.485138227028528, 35.937480842621106 ], [ -89.485475295946856, 35.937477120858091 ], [ -89.4859456724718, 35.937345287866279 ], [ -89.486276244992098, 35.937162006606798 ], [ -89.48654422457939, 35.936902763974537 ], [ -89.486736710510428, 35.936516613224065 ], [ -89.486185276531117, 35.936135413824687 ], [ -89.486508575981745, 35.936013472028002 ], [ -89.486807133337422, 35.935702569141313 ], [ -89.487610687124985, 35.935586249959805 ], [ -89.487760378459825, 35.935378280217087 ], [ -89.487783315040048, 35.935041832282373 ], [ -89.487726736158109, 35.934666530610933 ], [ -89.487837758611136, 35.934410977756563 ], [ -89.488069623127416, 35.934205742047531 ], [ -89.488224702857977, 35.934038135236172 ], [ -89.488192788724191, 35.933721236039105 ], [ -89.488311301770949, 35.93363883768847 ], [ -89.488661816221097, 35.933540317800258 ], [ -89.488870463677145, 35.933370603935394 ], [ -89.489034647089724, 35.933076391197503 ], [ -89.489354814865379, 35.932944275811387 ], [ -89.489689004214654, 35.932679897868603 ], [ -89.489995574362908, 35.932254794426775 ], [ -89.490110563609122, 35.93201997752265 ], [ -89.490103014221987, 35.931661780323395 ], [ -89.49006373939983, 35.931443366219575 ], [ -89.490097081060298, 35.931039822627987 ], [ -89.490306823698234, 35.930978430350507 ], [ -89.49062005904166, 35.930924299613466 ], [ -89.490878637448859, 35.930853994707327 ], [ -89.491168789056644, 35.930632752689952 ], [ -89.491419587530928, 35.930593685892035 ], [ -89.492557589192913, 35.930815140038071 ], [ -89.492814537457122, 35.93075862852325 ], [ -89.493245035276303, 35.930734529231579 ], [ -89.493475645194593, 35.930690637648127 ], [ -89.493647740018773, 35.930592947655619 ], [ -89.493675782079592, 35.930413424641408 ], [ -89.493789512391501, 35.930198260203753 ], [ -89.494146087156579, 35.929979852533904 ], [ -89.494413143342555, 35.930030032018536 ], [ -89.494726427687652, 35.929830745960103 ], [ -89.495029515159814, 35.92976569967837 ], [ -89.495458190832352, 35.929625976433506 ], [ -89.495660283921595, 35.929519400324061 ], [ -89.495967681848327, 35.929326688126757 ], [ -89.496163782268198, 35.929060218268312 ], [ -89.496392264701939, 35.928801004537114 ], [ -89.496369511153844, 35.928284091822796 ], [ -89.49664932032907, 35.927919777291422 ], [ -89.496964077131821, 35.927700576570295 ], [ -89.496986984321865, 35.927474954377587 ], [ -89.497083392912558, 35.927208510561798 ], [ -89.497312884527489, 35.926947758303541 ], [ -89.497735038539787, 35.926610160360717 ], [ -89.498007981438064, 35.926225034990765 ], [ -89.498159829787383, 35.925877773010164 ], [ -89.498233808146907, 35.925630002210035 ], [ -89.498193888014882, 35.925367241775817 ], [ -89.498115256892405, 35.924205471777654 ], [ -89.49824598154072, 35.923926221943354 ], [ -89.49791940543038, 35.923475382667554 ], [ -89.497843286473852, 35.923156950766277 ], [ -89.497773122704814, 35.922898195207338 ], [ -89.497962973197161, 35.922546821195624 ], [ -89.497978890336469, 35.922211578694046 ], [ -89.49815884185702, 35.921890355063049 ], [ -89.498219006056985, 35.921674466141667 ], [ -89.498253995304665, 35.921491253069092 ], [ -89.498470311125146, 35.921388989336855 ], [ -89.49875821434388, 35.921498989683592 ], [ -89.499114129747895, 35.921456947320685 ], [ -89.499335591302781, 35.921315337634297 ], [ -89.499627762171713, 35.921116299971466 ], [ -89.499797151835295, 35.920727008153662 ], [ -89.499806154325881, 35.920358660222341 ], [ -89.499610890736221, 35.91999089966631 ], [ -89.499465576021208, 35.919549538437821 ], [ -89.499448219956108, 35.919279343734424 ], [ -89.499320137809633, 35.918967621252442 ], [ -89.499477809536003, 35.918898235014218 ], [ -89.499618032964364, 35.918851510298893 ], [ -89.499642549275038, 35.918653483006622 ], [ -89.4995193657454, 35.918413762476582 ], [ -89.499629769558339, 35.918131099073989 ], [ -89.499841106020014, 35.917849181868391 ], [ -89.500053968122216, 35.917750883889845 ], [ -89.500261830414701, 35.917788349819915 ], [ -89.500498252133767, 35.917578034216021 ], [ -89.500649652388788, 35.917462928034297 ], [ -89.500662019617366, 35.917279980123517 ], [ -89.500770410663776, 35.917049126439757 ], [ -89.50052183541159, 35.916956982313216 ], [ -89.500406989745684, 35.916702681869879 ], [ -89.500227593349919, 35.916421144503254 ], [ -89.499971604129982, 35.91624811483257 ], [ -89.500363749091278, 35.915450765681271 ], [ -89.500574196681399, 35.915083852896878 ], [ -89.501018740675264, 35.914592358567923 ], [ -89.501154978811542, 35.913959918844341 ], [ -89.501986768735705, 35.913631928057882 ], [ -89.501985239453248, 35.913528356402495 ], [ -89.502022401210496, 35.913275737914532 ], [ -89.501856680413255, 35.91281207703377 ], [ -89.501737245373306, 35.912509983374392 ], [ -89.501577351555667, 35.912600301969512 ], [ -89.501374208633109, 35.912487292787574 ], [ -89.50122889682207, 35.912159591233582 ], [ -89.501094248629101, 35.911841848615566 ], [ -89.50118102798308, 35.911532328236767 ], [ -89.501283034534467, 35.911215680192328 ], [ -89.501283528319021, 35.910791493806578 ], [ -89.501058776365625, 35.910579297119604 ], [ -89.500974461928678, 35.910413260052565 ], [ -89.500587496746178, 35.910553511876977 ], [ -89.500444192880821, 35.910176650816517 ], [ -89.500607885497104, 35.909920606415163 ], [ -89.50093495134962, 35.909840939441324 ], [ -89.501042322474021, 35.909911118282245 ], [ -89.501362661531914, 35.909780753177323 ], [ -89.501509284932595, 35.909956213556121 ], [ -89.50159250380986, 35.910106622859104 ], [ -89.501773637310095, 35.909941574873308 ], [ -89.501547718776422, 35.909631929910461 ], [ -89.501924061102088, 35.909393355119278 ], [ -89.50213519217624, 35.909392433155347 ], [ -89.502382041344816, 35.909132444120871 ], [ -89.502436100034416, 35.908886763844166 ], [ -89.502400298742188, 35.908619804540052 ], [ -89.502311313381739, 35.90833516445386 ], [ -89.502103486948812, 35.908114165293576 ], [ -89.502182138141478, 35.907976856747162 ], [ -89.502413738043515, 35.907845615093194 ], [ -89.502536680043036, 35.907426710865373 ], [ -89.502693662757792, 35.907181618543056 ], [ -89.502712113682108, 35.90686561699912 ], [ -89.502858511103994, 35.906601901284404 ], [ -89.503036059939888, 35.906434621079313 ], [ -89.502990887007584, 35.90599537565479 ], [ -89.502996344454942, 35.905699183944847 ], [ -89.503157562471145, 35.905440789514344 ], [ -89.503581698120243, 35.905419408217284 ], [ -89.50378301365555, 35.905321003997102 ], [ -89.504046743360533, 35.90521265670295 ], [ -89.504115693652906, 35.904984330279298 ], [ -89.504130049932897, 35.904705696396519 ], [ -89.504283326050214, 35.90445721508285 ], [ -89.504717364165302, 35.904348627480445 ], [ -89.50524998194885, 35.904474784040659 ], [ -89.505341796221572, 35.904163058952903 ], [ -89.505061124647668, 35.903905796028113 ], [ -89.505076642796681, 35.903572208547679 ], [ -89.505186000822604, 35.903241806435517 ], [ -89.505699317228363, 35.903032293090924 ], [ -89.50598084070819, 35.90280400129118 ], [ -89.505870660811453, 35.902800276832082 ], [ -89.505634458296896, 35.902633986471422 ], [ -89.505548982825857, 35.902308321168256 ], [ -89.50545006106988, 35.901943178524441 ], [ -89.505750164852174, 35.901717672285052 ], [ -89.505858581042517, 35.901501586141258 ], [ -89.506058454172489, 35.901251846984017 ], [ -89.505764305805187, 35.901118388082246 ], [ -89.506156933468674, 35.900869989180933 ], [ -89.506512777357358, 35.900957906347728 ], [ -89.506758842637637, 35.900794455439467 ], [ -89.506753755358503, 35.900595337570003 ], [ -89.50692959216039, 35.900367634268363 ], [ -89.50713227255865, 35.900529701803663 ], [ -89.507279928452917, 35.900631001924452 ], [ -89.507227197377418, 35.900251314499791 ], [ -89.50748412428203, 35.900152318212271 ], [ -89.507524905803535, 35.900063972845864 ], [ -89.507768438926377, 35.899917098992404 ], [ -89.508046972201967, 35.899932943211105 ], [ -89.508394830081272, 35.899527122718226 ], [ -89.508434997223361, 35.899298547349517 ], [ -89.508126971540094, 35.898936748750764 ], [ -89.508121013680508, 35.898569347759341 ], [ -89.508020643567932, 35.89813053544939 ], [ -89.50790439468625, 35.897729773727441 ], [ -89.507892735093137, 35.897447063011143 ], [ -89.50830639984548, 35.897661173150077 ], [ -89.508500120518605, 35.897431349358428 ], [ -89.508985107679379, 35.897195243219755 ], [ -89.50901006265893, 35.8970175803911 ], [ -89.508980420642388, 35.896792265319618 ], [ -89.50921405159005, 35.896533309740271 ], [ -89.509351223922451, 35.896363902623001 ], [ -89.50948162100498, 35.896276208513285 ], [ -89.509745657807983, 35.896044830106568 ], [ -89.509779175518915, 35.895749020918302 ], [ -89.50992420015217, 35.895575796611134 ], [ -89.510150685553924, 35.895151928131916 ], [ -89.510511836243197, 35.894784420290826 ], [ -89.510612737101553, 35.894505825979358 ], [ -89.510485556730899, 35.894292164023859 ], [ -89.510746968744812, 35.894080984127861 ], [ -89.511125365407949, 35.894003389685857 ], [ -89.51138762781035, 35.89400471666881 ], [ -89.51164816807028, 35.894093427992416 ], [ -89.511933177301813, 35.894160124180026 ], [ -89.512158521234667, 35.894230636310702 ], [ -89.512354324706905, 35.894328104216008 ], [ -89.512533183484479, 35.894087998170022 ], [ -89.512480517402039, 35.893722822041823 ], [ -89.512643841024072, 35.893594378045137 ], [ -89.512745829874561, 35.893227920368595 ], [ -89.512583501219623, 35.892974748551126 ], [ -89.512596071977214, 35.892628614953253 ], [ -89.512725777827939, 35.892636850262605 ], [ -89.513059017677293, 35.892566778398013 ], [ -89.513258208692179, 35.89255474970313 ], [ -89.513599373729022, 35.892575772509794 ], [ -89.513886439665868, 35.89264425723357 ], [ -89.514272521716578, 35.892414581904944 ], [ -89.514695768396152, 35.892136075129592 ], [ -89.515089596210643, 35.892191104721967 ], [ -89.515103861132616, 35.89230129865885 ], [ -89.515176003131799, 35.892601994060314 ], [ -89.515350766688115, 35.892702111701574 ], [ -89.515458256088138, 35.892498969337836 ], [ -89.515387856156977, 35.892172718221133 ], [ -89.515582544338997, 35.891962219208899 ], [ -89.516067328994879, 35.892004787029123 ], [ -89.516193717598824, 35.892230428956907 ], [ -89.516318877226098, 35.89205363632253 ], [ -89.516626072826995, 35.89179611867263 ], [ -89.51690018575151, 35.891544843364187 ], [ -89.517234907433433, 35.891371883212472 ], [ -89.51727329061903, 35.891345054776217 ], [ -89.517538980229006, 35.89132948458743 ], [ -89.517938398946058, 35.891394185972608 ], [ -89.51820283366898, 35.891349268276592 ], [ -89.518393833563465, 35.891073021013689 ], [ -89.518366999170084, 35.89087413207217 ], [ -89.518199277077727, 35.890593253780132 ], [ -89.518584083463665, 35.890411878876023 ], [ -89.518806159261786, 35.890173503819781 ], [ -89.518897620611156, 35.890269070079533 ], [ -89.519050029224204, 35.890361328561504 ], [ -89.519504154520533, 35.890013906518512 ], [ -89.519704698770838, 35.889711377275908 ], [ -89.520169279910974, 35.889327019926775 ], [ -89.52070146487354, 35.889511644511025 ], [ -89.521070487559115, 35.889172841338535 ], [ -89.520987296814084, 35.888672176785107 ], [ -89.520972492037757, 35.888570799399858 ], [ -89.521237742052051, 35.888542106644159 ], [ -89.521446991543684, 35.888585807487928 ], [ -89.52157753858134, 35.888545254037744 ], [ -89.521742893086397, 35.888273529041165 ], [ -89.521910409921986, 35.888113813223491 ], [ -89.522154606394963, 35.888028333870096 ], [ -89.522272255676953, 35.887591962277895 ], [ -89.522597497415646, 35.887221223631613 ], [ -89.52285205973844, 35.886864053952223 ], [ -89.522864957399463, 35.88667679747445 ], [ -89.523073154471007, 35.886478788149148 ], [ -89.523422247256946, 35.886212306183978 ], [ -89.523662972382951, 35.886214025032196 ], [ -89.523898859540552, 35.886013190425707 ], [ -89.523927219427875, 35.885802983603867 ], [ -89.52377588814619, 35.885457109927863 ], [ -89.523944684412669, 35.885235633449717 ], [ -89.524246808477088, 35.885220886601907 ], [ -89.524635680984403, 35.885188402793986 ], [ -89.524920734688948, 35.885236143269161 ], [ -89.525345272584161, 35.88506080649816 ], [ -89.525615214111156, 35.885067741149939 ], [ -89.525737089887372, 35.88496789031278 ], [ -89.52597291506649, 35.884767667694433 ], [ -89.526005023463753, 35.884666460480837 ], [ -89.525937416834111, 35.884436691954512 ], [ -89.52625498161153, 35.884212532324028 ], [ -89.526327825444412, 35.884113899651418 ], [ -89.526318615029481, 35.88393914762419 ], [ -89.526184811037268, 35.883706831558534 ], [ -89.526127125942281, 35.883648669590237 ], [ -89.52621443989274, 35.883512791616852 ], [ -89.526585586934914, 35.883475178300166 ], [ -89.52668222403075, 35.883357144828516 ], [ -89.526689392321359, 35.883172052289993 ], [ -89.526816550650352, 35.883103623445379 ], [ -89.526961839056995, 35.883281813291582 ], [ -89.527141685712195, 35.883534947838072 ], [ -89.527267095720063, 35.883660751588103 ], [ -89.527578916421433, 35.883768323141723 ], [ -89.527859072091246, 35.883572547805322 ], [ -89.528055969750795, 35.883364007994082 ], [ -89.528080849651019, 35.883134770558506 ], [ -89.528148665700769, 35.882833043136493 ], [ -89.529103919035379, 35.882705900966741 ], [ -89.529279512162844, 35.882637986262054 ], [ -89.529532044766924, 35.882462284174736 ], [ -89.52970060962393, 35.882253613175642 ], [ -89.529839295713884, 35.882057819933351 ], [ -89.530117749102658, 35.881850713567147 ], [ -89.530204786537183, 35.88154154115449 ], [ -89.530396729644991, 35.881328659046538 ], [ -89.530330079558212, 35.880929294805249 ], [ -89.530073209449725, 35.880644813241503 ], [ -89.529956028662269, 35.880386252243042 ], [ -89.529464294614684, 35.880135408201191 ], [ -89.52912105191551, 35.880160132702713 ], [ -89.528837117555526, 35.880288835152946 ], [ -89.528247686474089, 35.880220444615333 ], [ -89.528055946686933, 35.880080765549351 ], [ -89.527712868114051, 35.880062065061601 ], [ -89.527476966699908, 35.880079279646083 ], [ -89.527212725346629, 35.880161376260531 ], [ -89.527005401513051, 35.880385798534434 ], [ -89.526698798048713, 35.880341751975166 ], [ -89.526447074861665, 35.880373138837676 ], [ -89.526104142896813, 35.880357891383575 ], [ -89.525904746767367, 35.880349407801788 ], [ -89.52574291342583, 35.88056472119564 ], [ -89.52552073582558, 35.880594886679354 ], [ -89.525533230140255, 35.880331892507989 ], [ -89.525403675386926, 35.880117319651227 ], [ -89.52515566353884, 35.880001545011737 ], [ -89.52491226190601, 35.880026217773427 ], [ -89.52596494966356, 35.878316789188212 ], [ -89.526292418701146, 35.878463784196967 ], [ -89.526642452360463, 35.878346475296702 ], [ -89.527042137467873, 35.878158368571611 ], [ -89.527304293675797, 35.878079873896532 ], [ -89.527559314646084, 35.878227603848835 ], [ -89.528085190551479, 35.878239021098352 ], [ -89.528342330071581, 35.87818298289708 ], [ -89.528881827541156, 35.878042559453164 ], [ -89.529154792163695, 35.877876286382651 ], [ -89.531023662286387, 35.877776364126987 ], [ -89.531330446191248, 35.877864901150538 ], [ -89.531623569754828, 35.878121370715789 ], [ -89.53198256157107, 35.878464660651431 ], [ -89.532135769851777, 35.878612317960865 ], [ -89.532255502747503, 35.878698269753869 ], [ -89.532660630775254, 35.878736877655236 ], [ -89.532863042911799, 35.87849970718225 ], [ -89.532953969226327, 35.878354999389302 ], [ -89.533185871658389, 35.878304121742161 ], [ -89.533611713283804, 35.878600806658355 ], [ -89.533816277080945, 35.878629106765253 ], [ -89.534106345720843, 35.878539911171636 ], [ -89.534348927603588, 35.878353397387471 ], [ -89.53443069233208, 35.878220042235924 ], [ -89.534507351712634, 35.877998576579714 ], [ -89.534789674748879, 35.878033939780757 ], [ -89.534953182144079, 35.878115373117573 ], [ -89.535390437241958, 35.878101677238497 ], [ -89.535609226709724, 35.877932344360488 ], [ -89.535413268890409, 35.87746774961893 ], [ -89.535791192948565, 35.877332031638595 ], [ -89.535940934571613, 35.877146475010456 ], [ -89.53580871452364, 35.876970687871584 ], [ -89.535686271426272, 35.876815245992034 ], [ -89.535627346149425, 35.876517140088978 ], [ -89.535618914213089, 35.876197989707933 ], [ -89.53580289998169, 35.876140429695695 ], [ -89.536156076563728, 35.876204060220381 ], [ -89.53643451945068, 35.875973234635836 ], [ -89.536771427756278, 35.875755055415858 ], [ -89.537112201921289, 35.875501882000073 ], [ -89.537436677816629, 35.875369795322683 ], [ -89.537512569762768, 35.875016935453523 ], [ -89.537470830159904, 35.8745898303183 ], [ -89.537544475536265, 35.874104878081567 ], [ -89.537655465427022, 35.873831058169628 ], [ -89.537558518032299, 35.873503728593789 ], [ -89.537456095688299, 35.873256238082739 ], [ -89.537562466833521, 35.873132711601457 ], [ -89.537778198056799, 35.873151883900327 ], [ -89.537957793090456, 35.873244449847654 ], [ -89.537911957780935, 35.873143331446414 ], [ -89.537908753575692, 35.872918578098435 ], [ -89.538156533633568, 35.872660340443709 ], [ -89.538116218797285, 35.872556780529209 ], [ -89.537921143201061, 35.872344581373525 ], [ -89.538288523682496, 35.872202356412004 ], [ -89.538612317743898, 35.872213167983531 ], [ -89.53885337535695, 35.871883094121685 ], [ -89.538927966655876, 35.871586948205383 ], [ -89.538960271891156, 35.871345463912604 ], [ -89.539466602555407, 35.871497380960669 ], [ -89.539487530193369, 35.871620671610422 ], [ -89.539575782185082, 35.871813699172201 ], [ -89.539536790278703, 35.872003782961798 ], [ -89.539513635330522, 35.872184645009618 ], [ -89.539516988883705, 35.872236217923316 ], [ -89.539533321758682, 35.872436830569882 ], [ -89.539540073851128, 35.872601806532934 ], [ -89.539574261703805, 35.872894230518448 ], [ -89.539600063283387, 35.873235730986487 ], [ -89.539680091220603, 35.873436978866508 ], [ -89.539852592112709, 35.873618049585751 ], [ -89.540077706619385, 35.873636224480741 ], [ -89.540351879779806, 35.873233491737558 ], [ -89.540825521928099, 35.872722960739736 ], [ -89.540887299786334, 35.872114590534125 ], [ -89.542147652031659, 35.872070287935003 ], [ -89.542829884218236, 35.871926776983543 ], [ -89.544663619248311, 35.870354851962993 ], [ -89.545845185989293, 35.868848370922073 ], [ -89.546814933253643, 35.867713360312784 ], [ -89.548514339010055, 35.865977696510406 ], [ -89.549443466684622, 35.865243886129292 ], [ -89.550905727887482, 35.864929280720212 ], [ -89.552317721452042, 35.864669509577745 ], [ -89.555542179856232, 35.865028751196142 ], [ -89.557011730757992, 35.864109462375595 ], [ -89.558363422231139, 35.86261785099812 ], [ -89.560056851895993, 35.859902733861276 ], [ -89.560896383308346, 35.858770018035862 ], [ -89.562031259984806, 35.858000486592822 ], [ -89.562389364167075, 35.857595873074615 ], [ -89.563213527075334, 35.856088071310033 ], [ -89.565398767510374, 35.854366943184182 ], [ -89.566852189266797, 35.853260743937113 ], [ -89.568063704112475, 35.851201978644845 ], [ -89.568095454269027, 35.850827515712183 ], [ -89.568240014263125, 35.850683213077538 ], [ -89.568866326923541, 35.849549327790996 ], [ -89.568781812053913, 35.849209871376011 ], [ -89.568684794995576, 35.849017893460399 ], [ -89.568331241844632, 35.848868622982792 ], [ -89.568057292909188, 35.848401613426461 ], [ -89.568015370213288, 35.848241013320219 ], [ -89.567868550444146, 35.847955318810982 ], [ -89.567650494581997, 35.847617291812597 ], [ -89.567850512293802, 35.847100695071049 ], [ -89.56934418287571, 35.846974128050547 ], [ -89.569396741830445, 35.846513312883289 ], [ -89.569113690637323, 35.846333809992572 ], [ -89.569590047745095, 35.84589560356261 ], [ -89.569549294769615, 35.845501908742918 ], [ -89.569572688221015, 35.844810865327879 ], [ -89.569973097251136, 35.844498477895641 ], [ -89.571043329267582, 35.84493980641286 ], [ -89.571676440717638, 35.84500673884024 ], [ -89.572219101486624, 35.845344737634875 ], [ -89.574429879420691, 35.84420667348148 ], [ -89.575371133013505, 35.842254737408602 ], [ -89.577504887337554, 35.840174423450605 ], [ -89.578206725344387, 35.839601469832481 ], [ -89.580059135650998, 35.837774692830223 ], [ -89.58084627760789, 35.83682316785103 ], [ -89.582206571788475, 35.835686461374159 ], [ -89.583146180758234, 35.833632570632204 ], [ -89.583139137322647, 35.832460205940187 ], [ -89.586013311009097, 35.831658906162552 ], [ -89.587731087841902, 35.831436415801235 ], [ -89.589128382649662, 35.831435582321419 ], [ -89.589979358464291, 35.831208417419404 ], [ -89.591681201890722, 35.830262717525727 ], [ -89.592490534408824, 35.829171417483742 ], [ -89.593757777189438, 35.828472793226801 ], [ -89.594954894010527, 35.826366560688633 ], [ -89.598290934106117, 35.824553882014676 ], [ -89.601144311045346, 35.822330234471792 ], [ -89.602940598806782, 35.821650674908021 ], [ -89.604345911599154, 35.820662636482268 ], [ -89.605163024202412, 35.819793158353725 ], [ -89.605830581817258, 35.819141784393771 ], [ -89.606344538069706, 35.818349717899821 ], [ -89.607745346727413, 35.817043594646826 ], [ -89.609276760185438, 35.814755784242934 ], [ -89.611355975292767, 35.812448632152304 ], [ -89.612965024040975, 35.81153542181297 ], [ -89.614520591553685, 35.810875529071225 ], [ -89.61477741389109, 35.810239351631587 ], [ -89.615357681628481, 35.810013721622532 ], [ -89.61569778152996, 35.809722269825805 ], [ -89.616028902202132, 35.80934559767298 ], [ -89.616248845552292, 35.808841940497523 ], [ -89.616324222938701, 35.808597802805835 ], [ -89.61656935038927, 35.808520419897981 ], [ -89.616718913105558, 35.808637970699358 ], [ -89.616768588359605, 35.808531141192923 ], [ -89.616900669381849, 35.808238575840811 ], [ -89.617024963540587, 35.808151682644279 ], [ -89.617065160324486, 35.807784119507566 ], [ -89.616999968569118, 35.807659964123189 ], [ -89.616868410904146, 35.807412474502954 ], [ -89.617167185190453, 35.807346645508943 ], [ -89.617307481364946, 35.807311384105397 ], [ -89.61758242848245, 35.807252763349858 ], [ -89.617736689996306, 35.807306527174475 ], [ -89.617805943882445, 35.807137773372595 ], [ -89.617623385604631, 35.80676565474522 ], [ -89.617545310435233, 35.806558015974282 ], [ -89.617675068859199, 35.806579680539926 ], [ -89.618026204913747, 35.80655646990656 ], [ -89.618181342520529, 35.806494586154201 ], [ -89.618687894510643, 35.806662797495036 ], [ -89.618938865653632, 35.806559043564015 ], [ -89.620697901473392, 35.804847837150305 ], [ -89.621864925239294, 35.803551984127004 ], [ -89.623052592843763, 35.801975471663617 ], [ -89.624542934198871, 35.799179220352208 ], [ -89.625871409314087, 35.797606949293353 ], [ -89.626579006406317, 35.796769383835446 ], [ -89.627199790521885, 35.796034512532842 ], [ -89.62699694634091, 35.795068329996376 ], [ -89.627307436830009, 35.793700152539209 ], [ -89.62748569212782, 35.793005801623181 ], [ -89.628221300620424, 35.792341395879831 ], [ -89.628930360044549, 35.791305282141678 ], [ -89.629445877792847, 35.790615361894204 ], [ -89.629645208213816, 35.790146117208785 ], [ -89.630293133779787, 35.789572980030549 ], [ -89.630848521399443, 35.789318908365125 ], [ -89.631441354825256, 35.78921240725014 ], [ -89.631456544033369, 35.789208161630789 ], [ -89.632643297656998, 35.788876438068456 ], [ -89.632851857302413, 35.788609180986512 ], [ -89.633066629102132, 35.788333960980836 ], [ -89.633611785883772, 35.787265072392685 ], [ -89.634111041721894, 35.786988243910258 ], [ -89.635065361853009, 35.786418011854217 ], [ -89.635226728437402, 35.78600157432821 ], [ -89.635256563116769, 35.785703678417271 ], [ -89.635557506744533, 35.785091115916472 ], [ -89.635782617060528, 35.784800338777337 ], [ -89.636446697680967, 35.784048933831563 ], [ -89.63651820869201, 35.783994087228443 ], [ -89.636873403904517, 35.783576325023716 ], [ -89.636988555951362, 35.783088589735577 ], [ -89.637311036905629, 35.782704145606601 ], [ -89.63769365232325, 35.782483201582259 ], [ -89.638136721288689, 35.782437803610961 ], [ -89.638562638242504, 35.782296309895997 ], [ -89.639162731856032, 35.781972840077202 ], [ -89.63914092428891, 35.781578853359086 ], [ -89.63933835207871, 35.781161691236854 ], [ -89.639453656934904, 35.781007070994328 ], [ -89.640638981284766, 35.780920277386329 ], [ -89.643339834233032, 35.779191292286214 ], [ -89.643542523880342, 35.778539874898208 ], [ -89.643788447358133, 35.778100185526426 ], [ -89.643882366249059, 35.777823236199445 ], [ -89.64395016822418, 35.777324819063566 ], [ -89.644444391526193, 35.777090378077432 ], [ -89.644727465752368, 35.777038681113616 ], [ -89.645052752612784, 35.776899909742959 ], [ -89.645346084123645, 35.776408625762144 ], [ -89.645822370469162, 35.776441216256906 ], [ -89.645855925399928, 35.775725858812287 ], [ -89.646760248618563, 35.776063907842044 ], [ -89.64707287750511, 35.776060491536974 ], [ -89.64726690450361, 35.775931664332411 ], [ -89.647232275815824, 35.775655106183436 ], [ -89.647504163490837, 35.774963624596047 ], [ -89.647749881736587, 35.774841390636851 ], [ -89.647451869116082, 35.774476284796108 ], [ -89.648379352984236, 35.773971734814388 ], [ -89.648755460094577, 35.773859381449412 ], [ -89.649094950286226, 35.773920553595353 ], [ -89.649515767395073, 35.773915850059367 ], [ -89.65002045788043, 35.773814802179999 ], [ -89.65033805772957, 35.773741236583582 ], [ -89.650713109531637, 35.773612368717494 ], [ -89.651002882149399, 35.773627223723857 ], [ -89.651424559741642, 35.773478514859725 ], [ -89.651627749952894, 35.77302042450799 ], [ -89.651646162410643, 35.772816025963408 ], [ -89.651788427775955, 35.772544667043022 ], [ -89.652076399153842, 35.772682678861173 ], [ -89.652495375783076, 35.772728991547339 ], [ -89.653494001732611, 35.772274384113693 ], [ -89.654334392378189, 35.772120879952325 ], [ -89.654633642324384, 35.772340864333067 ], [ -89.654947768749039, 35.772565358896323 ], [ -89.655269469768314, 35.772778582249813 ], [ -89.65563151570251, 35.772995732429479 ], [ -89.656212499799736, 35.773171351157522 ], [ -89.656711827190321, 35.773124294330785 ], [ -89.657031343804519, 35.773363754000201 ], [ -89.657571436043838, 35.773672328129813 ], [ -89.657579725215541, 35.773877447315655 ], [ -89.65759163210231, 35.774179525427634 ], [ -89.65755173889805, 35.774538094808356 ], [ -89.658161691200235, 35.774341101522459 ], [ -89.658206808309686, 35.77413770828997 ], [ -89.658093417005418, 35.773612858958671 ], [ -89.657477059230615, 35.773127020360207 ], [ -89.657263118409929, 35.77244469715037 ], [ -89.657199443052335, 35.772073575789051 ], [ -89.657335239529331, 35.771633277084156 ], [ -89.657659884976368, 35.771258097032998 ], [ -89.657474628665099, 35.770578257018947 ], [ -89.657543365420594, 35.769789587055165 ], [ -89.658396006439943, 35.769383032686783 ], [ -89.658857897223655, 35.769108418097147 ], [ -89.659453162197579, 35.768755844510437 ], [ -89.659893565839297, 35.768738531716551 ], [ -89.660166714295826, 35.768341839745858 ], [ -89.660475382554878, 35.767985611239425 ], [ -89.661104126271752, 35.767957313437314 ], [ -89.661008442668702, 35.768182170857919 ], [ -89.660965330092267, 35.768433897748217 ], [ -89.66100856085356, 35.768787183608985 ], [ -89.661138648162833, 35.768899572643562 ], [ -89.661380798830095, 35.768291591554231 ], [ -89.661606237842832, 35.767952669639783 ], [ -89.661774883264357, 35.767650691069115 ], [ -89.661983730223824, 35.767105320701987 ], [ -89.662413738561952, 35.76718067096207 ], [ -89.662728082041696, 35.767135027377726 ], [ -89.662894019662474, 35.766849531447058 ], [ -89.663158829640992, 35.766547207215517 ], [ -89.663458404379028, 35.766347398028849 ], [ -89.66329793772482, 35.765812359506313 ], [ -89.663458239370257, 35.765512232407779 ], [ -89.663624319294982, 35.76543159622139 ], [ -89.663640588189267, 35.765096173909441 ], [ -89.663823796380171, 35.764934723920383 ], [ -89.663877358194512, 35.764557599672727 ], [ -89.664024676113769, 35.764232895989316 ], [ -89.664286315147848, 35.763724662012748 ], [ -89.664770520671581, 35.763568682102665 ], [ -89.664838129860513, 35.763436433734874 ], [ -89.66504234167968, 35.76323506296405 ], [ -89.665371735549897, 35.763289636724835 ], [ -89.665870301679945, 35.763507330537074 ], [ -89.666447713950532, 35.763587889292381 ], [ -89.667198374042826, 35.76272773368288 ], [ -89.667601600433855, 35.762527613892736 ], [ -89.668045520203535, 35.762067319942069 ], [ -89.668701033842112, 35.761924012569615 ], [ -89.669182202222885, 35.761684886108291 ], [ -89.669164874014356, 35.761524217852461 ], [ -89.668965857138701, 35.761241867452021 ], [ -89.669003142315375, 35.761035821294783 ], [ -89.669431531143587, 35.76099501345616 ], [ -89.669645488643198, 35.76114583787686 ], [ -89.66984271436867, 35.76122164632163 ], [ -89.670138330783274, 35.761395051002133 ], [ -89.670372800598713, 35.76114593163549 ], [ -89.670493276437966, 35.760689410643089 ], [ -89.671090900912503, 35.760325586973643 ], [ -89.671495301566566, 35.760307373087038 ], [ -89.67177978236424, 35.760033501057826 ], [ -89.672407492156921, 35.759783256326202 ], [ -89.672737434368969, 35.759793967834469 ], [ -89.673082206658279, 35.759740723710316 ], [ -89.673969018226515, 35.758979784348355 ], [ -89.674310661211578, 35.758849948137133 ], [ -89.674768866530059, 35.757423799416351 ], [ -89.675511379141255, 35.755300607854267 ], [ -89.677509279761566, 35.753484787645384 ], [ -89.678690605762213, 35.752159991358511 ], [ -89.678873299757043, 35.751610898818981 ], [ -89.679807978702101, 35.751255455826211 ], [ -89.68024344238043, 35.751134144682077 ], [ -89.680747408070062, 35.750818883945009 ], [ -89.680863183026389, 35.750811080852749 ], [ -89.681214456055855, 35.750668472217278 ], [ -89.682544225579562, 35.751003645066831 ], [ -89.683337357264634, 35.751053344025692 ], [ -89.683987621872788, 35.750968940058968 ], [ -89.684617349549598, 35.750865748197711 ], [ -89.685127527180157, 35.75064031324068 ], [ -89.686042621554066, 35.750325882345777 ], [ -89.687055394106309, 35.749932025065384 ], [ -89.68744933391757, 35.749777758826902 ], [ -89.687850102798819, 35.749478024993095 ], [ -89.688137890031371, 35.749221629147939 ], [ -89.687832274748175, 35.748634138114461 ], [ -89.687739617679696, 35.748466906112348 ], [ -89.687960958946192, 35.748034747978934 ], [ -89.688246980560663, 35.747973358788393 ], [ -89.68856463484542, 35.747672597287298 ], [ -89.689058391290217, 35.747493133832911 ], [ -89.689429113860925, 35.747371350744324 ], [ -89.689760772269992, 35.747209099107458 ], [ -89.690099950248324, 35.747240954463386 ], [ -89.690612878112248, 35.747035103048489 ], [ -89.691110033004406, 35.746872812319545 ], [ -89.691395052502415, 35.747168372190103 ], [ -89.691227945072498, 35.746365542517118 ], [ -89.691693891832827, 35.745727491489497 ], [ -89.692235487987233, 35.745511483897069 ], [ -89.69257653543292, 35.745241283758013 ], [ -89.692961713248437, 35.744817403631338 ], [ -89.693387365595584, 35.744406290123663 ], [ -89.693852471751768, 35.744254489686696 ], [ -89.693775892803643, 35.743814175170293 ], [ -89.694534326588013, 35.743248107642749 ], [ -89.69502759244503, 35.742826079845273 ], [ -89.695263539827891, 35.742536129271826 ], [ -89.695754114584446, 35.742423356880003 ], [ -89.695850646721084, 35.742657933217316 ], [ -89.696032815755586, 35.742872298139908 ], [ -89.696115179651883, 35.74319510205958 ], [ -89.696173822847314, 35.743538455511469 ], [ -89.696646976468614, 35.743179021823146 ], [ -89.696813933035244, 35.743052191085447 ], [ -89.697096555510328, 35.742837491700527 ], [ -89.697711220638723, 35.742370543345338 ], [ -89.697827449141627, 35.74228224593935 ], [ -89.697844487948629, 35.741813124311463 ], [ -89.698591889328355, 35.740305859482383 ], [ -89.699215106402264, 35.740087970354743 ], [ -89.699806958944677, 35.739758024119716 ], [ -89.700441259609548, 35.739824663247362 ], [ -89.700442702318938, 35.739823306709091 ], [ -89.700851843702125, 35.738451245202654 ], [ -89.700866851595862, 35.738367443215672 ], [ -89.700788001069398, 35.737966148183581 ], [ -89.700582254921343, 35.737345961837995 ], [ -89.700152207499599, 35.736356155135148 ], [ -89.700224750539363, 35.736152682095941 ], [ -89.700421425854685, 35.735675063777748 ], [ -89.700719143116302, 35.735113834189427 ], [ -89.701122936729263, 35.734696048963272 ], [ -89.701551712792451, 35.734240671742349 ], [ -89.702146774274524, 35.733620766044503 ], [ -89.702810546805921, 35.733336554429741 ], [ -89.703397143137195, 35.733277150108371 ], [ -89.703911523621684, 35.732809507776892 ], [ -89.704708623050465, 35.732374396060173 ], [ -89.705072469084072, 35.732032449002006 ], [ -89.7052799837343, 35.731837422217154 ], [ -89.70580219162332, 35.731240341862062 ], [ -89.705922000801465, 35.730838928310817 ], [ -89.706380997180389, 35.728471427651456 ], [ -89.706393415239134, 35.727750678526263 ], [ -89.706240760528345, 35.727348077575549 ], [ -89.706155488129497, 35.727004072020407 ], [ -89.705851266818328, 35.725980451001789 ], [ -89.705854926309414, 35.725165476374066 ], [ -89.706529176680647, 35.724255085095116 ], [ -89.706345008044366, 35.723923466783795 ], [ -89.706534841945313, 35.723620961930713 ], [ -89.706704721294855, 35.723217977318413 ], [ -89.70718245841428, 35.722889141498008 ], [ -89.70739704314245, 35.722418093346768 ], [ -89.707425806522394, 35.72235495259541 ], [ -89.707423774730799, 35.722340948868151 ], [ -89.70723975486338, 35.721072605616975 ], [ -89.706897181833682, 35.7204322410836 ], [ -89.706882405730028, 35.719423636008152 ], [ -89.706847843836499, 35.718088475931388 ], [ -89.706969123723525, 35.717578711992523 ], [ -89.706951710458767, 35.716911389505896 ], [ -89.707214859920526, 35.716526094106968 ], [ -89.707450452718703, 35.716353565461922 ], [ -89.707535004873009, 35.715945869533897 ], [ -89.707709808743033, 35.715360401663617 ], [ -89.707983631376692, 35.714998138266274 ], [ -89.70823955896212, 35.714553194148003 ], [ -89.708267909870983, 35.714034601084123 ], [ -89.708611099317963, 35.713624010218808 ], [ -89.708854088623099, 35.71311380752649 ], [ -89.709081248439148, 35.712994960853997 ], [ -89.709425375406042, 35.712727710123445 ], [ -89.70961662795527, 35.71250364371182 ], [ -89.709748276503831, 35.712124451399418 ], [ -89.71006148855227, 35.711563488231732 ], [ -89.710998632183944, 35.709485964037064 ], [ -89.711499692140933, 35.708319871437432 ], [ -89.712882063730035, 35.706427105972118 ], [ -89.71335078081151, 35.703644341696794 ], [ -89.714677600145663, 35.702025322774283 ], [ -89.714997766983771, 35.700999339724767 ], [ -89.716359186206219, 35.698452045933799 ], [ -89.717411713301971, 35.696641468842898 ], [ -89.718175692475043, 35.694480456995294 ], [ -89.718676816562962, 35.692036187394137 ], [ -89.7198215845454, 35.690112183725581 ], [ -89.722253481214395, 35.687893745686381 ], [ -89.72449081497237, 35.686254757363351 ], [ -89.725489576476306, 35.685457120550033 ], [ -89.725831813157015, 35.684959739124771 ], [ -89.726105959877586, 35.684628587987824 ], [ -89.726673958399047, 35.684372266500617 ], [ -89.727105066975724, 35.684166893700848 ], [ -89.727526408802916, 35.683883039194988 ], [ -89.727932738378072, 35.683487008582112 ], [ -89.728125531870376, 35.683178434144544 ], [ -89.728526730340775, 35.682963511658841 ], [ -89.728684891006225, 35.682914216031463 ], [ -89.729067405966404, 35.682682203923903 ], [ -89.729457013324776, 35.682582359840268 ], [ -89.729835806006378, 35.682327152046128 ], [ -89.729934525228799, 35.682010763353702 ], [ -89.730256895828589, 35.681699493466397 ], [ -89.730678618591639, 35.681634429004916 ], [ -89.731043199505024, 35.681518042706323 ], [ -89.731564122106988, 35.681280612773946 ], [ -89.732247170772141, 35.681151890734213 ], [ -89.732782966796663, 35.680980344381538 ], [ -89.733068363393571, 35.680777323120836 ], [ -89.733496788146638, 35.680429907757642 ], [ -89.733900104153349, 35.680076385862996 ], [ -89.734347222573192, 35.680029812606136 ], [ -89.734815889171585, 35.679901761229551 ], [ -89.735150227474861, 35.679878408964555 ], [ -89.735706271602751, 35.679795843507009 ], [ -89.736578218031369, 35.679563162628867 ], [ -89.737395156314193, 35.679491734978932 ], [ -89.740580360673476, 35.678859647246433 ], [ -89.743606177266656, 35.678189335339638 ], [ -89.747026120922229, 35.678166889056854 ], [ -89.751270856722414, 35.678823133831081 ], [ -89.754314638728403, 35.679298069250883 ], [ -89.756212304656941, 35.679463773198144 ], [ -89.757949398845923, 35.679587547711577 ], [ -89.759386463996023, 35.679378121406025 ], [ -89.762345330888152, 35.67746832118231 ], [ -89.765350306980565, 35.675279604064592 ], [ -89.768218766379846, 35.673375520984415 ], [ -89.76883111791625, 35.672701378984925 ], [ -89.769184407270231, 35.672145030833008 ], [ -89.769549070592689, 35.671605913986802 ], [ -89.769680309420849, 35.671345696143945 ], [ -89.769935090289607, 35.671183260497294 ], [ -89.77114365309717, 35.670155353635295 ], [ -89.771384264012099, 35.669756181062077 ], [ -89.771396004664169, 35.669394501276045 ], [ -89.771756304381839, 35.669164374949922 ], [ -89.772012102217417, 35.669027108890333 ], [ -89.772207008582228, 35.669091670102993 ], [ -89.772430397061569, 35.668908118934965 ], [ -89.772647359776258, 35.668978262094072 ], [ -89.772958110904881, 35.668752071720668 ], [ -89.773064090033671, 35.668457794859876 ], [ -89.773218604815, 35.668174561760495 ], [ -89.773653880687633, 35.667893886950758 ], [ -89.774233692463426, 35.667546157755638 ], [ -89.774771849237425, 35.667364824273065 ], [ -89.775276979444129, 35.667225624038366 ], [ -89.775914072185543, 35.667148729500425 ], [ -89.77641275919143, 35.667155661378999 ], [ -89.776879360922862, 35.666977456612436 ], [ -89.777224389432675, 35.666504685959218 ], [ -89.777662010072078, 35.666586240445412 ], [ -89.777920092935886, 35.66668790105777 ], [ -89.778257266470291, 35.666710396110041 ], [ -89.778541590013688, 35.666642369429418 ], [ -89.778644486882868, 35.666570402699506 ], [ -89.778930999919098, 35.666034296175511 ], [ -89.779069731444523, 35.665671151484389 ], [ -89.779181327336886, 35.665348329858006 ], [ -89.779398634869395, 35.665014787258741 ], [ -89.77960381475016, 35.664705373475229 ], [ -89.779706883888025, 35.664184502887345 ], [ -89.781331858937833, 35.664690756180299 ], [ -89.782187108020651, 35.664092530774951 ], [ -89.783682335697605, 35.663109611071484 ], [ -89.784267390151712, 35.662643849527079 ], [ -89.785064928397887, 35.662142274395585 ], [ -89.786651122677995, 35.660969170402055 ], [ -89.787458421296577, 35.660590862728924 ], [ -89.788630895182635, 35.659867909289638 ], [ -89.789735312531832, 35.659330936550624 ], [ -89.790925710400742, 35.658736263383112 ], [ -89.79134718154944, 35.658396072122351 ], [ -89.792972787669044, 35.65773301905579 ], [ -89.79363972516947, 35.657470259270895 ], [ -89.79401780529696, 35.657177493826552 ], [ -89.794533197808704, 35.656932789424516 ], [ -89.795115153310661, 35.656764809172465 ], [ -89.795391048031831, 35.656615458268796 ], [ -89.79570007385388, 35.65651985231203 ], [ -89.79609638051528, 35.656420151427149 ], [ -89.79640739561286, 35.656399630300292 ], [ -89.796614898327348, 35.656385938577365 ], [ -89.798681544215242, 35.655519840754984 ], [ -89.798985286395194, 35.655280482501851 ], [ -89.799296774343262, 35.655200563908338 ], [ -89.799896206147125, 35.654853036860892 ], [ -89.800434560922653, 35.654740418019522 ], [ -89.800794431381192, 35.654724768104153 ], [ -89.801216763349757, 35.654606069976346 ], [ -89.801663912768916, 35.654385890042704 ], [ -89.802034510333954, 35.654287300610463 ], [ -89.802338094115086, 35.654171580200995 ], [ -89.803014266377971, 35.654114282488784 ], [ -89.803531129096527, 35.653910482135331 ], [ -89.80405952936357, 35.653765484064905 ], [ -89.804394592532631, 35.653645214693768 ], [ -89.804648068738771, 35.65338056871397 ], [ -89.805002105244739, 35.653290125617588 ], [ -89.805269036604983, 35.653380515838037 ], [ -89.805754629407204, 35.653379036988547 ], [ -89.806115592483692, 35.653490797301025 ], [ -89.806817891694465, 35.653319451818518 ], [ -89.807323598766047, 35.652918038223326 ], [ -89.807633272748234, 35.652716472602997 ], [ -89.807789230241426, 35.652361983505052 ], [ -89.80816228566043, 35.652620667478011 ], [ -89.808655831840028, 35.652613578375899 ], [ -89.809129550840936, 35.652551849327502 ], [ -89.809938323162484, 35.652331799806191 ], [ -89.810554602495046, 35.65209088943746 ], [ -89.810958222817035, 35.651781364984032 ], [ -89.81158469864836, 35.651675427235546 ], [ -89.812236026340159, 35.651592190309685 ], [ -89.812943076750017, 35.651656743907239 ], [ -89.81360977217139, 35.651662127403924 ], [ -89.814332313616788, 35.651477799245924 ], [ -89.814861956743513, 35.651138400499448 ], [ -89.815242565321199, 35.651013936151948 ], [ -89.815580564299538, 35.650802863034755 ], [ -89.816050917067244, 35.650798600758485 ], [ -89.81626121456803, 35.650733342617897 ], [ -89.816903553698609, 35.650527019232563 ], [ -89.817524128046344, 35.650221906840784 ], [ -89.817856177676134, 35.650092067889354 ], [ -89.818704622181173, 35.650119039391626 ], [ -89.819092440440954, 35.650117531405016 ], [ -89.819451002379722, 35.650120332313335 ], [ -89.825363170515701, 35.649144086122803 ], [ -89.829722510956032, 35.648268718183978 ], [ -89.830193640265904, 35.648036632951111 ], [ -89.830711053773911, 35.647927919379555 ], [ -89.831197730841254, 35.647915250016275 ], [ -89.831694600282717, 35.647760529295667 ], [ -89.83234962166722, 35.647641820293934 ], [ -89.832853128687034, 35.647462321120507 ], [ -89.833632674997418, 35.647143829093068 ], [ -89.834038192918641, 35.646950906165479 ], [ -89.834564268530769, 35.647184395759417 ], [ -89.835114805426031, 35.646718461529851 ], [ -89.835653891481243, 35.64653266667402 ], [ -89.836194007727016, 35.646206111865197 ], [ -89.836737101756569, 35.64606881433744 ], [ -89.83745893453694, 35.645931267675302 ], [ -89.838057088879722, 35.645519984839346 ], [ -89.83877759480454, 35.645510435826914 ], [ -89.839449598811171, 35.645133600370549 ], [ -89.840315446538341, 35.644648053104746 ], [ -89.840563007918504, 35.644360469644887 ], [ -89.840874296733844, 35.644334656165555 ], [ -89.841390660196424, 35.644021966352888 ], [ -89.841930341347066, 35.643702415572371 ], [ -89.842244815815349, 35.643445846872282 ], [ -89.842656929818688, 35.642870962057223 ], [ -89.842927568723141, 35.642569277251724 ], [ -89.843251187655241, 35.642212678862954 ], [ -89.843762129528173, 35.641828674263664 ], [ -89.844226679866964, 35.64167169192531 ], [ -89.84474341376395, 35.641562353777758 ], [ -89.845274213658499, 35.641489124510002 ], [ -89.8459077550947, 35.641269456377998 ], [ -89.846166839364173, 35.641118588752967 ], [ -89.846563926100032, 35.640799398349557 ], [ -89.846955326495745, 35.640256870680076 ], [ -89.84729077710152, 35.63996367600059 ], [ -89.847601335657657, 35.639686345632292 ], [ -89.848052195860305, 35.639450094707527 ], [ -89.8485586314264, 35.639137657179937 ], [ -89.849053699605832, 35.638946686548607 ], [ -89.849780597639693, 35.63841057908472 ], [ -89.850185653976681, 35.637814453987851 ], [ -89.850496366331001, 35.637226491394564 ], [ -89.851025474599865, 35.636837917591173 ], [ -89.851673062034777, 35.636391813219163 ], [ -89.85221526361704, 35.636104727733674 ], [ -89.852330511749997, 35.635995572402486 ], [ -89.852705955591915, 35.635332424008368 ], [ -89.85297961132747, 35.634984350291141 ], [ -89.8532139029017, 35.634574616797522 ], [ -89.853373830272375, 35.634189678154343 ], [ -89.853558624438975, 35.633788562817294 ], [ -89.85400062265046, 35.633355959180086 ], [ -89.854314289443437, 35.633058607372597 ], [ -89.85459696285055, 35.632931944352357 ], [ -89.854891595780515, 35.632329337609555 ], [ -89.855285227337262, 35.632224532269866 ], [ -89.855352947055096, 35.631385835197705 ], [ -89.855831660852274, 35.631052293732893 ], [ -89.856091239702749, 35.630635022577692 ], [ -89.856564015526487, 35.630374936733929 ], [ -89.857282447238376, 35.630154135233106 ], [ -89.857662984048673, 35.630017331847327 ], [ -89.857919569983778, 35.630057891544304 ], [ -89.858261185904823, 35.629982395859805 ], [ -89.858683515391633, 35.629786905267657 ], [ -89.859035370742262, 35.629527080130558 ], [ -89.859514396530059, 35.629164706487444 ], [ -89.859995332729255, 35.628950847787586 ], [ -89.860176974975275, 35.628632479572246 ], [ -89.86049668333915, 35.628440149716724 ], [ -89.860863851006798, 35.62829114461767 ], [ -89.861122469724179, 35.628350200519066 ], [ -89.861111660944118, 35.628527953179201 ], [ -89.860816036364568, 35.628736216574097 ], [ -89.860884954891645, 35.628942870945316 ], [ -89.860971122726028, 35.628946633423297 ], [ -89.861533773112939, 35.628726040027892 ], [ -89.861924781292487, 35.628210320322353 ], [ -89.862141508144987, 35.627908097942928 ], [ -89.86265164823709, 35.627714848740794 ], [ -89.862900978898622, 35.627536198787652 ], [ -89.86331099438911, 35.627038973443014 ], [ -89.863439904496005, 35.626802600305112 ], [ -89.863785519318739, 35.626600637845307 ], [ -89.864272330943507, 35.626464018127976 ], [ -89.864791165895014, 35.626392563153615 ], [ -89.865125928829329, 35.626442821633916 ], [ -89.865403282768298, 35.626652235674783 ], [ -89.865105116712414, 35.626224865715216 ], [ -89.864755049564081, 35.626085364614816 ], [ -89.864891936406309, 35.62586762409267 ], [ -89.865293080355528, 35.625770252793188 ], [ -89.865683758017852, 35.625622098581729 ], [ -89.865975039401292, 35.625716448095652 ], [ -89.866480062299672, 35.626047780448346 ], [ -89.866724235061113, 35.62622972101331 ], [ -89.867313109117504, 35.626334714345624 ], [ -89.86786669054392, 35.626259032270674 ], [ -89.868224025541963, 35.626294707708489 ], [ -89.868718411148947, 35.626455473701306 ], [ -89.868840868196969, 35.626485168871753 ], [ -89.86917670942033, 35.626486471005315 ], [ -89.872474713454409, 35.624945631030698 ], [ -89.876790335834812, 35.623239782776302 ], [ -89.879678186440429, 35.621644448706746 ], [ -89.881450347283106, 35.620059644837326 ], [ -89.884852972406705, 35.61775049614387 ], [ -89.88611766740506, 35.61678348101043 ], [ -89.886793772767277, 35.616230055588595 ], [ -89.887555380571811, 35.6157542789798 ], [ -89.887838170874787, 35.615440567053049 ], [ -89.890168023276374, 35.613500759989478 ], [ -89.890638927924371, 35.613252832141207 ], [ -89.891339342858771, 35.612827118971111 ], [ -89.89201999114097, 35.612183152119883 ], [ -89.892602852021895, 35.61146319815289 ], [ -89.892903228079049, 35.611026024146589 ], [ -89.892878209935319, 35.610562677837365 ], [ -89.89243213352762, 35.610281558191417 ], [ -89.892557049288072, 35.609582187015057 ], [ -89.892941412161775, 35.609255309603334 ], [ -89.892974260000273, 35.608898080711562 ], [ -89.893173930274671, 35.608305875264428 ], [ -89.893405404014914, 35.607839492882448 ], [ -89.893576830854244, 35.607415119530117 ], [ -89.893812260985271, 35.60711929270385 ], [ -89.894151976386524, 35.606955683156613 ], [ -89.894177891288649, 35.606511592914472 ], [ -89.894195975758564, 35.605961667451375 ], [ -89.894476258586039, 35.605491433525401 ], [ -89.894626948197043, 35.605168765675771 ], [ -89.894865015459644, 35.604867412140365 ], [ -89.895201654229837, 35.604445016803908 ], [ -89.895284420576104, 35.604133348592583 ], [ -89.895486042878431, 35.603447660265616 ], [ -89.89543693873172, 35.602946274583381 ], [ -89.895396820880549, 35.602459327294511 ], [ -89.895156119145057, 35.60184492216527 ], [ -89.895076932102171, 35.601427247917364 ], [ -89.894689777295554, 35.600915136684669 ], [ -89.894308312400014, 35.600546605035476 ], [ -89.893628872648435, 35.599906895561269 ], [ -89.893133522524849, 35.599710263537219 ], [ -89.89149145941029, 35.599283992232031 ], [ -89.889481186205458, 35.599620263465297 ], [ -89.887528782931383, 35.600350055532736 ], [ -89.885306594331098, 35.601736830814453 ], [ -89.88514595579349, 35.601878484259174 ], [ -89.882980193767892, 35.60361160947626 ], [ -89.879959724916404, 35.603596419078308 ], [ -89.876230475839023, 35.601936490506162 ], [ -89.87203431313408, 35.602302119891284 ], [ -89.867912905850602, 35.604268259063076 ], [ -89.86253559498499, 35.607941505997687 ], [ -89.853737224232688, 35.609026598192344 ], [ -89.849159951905506, 35.610261270628193 ], [ -89.846085390388396, 35.609996229082974 ], [ -89.844788084310537, 35.609885074505364 ], [ -89.841339621727542, 35.608905550125989 ], [ -89.840859574394884, 35.608632155020196 ], [ -89.838893085902228, 35.60663755854695 ], [ -89.836586542996159, 35.60434888653122 ], [ -89.835644293310352, 35.603178537454951 ], [ -89.835057819799658, 35.601903645936964 ], [ -89.834881487339928, 35.601284053333146 ], [ -89.834745606151571, 35.600806503753113 ], [ -89.834797412845049, 35.59937465159026 ], [ -89.835276014064618, 35.597779332630779 ], [ -89.83623607436023, 35.596481011208283 ], [ -89.837492579757225, 35.594732549153683 ], [ -89.838510304259501, 35.593435000524167 ], [ -89.839038969327603, 35.592760941314651 ], [ -89.840714788647162, 35.591078035474339 ], [ -89.842099827159714, 35.589677576389526 ], [ -89.84297060492824, 35.588893703233637 ], [ -89.844700275945883, 35.58767231808649 ], [ -89.846288052216082, 35.586505012360021 ], [ -89.847944919238955, 35.585336851449235 ], [ -89.849387592891446, 35.584282861051655 ], [ -89.850832418278429, 35.583166247543772 ], [ -89.851926064131078, 35.58204596419732 ], [ -89.853315474166891, 35.580552743929225 ], [ -89.853387293487501, 35.58047476824791 ], [ -89.85434684778977, 35.579401207584866 ], [ -89.854996699602395, 35.578674065895207 ], [ -89.85596206020594, 35.577206874011281 ], [ -89.857140329313154, 35.575684714468359 ], [ -89.858175478230763, 35.574215572202618 ], [ -89.859277102725486, 35.572865136343232 ], [ -89.860733626707813, 35.571408871434528 ], [ -89.861820897626089, 35.570459299328576 ], [ -89.862015340498289, 35.570294880738608 ], [ -89.86558641207894, 35.567275392255326 ], [ -89.867242537500829, 35.566106961433668 ], [ -89.869254715693017, 35.564836090431001 ], [ -89.870405391875124, 35.564057621981725 ], [ -89.871634927320713, 35.563052747501352 ], [ -89.872589979887408, 35.561872473474281 ], [ -89.877837913251952, 35.555300287929391 ], [ -89.877886164949444, 35.555105712171368 ], [ -89.878064803141044, 35.554818820460177 ], [ -89.878364439691495, 35.554523510824168 ], [ -89.878563745018567, 35.5541603801381 ], [ -89.878735649079275, 35.553655542838364 ], [ -89.878627675726477, 35.553202907222527 ], [ -89.879084346706279, 35.552845494928832 ], [ -89.879456797963158, 35.552666819654256 ], [ -89.879525079323159, 35.552036318934128 ], [ -89.879250192910121, 35.550995138483891 ], [ -89.878977224663231, 35.549924688711435 ], [ -89.878714682623169, 35.549160650683156 ], [ -89.87857159294218, 35.548407396812266 ], [ -89.878240368344876, 35.547620693384729 ], [ -89.877994504793818, 35.547336254828103 ], [ -89.877957909018349, 35.547048627029234 ], [ -89.878283994618613, 35.546537443418465 ], [ -89.878363349475663, 35.545796591716474 ], [ -89.878401843097862, 35.545347645455116 ], [ -89.878291082067577, 35.544471872629998 ], [ -89.878352622308228, 35.54400483642835 ], [ -89.878244402792077, 35.543536261351065 ], [ -89.877957096170064, 35.542908037788997 ], [ -89.877615695190272, 35.542155120624621 ], [ -89.877439093913623, 35.541693085464779 ], [ -89.877265580931564, 35.541050054583515 ], [ -89.877456375834171, 35.540178221551976 ], [ -89.877688494625644, 35.539370623580524 ], [ -89.877950902051793, 35.5386082904012 ], [ -89.878229134239135, 35.538186442645767 ], [ -89.878561741452572, 35.53687649302433 ], [ -89.879257314973543, 35.536597767785572 ], [ -89.879443069621445, 35.53613258847377 ], [ -89.879858533008957, 35.535924828050753 ], [ -89.880241251882424, 35.535312724000782 ], [ -89.880458127583609, 35.534077092616577 ], [ -89.881081881092271, 35.533332930579682 ], [ -89.880878295427081, 35.532913373672166 ], [ -89.881113598994872, 35.532282134431711 ], [ -89.881520089141915, 35.531779702538337 ], [ -89.881751519813136, 35.531270683280432 ], [ -89.88156615025099, 35.530810849660085 ], [ -89.882150935906907, 35.529851841102364 ], [ -89.882547665807735, 35.528899901496004 ], [ -89.882694665452206, 35.528259664359268 ], [ -89.882766277546921, 35.527581557585101 ], [ -89.882958472456934, 35.526850250236038 ], [ -89.88319677426378, 35.526104345446782 ], [ -89.883731221679028, 35.525620912744238 ], [ -89.88418677194278, 35.525132333079277 ], [ -89.88479300076591, 35.525038984241597 ], [ -89.885264738661448, 35.52441165571588 ], [ -89.886055084201587, 35.524068830330663 ], [ -89.886438025810875, 35.523628320729991 ], [ -89.886695715964535, 35.523060323142609 ], [ -89.887113765053513, 35.522810922404354 ], [ -89.887669713985218, 35.522446054172235 ], [ -89.88799383398775, 35.522258133440253 ], [ -89.88845981136464, 35.521974055971683 ], [ -89.888814275823364, 35.521539496547661 ], [ -89.889256269874394, 35.521200041046299 ], [ -89.889346385658683, 35.520661230825858 ], [ -89.889742187047375, 35.520370335192382 ], [ -89.890116286874971, 35.519976415452554 ], [ -89.890537581004111, 35.519504794062009 ], [ -89.890790672340543, 35.519392095993652 ], [ -89.893473138968375, 35.517725557143642 ], [ -89.893963389619188, 35.517124097207287 ], [ -89.894153367494582, 35.516603004646534 ], [ -89.893531585845835, 35.516492854146449 ], [ -89.893500479961133, 35.516089304395912 ], [ -89.893952931997603, 35.515698361055996 ], [ -89.894329435519751, 35.515812818733075 ], [ -89.89473871353357, 35.515641841946724 ], [ -89.894880953686325, 35.515966923904649 ], [ -89.895631259512513, 35.515586057001599 ], [ -89.896276642708216, 35.51513183165067 ], [ -89.896887756986445, 35.514701131150531 ], [ -89.897546800083688, 35.514238405515478 ], [ -89.898191263002488, 35.513762362785187 ], [ -89.898654137534919, 35.513507631613116 ], [ -89.899335941586827, 35.513065709111437 ], [ -89.899866035528206, 35.512870878867552 ], [ -89.900397401769212, 35.512750945342432 ], [ -89.900886708930869, 35.51235285741889 ], [ -89.901504726079381, 35.512110547108328 ], [ -89.902174083614199, 35.511799584374884 ], [ -89.902666476885372, 35.511684356316749 ], [ -89.902698973235204, 35.511611467442755 ], [ -89.903166225497216, 35.510563410044334 ], [ -89.904267583894153, 35.509994151688481 ], [ -89.905201956434183, 35.50959052657425 ], [ -89.906562755493198, 35.509494776137942 ], [ -89.907367593773728, 35.509296810388804 ], [ -89.908547839484285, 35.509286613163553 ], [ -89.909188369950627, 35.509684452130791 ], [ -89.90975921259178, 35.509005023673076 ], [ -89.909769572007946, 35.508875351676103 ], [ -89.910181411729212, 35.509389529793793 ], [ -89.911349606302196, 35.509263678065203 ], [ -89.911722004554235, 35.509183673445357 ], [ -89.912558668537855, 35.508883226240378 ], [ -89.913047602949661, 35.508496925000905 ], [ -89.913525418236802, 35.508440163090128 ], [ -89.913972641009977, 35.508487969310629 ], [ -89.914501525892931, 35.508334941641394 ], [ -89.914843557316473, 35.507937528323865 ], [ -89.915038824810409, 35.507672675195423 ], [ -89.915382348887647, 35.507700583741169 ], [ -89.916506583359833, 35.507820965272543 ], [ -89.917055164417221, 35.508011614777224 ], [ -89.917734122082948, 35.50808637535318 ], [ -89.918290150308906, 35.508117476090099 ], [ -89.919295371852996, 35.508199292195073 ], [ -89.920082680977274, 35.508224420028824 ], [ -89.921083502410951, 35.508400109956348 ], [ -89.921614327555787, 35.508356049534818 ], [ -89.922324451476456, 35.508411942878844 ], [ -89.923211556317938, 35.508458812852979 ], [ -89.923593902413771, 35.508569055493197 ], [ -89.924309091232558, 35.508797251841834 ], [ -89.924859806727483, 35.508748616123242 ], [ -89.925228827848613, 35.508735924287407 ], [ -89.925502209104224, 35.50884834172394 ], [ -89.92590470969941, 35.509220741797492 ], [ -89.926400407658605, 35.509319349274016 ], [ -89.926836823362237, 35.509782742669877 ], [ -89.927529676772352, 35.509926623323288 ], [ -89.928263128464181, 35.510279745366027 ], [ -89.928577371980751, 35.510581600392044 ], [ -89.929483730627425, 35.51058889929368 ], [ -89.929796750643746, 35.510790027363669 ], [ -89.930328712819403, 35.511270240395895 ], [ -89.930850284625521, 35.511775922149575 ], [ -89.931274680816557, 35.512038846363737 ], [ -89.931837573242248, 35.512122421764694 ], [ -89.932083762373082, 35.512241917517422 ], [ -89.932522171561487, 35.512500426155661 ], [ -89.93297413110551, 35.51280456313264 ], [ -89.933361389272349, 35.513041689526062 ], [ -89.933653125874457, 35.513397037306682 ], [ -89.933862779572465, 35.51359656086364 ], [ -89.93405011899722, 35.513816344074385 ], [ -89.934325973323993, 35.514232968480094 ], [ -89.934537224104147, 35.514509349916885 ], [ -89.934912941478558, 35.514924907066522 ], [ -89.935127448317786, 35.515178845056333 ], [ -89.935332834767905, 35.515421984123769 ], [ -89.935860027830486, 35.515681860428998 ], [ -89.936070425595929, 35.515613394821315 ], [ -89.936668358320475, 35.515184831310314 ], [ -89.937256559370766, 35.514878538496795 ], [ -89.937410063631958, 35.514543570744706 ], [ -89.937654202998672, 35.514179464048546 ], [ -89.938306145463656, 35.513672463964504 ], [ -89.93850121778371, 35.513407382472217 ], [ -89.939615482202726, 35.512157380999255 ], [ -89.939972581346325, 35.511920775266169 ], [ -89.940347156779026, 35.511464285776505 ], [ -89.940721881780775, 35.511005856850751 ], [ -89.941015736918601, 35.510146124736423 ], [ -89.941273598669639, 35.509739195521206 ], [ -89.9401533949748, 35.509646186992242 ], [ -89.937652735164875, 35.509897012031161 ], [ -89.935596116851542, 35.50881812252878 ], [ -89.939933207215262, 35.506754808906194 ], [ -89.940282847077242, 35.506787466854789 ], [ -89.940479055816638, 35.50696771503155 ], [ -89.940544925382142, 35.507175244066644 ], [ -89.941318448042381, 35.50775607251061 ], [ -89.941886271913972, 35.507705228366547 ], [ -89.942233767033699, 35.507805307976803 ], [ -89.942462126325182, 35.50763091088006 ], [ -89.942873438541966, 35.507113495249499 ], [ -89.943364108346998, 35.506134881847103 ], [ -89.943557922911765, 35.505971095278319 ], [ -89.943852596820804, 35.505663169361945 ], [ -89.944378885887446, 35.505134128775886 ], [ -89.944719191434729, 35.504673038691124 ], [ -89.945089564669104, 35.504240909260915 ], [ -89.945380391864418, 35.503981255062484 ], [ -89.945706089505791, 35.50362078123468 ], [ -89.946269500196294, 35.502989967634996 ], [ -89.946717941309785, 35.502600576406167 ], [ -89.946716152903221, 35.502259761997614 ], [ -89.946942836929637, 35.501379411924503 ], [ -89.946872814429724, 35.500988327756545 ], [ -89.946161796151927, 35.500721629802655 ], [ -89.946421501129493, 35.50003279325545 ], [ -89.946425487936494, 35.499552694011449 ], [ -89.946687566759792, 35.499194441305178 ], [ -89.946690703552562, 35.498730573724195 ], [ -89.947105991927202, 35.498769544238478 ], [ -89.947854476448683, 35.498244974196531 ], [ -89.948886212238818, 35.497647163457295 ], [ -89.949246849966812, 35.497567276012397 ], [ -89.949630540181218, 35.496791729929576 ], [ -89.9506989921817, 35.496283000281359 ], [ -89.951164280680658, 35.495933021681097 ], [ -89.95215719591846, 35.495451901091236 ], [ -89.952506576380941, 35.495138971632485 ], [ -89.95354111419293, 35.494393725404485 ], [ -89.954007891586045, 35.493994101540245 ], [ -89.954170018439683, 35.493562784863649 ], [ -89.954371089493293, 35.49316512756225 ], [ -89.954330130011428, 35.491668339028188 ], [ -89.954290744907112, 35.491093142079023 ], [ -89.954531689177117, 35.490772887604969 ], [ -89.954420881303989, 35.49022375523171 ], [ -89.954712907784256, 35.48980067773622 ], [ -89.954601727624492, 35.489170148306521 ], [ -89.954825484656936, 35.488586127956758 ], [ -89.954741119024973, 35.488220032843273 ], [ -89.954474509307758, 35.48789768207341 ], [ -89.953992614600878, 35.487727596946485 ], [ -89.953695609549243, 35.487341593265967 ], [ -89.954036617932871, 35.487355865115006 ], [ -89.954399463267762, 35.487386290919218 ], [ -89.954802519671802, 35.487270524519552 ], [ -89.954695916351767, 35.48693778782998 ], [ -89.954272584466324, 35.486690030581805 ], [ -89.953816396815213, 35.486656771954337 ], [ -89.954056461948639, 35.486219713167301 ], [ -89.954366514543096, 35.485905118896717 ], [ -89.954207802289375, 35.485446585435589 ], [ -89.954248767237971, 35.485052053056975 ], [ -89.954423075995479, 35.484783405708441 ], [ -89.95415787904308, 35.48446006343675 ], [ -89.953898288569079, 35.484330577268601 ], [ -89.953796932468947, 35.484058755319886 ], [ -89.954060738249538, 35.483624841305257 ], [ -89.954086392787545, 35.483472448903498 ], [ -89.954116947893326, 35.482968571717933 ], [ -89.954286656252918, 35.482282827425912 ], [ -89.95475818521868, 35.481886337629795 ], [ -89.954903640899573, 35.48136500133284 ], [ -89.955053809268804, 35.481000824461837 ], [ -89.955187694098285, 35.480850404871639 ], [ -89.955614815425506, 35.480732770442778 ], [ -89.955927602102392, 35.480026475216157 ], [ -89.955923755715091, 35.478642917838258 ], [ -89.955576169892424, 35.477873795449568 ], [ -89.955419782795104, 35.476908588533988 ], [ -89.955207900994807, 35.476212514945409 ], [ -89.954984686193797, 35.475615339942699 ], [ -89.955086820356101, 35.475032164914623 ], [ -89.955447019241248, 35.474606380923525 ], [ -89.95587870931405, 35.473161713457976 ], [ -89.955674896513642, 35.472316971758971 ], [ -89.955243986922113, 35.471788065767029 ], [ -89.954697179654403, 35.47128011484196 ], [ -89.954601665993152, 35.470849400610639 ], [ -89.954480448004503, 35.470390302727893 ], [ -89.954121784787759, 35.470008210635058 ], [ -89.953530145753959, 35.469566244795573 ], [ -89.95384764884453, 35.469201258629795 ], [ -89.954323936594875, 35.468751876840756 ], [ -89.955037652320812, 35.46840611138137 ], [ -89.955509087243669, 35.467987259235414 ], [ -89.95613827147541, 35.467316420276184 ], [ -89.95610714658099, 35.466695283744968 ], [ -89.956807645495672, 35.465593597153017 ], [ -89.956742481016605, 35.463957368102307 ], [ -89.956750890674272, 35.463123305705288 ], [ -89.957164894964762, 35.462662056327538 ], [ -89.957220371530653, 35.462681348384322 ], [ -89.957434967395642, 35.462300648171386 ], [ -89.957508292778826, 35.46178339517553 ], [ -89.957444661346614, 35.461303007010173 ], [ -89.957217672140303, 35.46080382013723 ], [ -89.957627251810536, 35.460634424476915 ], [ -89.958202432545448, 35.460546373214235 ], [ -89.959333279662829, 35.460040964434626 ], [ -89.959701780918607, 35.459317317750532 ], [ -89.960126603220431, 35.45881344532669 ], [ -89.960306453745332, 35.458279171781996 ], [ -89.960309743438913, 35.457200706064363 ], [ -89.960309540438985, 35.456558326801158 ], [ -89.960475264779078, 35.455932750407598 ], [ -89.960711791760446, 35.455421896583388 ], [ -89.961073561721193, 35.45487180525231 ], [ -89.961386260984568, 35.454296558052121 ], [ -89.961369682671787, 35.453905440668485 ], [ -89.961733094021284, 35.453584710075148 ], [ -89.961830976946572, 35.453251636220344 ], [ -89.96218821228446, 35.45255004896093 ], [ -89.962317665624624, 35.452051583445233 ], [ -89.962084820965686, 35.45139553457291 ], [ -89.962208317746217, 35.451002911931575 ], [ -89.962220526667394, 35.450398139640846 ], [ -89.962268897645657, 35.450023257737008 ], [ -89.962348883925742, 35.449540837181758 ], [ -89.962375486174338, 35.448314772686558 ], [ -89.961791368177771, 35.448185293835706 ], [ -89.961261819245692, 35.448150421669929 ], [ -89.960848649612686, 35.448071434401996 ], [ -89.960680348059867, 35.447826290516929 ], [ -89.960285196376631, 35.447678165066819 ], [ -89.959978446725287, 35.447797721698947 ], [ -89.961199592571575, 35.44503302323632 ], [ -89.961677628080295, 35.445215284908322 ], [ -89.962091439986011, 35.445363830271987 ], [ -89.962078523429227, 35.444948660062039 ], [ -89.962656533882111, 35.444979816397421 ], [ -89.962677308577767, 35.444060925928326 ], [ -89.962714740204731, 35.443637892640453 ], [ -89.962399183253666, 35.442436780706025 ], [ -89.962317454160541, 35.441898495542219 ], [ -89.962478963242177, 35.441542489772651 ], [ -89.962449061467069, 35.441047191737447 ], [ -89.962313799621256, 35.440551457773395 ], [ -89.962262879373966, 35.440319040874812 ], [ -89.962535878097327, 35.440005535879919 ], [ -89.962818591662938, 35.439866788220733 ], [ -89.962924010237117, 35.439844227579464 ], [ -89.962742426733087, 35.439405567772255 ], [ -89.962698842429674, 35.439147165762726 ], [ -89.962897185664985, 35.43887336235607 ], [ -89.963182995427545, 35.438770509104323 ], [ -89.963276507069423, 35.438350519092381 ], [ -89.963362830822092, 35.438007473129396 ], [ -89.963030430267693, 35.437646553214798 ], [ -89.963353239732911, 35.437380526478442 ], [ -89.963651210316982, 35.437254587623876 ], [ -89.963600109391763, 35.436732374497289 ], [ -89.963908339579561, 35.436724254511581 ], [ -89.96415112574681, 35.436314020334777 ], [ -89.964487533518636, 35.435857798506646 ], [ -89.964867985651196, 35.435320323917217 ], [ -89.965033000811587, 35.434894611648517 ], [ -89.96456759107167, 35.434584033327383 ], [ -89.964284720993874, 35.434149216829447 ], [ -89.964807370409659, 35.433458185803765 ], [ -89.964725719619125, 35.432871085529705 ], [ -89.964915519972209, 35.432465747058259 ], [ -89.964995937021371, 35.431668607895574 ], [ -89.965929226694456, 35.431186602625111 ], [ -89.966209228043269, 35.430637959606536 ], [ -89.966808897848821, 35.430350751454213 ], [ -89.96756471904213, 35.42970631553279 ], [ -89.968064055815049, 35.428693872945843 ], [ -89.96857466941627, 35.428329162831922 ], [ -89.968988009906852, 35.427925865622264 ], [ -89.969694050712945, 35.427056135688034 ], [ -89.970222364493054, 35.426575735723304 ], [ -89.970516273741652, 35.426263811807949 ], [ -89.970846967452033, 35.425756328246365 ], [ -89.971093139736453, 35.425146337329245 ], [ -89.971277847554006, 35.424568058236105 ], [ -89.97181764862782, 35.424100622447355 ], [ -89.972172941699768, 35.423520971497091 ], [ -89.972781654755281, 35.422865982026501 ], [ -89.972865847042584, 35.422251075152289 ], [ -89.97259876187627, 35.421588504028612 ], [ -89.971413932348369, 35.421667035973634 ], [ -89.97203689987937, 35.421390632560268 ], [ -89.972174219859838, 35.421180885071912 ], [ -89.972849186638271, 35.420269644096173 ], [ -89.973165023251582, 35.419667456244738 ], [ -89.972646044874679, 35.419869874455266 ], [ -89.972462344736186, 35.419769909771986 ], [ -89.97218569443632, 35.419373460783227 ], [ -89.972884039492328, 35.419257160682328 ], [ -89.973395282029216, 35.419315731324318 ], [ -89.973570085550534, 35.418377186262269 ], [ -89.974176086884071, 35.41812300791883 ], [ -89.975076019686469, 35.418047709785526 ], [ -89.975265410122233, 35.417769005499729 ], [ -89.975610324685249, 35.417278333770668 ], [ -89.975372375062776, 35.416929335253471 ], [ -89.975702575111228, 35.416588821940756 ], [ -89.976302129657114, 35.416556094455864 ], [ -89.976681249864797, 35.416180923425394 ], [ -89.976658353530837, 35.415816013545182 ], [ -89.976822088307529, 35.415147036345154 ], [ -89.977127430770523, 35.41460171614392 ], [ -89.97788213352014, 35.414152750259646 ], [ -89.978526818290248, 35.413548040303141 ], [ -89.979032479719152, 35.413198687164211 ], [ -89.979527543701494, 35.412884091255066 ], [ -89.980005205126233, 35.412636718541052 ], [ -89.980153106587153, 35.412914416779778 ], [ -89.980803691979602, 35.412496292712397 ], [ -89.980614225750969, 35.412176668460297 ], [ -89.981117656690316, 35.411669299743707 ], [ -89.98143485368584, 35.411378706228525 ], [ -89.981969597760525, 35.411093369985693 ], [ -89.982387309540414, 35.410992425285329 ], [ -89.982638315622211, 35.410930391005877 ], [ -89.982671549461728, 35.41067060262899 ], [ -89.982950008827814, 35.410508594415937 ], [ -89.98301743012135, 35.41071637183564 ], [ -89.98331278623688, 35.410540894215622 ], [ -89.983901799472136, 35.410150043942132 ], [ -89.984345206475226, 35.409734075352546 ], [ -89.985048483823249, 35.409277394202675 ], [ -89.985496850285685, 35.408898826941055 ], [ -89.985999280971896, 35.408749644511083 ], [ -89.986342572232218, 35.408317242933414 ], [ -89.986971076035928, 35.407466460897417 ], [ -89.987476798746044, 35.406741929352762 ], [ -89.9877496101589, 35.40612069974452 ], [ -89.987978579879851, 35.405497589116983 ], [ -89.988207077950662, 35.404654191832094 ], [ -89.988565118843127, 35.403964236055209 ], [ -89.988999215194369, 35.403542822703912 ], [ -89.989348479272053, 35.402908323214582 ], [ -89.989647063285219, 35.402185612575153 ], [ -89.989814034951124, 35.401623383107577 ], [ -89.990035073926833, 35.40122914875915 ], [ -89.990093216018565, 35.400814585071835 ], [ -89.990180298718286, 35.400159671039084 ], [ -89.989490844184274, 35.400158491829714 ], [ -89.989086302039567, 35.399942208655446 ], [ -89.988878199188221, 35.39935927518011 ], [ -89.989025342770631, 35.398920408515686 ], [ -89.989073165516189, 35.398625799735548 ], [ -89.989303991613113, 35.398241264384929 ], [ -89.990523462700452, 35.397052581907261 ], [ -89.990998136684041, 35.396620667100628 ], [ -89.991150396135239, 35.395923757446177 ], [ -89.991480308933305, 35.395408745689672 ], [ -89.991700908789213, 35.394852073885389 ], [ -89.99174512872635, 35.394122414357824 ], [ -89.991815513580931, 35.393510145720946 ], [ -89.991565764457576, 35.392682359940331 ], [ -89.991158348204422, 35.39184636415866 ], [ -89.991259694308241, 35.390558425250646 ], [ -89.991177042534474, 35.390178084556567 ], [ -89.992439087699211, 35.389877208204261 ], [ -89.992980678285093, 35.389770686468914 ], [ -89.992925671178995, 35.389416169838924 ], [ -89.993214662868866, 35.388923306142907 ], [ -89.993628257582316, 35.388763910536085 ], [ -89.994061337501833, 35.388482546886593 ], [ -89.994452267613269, 35.388614087980422 ], [ -89.995055004436566, 35.388107294957592 ], [ -89.995430584188497, 35.387625911244115 ], [ -89.995484334153858, 35.38748481225349 ], [ -89.995884513286086, 35.386763184679097 ], [ -89.996175491075377, 35.386557908951183 ], [ -89.996637244900526, 35.386386978225552 ], [ -89.996662246935003, 35.385968244502003 ], [ -89.996979129551761, 35.385925635796937 ], [ -89.996992585475581, 35.386160030949512 ], [ -89.997150600324161, 35.386303593219118 ], [ -89.997358525495031, 35.386368843255305 ], [ -89.997666063317553, 35.386397586231688 ], [ -89.998244144964858, 35.38639144257418 ], [ -89.998591516235066, 35.386237860440403 ], [ -89.99894787740152, 35.38584394796019 ], [ -89.999644811777557, 35.385570328023078 ], [ -90.000202944513987, 35.385132362554508 ], [ -90.000516603154978, 35.384503801750142 ], [ -90.000807861956901, 35.384297468041495 ], [ -90.001221104898221, 35.384133606391231 ], [ -90.001589222587896, 35.384264318451216 ], [ -90.001666814403819, 35.384550096462029 ], [ -90.001939883156552, 35.384782478443142 ], [ -90.002620996671311, 35.38480243001176 ], [ -90.003302028230806, 35.384871026103482 ], [ -90.003857663711997, 35.384962965673701 ], [ -90.004468229346116, 35.385119793225265 ], [ -90.00540126739179, 35.385204725272665 ], [ -90.00615809876723, 35.385114392230626 ], [ -90.006552032422732, 35.384835065000182 ], [ -90.007155047878115, 35.384544599319945 ], [ -90.007874057159341, 35.384465425844382 ], [ -90.008592957580007, 35.384155010514021 ], [ -90.009248559407837, 35.383883482411527 ], [ -90.010019456747898, 35.383523862881894 ], [ -90.009954460619085, 35.382970663452191 ], [ -90.010337747781378, 35.382717358183569 ], [ -90.010917881217367, 35.382665720543571 ], [ -90.011741655840879, 35.382485940128838 ], [ -90.01223690678701, 35.382358050368133 ], [ -90.01273092505761, 35.382229034515603 ], [ -90.013417464278078, 35.381792398193099 ], [ -90.013992191368686, 35.38144703422045 ], [ -90.014456736461227, 35.381001070873914 ], [ -90.014434476764634, 35.380626093584162 ], [ -90.014707544567528, 35.380103909973926 ], [ -90.015103292383785, 35.380066002757204 ], [ -90.01561328518828, 35.379846281020562 ], [ -90.015845571861888, 35.379444178626287 ], [ -90.016158163966622, 35.379300713620651 ], [ -90.016386970285382, 35.379186356861993 ], [ -90.016422694615031, 35.378959979423485 ], [ -90.017024165328309, 35.378481952479405 ], [ -90.017693182119928, 35.378230743177561 ], [ -90.01805429502808, 35.378001728830867 ], [ -90.018346509942077, 35.377459670294563 ], [ -90.018679129912812, 35.37720252065737 ], [ -90.017993752097937, 35.376950241100381 ], [ -90.018508001326552, 35.376579143310224 ], [ -90.018683144977757, 35.376742829807725 ], [ -90.018863745161639, 35.377059792800281 ], [ -90.019374661739022, 35.377019216372823 ], [ -90.019682798710491, 35.376941606408693 ], [ -90.01974912351244, 35.376613956040948 ], [ -90.020089515878269, 35.376450052462346 ], [ -90.021178903672663, 35.37565413382152 ], [ -90.021502541974485, 35.375639580405803 ], [ -90.022132378171179, 35.375344563780672 ], [ -90.022549889121976, 35.375049043402385 ], [ -90.022710448860806, 35.374567649374391 ], [ -90.022922137525867, 35.373992634595197 ], [ -90.023218072730216, 35.373786298038212 ], [ -90.023615343292363, 35.37327724885786 ], [ -90.023860280452709, 35.372765276264104 ], [ -90.024198031758857, 35.372460577783542 ], [ -90.024674318585056, 35.372127160638094 ], [ -90.024904854324419, 35.372509227591202 ], [ -90.025449551516061, 35.37209412198186 ], [ -90.028785379422857, 35.368313081843255 ], [ -90.028928739183314, 35.368150577966667 ], [ -90.02897595812604, 35.367736155716059 ], [ -90.029269004395161, 35.36726323027186 ], [ -90.029774019259762, 35.367084636658142 ], [ -90.030145999497506, 35.366920712958809 ], [ -90.03052427016685, 35.366400616009393 ], [ -90.031242071780412, 35.36578288498562 ], [ -90.031772770918096, 35.365489171101238 ], [ -90.031888323462937, 35.364786638129793 ], [ -90.031357419195231, 35.364379744399749 ], [ -90.03076072971696, 35.364083453225987 ], [ -90.030349335417156, 35.363899683694761 ], [ -90.030415873805751, 35.363467301173841 ], [ -90.030893396543505, 35.363319510930282 ], [ -90.031404291952143, 35.363456301341486 ], [ -90.032030093665341, 35.363500892374454 ], [ -90.032592820885057, 35.36353131896724 ], [ -90.032926869821836, 35.363228001688263 ], [ -90.033692391406262, 35.362215312025491 ], [ -90.033674745489748, 35.361504090175607 ], [ -90.033746460210367, 35.361168388627128 ], [ -90.033318923513434, 35.36063421975161 ], [ -90.033074330779655, 35.36025951158112 ], [ -90.033455210570096, 35.360296301266864 ], [ -90.033915732517869, 35.360441855683916 ], [ -90.034280827170647, 35.360562588075027 ], [ -90.034790407096025, 35.360769535023195 ], [ -90.034740950363386, 35.360406472216383 ], [ -90.035065144194789, 35.360091150815435 ], [ -90.035333491656502, 35.359815463943576 ], [ -90.035647626631402, 35.359879477061511 ], [ -90.03590324349129, 35.359837208667557 ], [ -90.03648434896445, 35.359834579328172 ], [ -90.036997441156331, 35.359886713687196 ], [ -90.037591541489761, 35.35948383834733 ], [ -90.038079213443794, 35.359002688100773 ], [ -90.038773136908588, 35.358762489302549 ], [ -90.039039484636575, 35.358300928820441 ], [ -90.039337866822677, 35.358040020843688 ], [ -90.041151244485235, 35.357316442471195 ], [ -90.041453468663633, 35.357580995011432 ], [ -90.041872827279633, 35.35726232727599 ], [ -90.042337812452004, 35.356865819581103 ], [ -90.042779136433523, 35.356674047841899 ], [ -90.043005840554954, 35.356509114590786 ], [ -90.04415593794883, 35.356399145732034 ], [ -90.0449344081389, 35.356232535246932 ], [ -90.045603659437248, 35.356308266411965 ], [ -90.045836265956439, 35.356194401674273 ], [ -90.046333997372798, 35.355927267960695 ], [ -90.046574375879914, 35.355803886887273 ], [ -90.046980346662878, 35.355594569185861 ], [ -90.047421872747549, 35.355495850013668 ], [ -90.047087352660611, 35.355307172414335 ], [ -90.047093599431378, 35.355080324732192 ], [ -90.047839202246863, 35.355056047802236 ], [ -90.048175917566212, 35.355067031330442 ], [ -90.0484335640881, 35.35528897803735 ], [ -90.049018841473156, 35.355401112100786 ], [ -90.049423139782547, 35.3552449123681 ], [ -90.050530477683253, 35.354196015897081 ], [ -90.05066787122098, 35.353902011508438 ], [ -90.051081477812474, 35.35334595242508 ], [ -90.051383871547714, 35.353108925325643 ], [ -90.051851708000797, 35.352657858583513 ], [ -90.052148675330685, 35.352436832324486 ], [ -90.052263636628695, 35.352202200370151 ], [ -90.052486538344624, 35.352000966803232 ], [ -90.052481577720215, 35.351638388054496 ], [ -90.052187529864952, 35.351262993935372 ], [ -90.052685927201182, 35.350613901859361 ], [ -90.053135578215901, 35.350619246717997 ], [ -90.053649259852378, 35.350471069935338 ], [ -90.053975201533319, 35.350264415813008 ], [ -90.054267312879148, 35.349199062122246 ], [ -90.053936704520751, 35.348999807572831 ], [ -90.053590784688538, 35.348678236587446 ], [ -90.053766630800482, 35.348293639359248 ], [ -90.054174654904685, 35.348051495195179 ], [ -90.054184067915969, 35.347673540963086 ], [ -90.054427883636407, 35.347316254852629 ], [ -90.054818033326782, 35.346995893643026 ], [ -90.054992127446013, 35.346478340153631 ], [ -90.05551882569759, 35.346018374155697 ], [ -90.055942043824047, 35.345439429368689 ], [ -90.055860772698082, 35.344729955713973 ], [ -90.055775183457271, 35.344169229582164 ], [ -90.055412717883229, 35.34372439941059 ], [ -90.055653416624509, 35.343409767664703 ], [ -90.055658390449452, 35.343193292443644 ], [ -90.055619194041412, 35.342728475650553 ], [ -90.05524801994595, 35.342522596195984 ], [ -90.054866659627507, 35.342156954769294 ], [ -90.054375514086772, 35.341914571838871 ], [ -90.054678191573856, 35.340916265673172 ], [ -90.055178428873688, 35.340753606527883 ], [ -90.055659018739874, 35.340515825207049 ], [ -90.055874611808804, 35.340326070312045 ], [ -90.056082696965021, 35.339681960468468 ], [ -90.056248479348199, 35.339056239636236 ], [ -90.056438813508564, 35.338160007337166 ], [ -90.056577580448746, 35.337488870145826 ], [ -90.05659043195601, 35.337080655863844 ], [ -90.056446157980474, 35.336556950966148 ], [ -90.056716803682676, 35.336402170025131 ], [ -90.056778318044664, 35.33602931626897 ], [ -90.056803513479238, 35.335665777063461 ], [ -90.056903547634036, 35.335467185746097 ], [ -90.057240117236091, 35.334848834880816 ], [ -90.057260290565338, 35.334578102255108 ], [ -90.057326229795535, 35.334128510484128 ], [ -90.056910492162601, 35.33391152045234 ], [ -90.056540346419993, 35.332885115532768 ], [ -90.057207406575131, 35.332492018701217 ], [ -90.057465235519174, 35.332323851729832 ], [ -90.057768823217515, 35.332005131705991 ], [ -90.057665865147328, 35.331430432564282 ], [ -90.057965875503982, 35.330928772304965 ], [ -90.057986918907517, 35.330773965871472 ], [ -90.057871425671621, 35.330552653294355 ], [ -90.057648605666856, 35.330417574331427 ], [ -90.057297872602788, 35.330376359541916 ], [ -90.056955358396934, 35.330441356977218 ], [ -90.056662928542508, 35.330435810650975 ], [ -90.056282114627493, 35.330419791010058 ], [ -90.055860072548171, 35.330340652968978 ], [ -90.05550066780728, 35.330224511529508 ], [ -90.055383782354383, 35.329213348374282 ], [ -90.055675561532766, 35.329153758187957 ], [ -90.056090070885276, 35.32899349652066 ], [ -90.056375530637879, 35.329105553590921 ], [ -90.05647759519205, 35.329086993311428 ], [ -90.056939167370814, 35.329202976421598 ], [ -90.057205620398975, 35.329197835622821 ], [ -90.057717931704957, 35.329059661296682 ], [ -90.058164693260252, 35.328857496088474 ], [ -90.058404093062109, 35.328943164683295 ], [ -90.05883719852811, 35.328769677491074 ], [ -90.0591318716085, 35.328489073352678 ], [ -90.05958111088772, 35.328082507018848 ], [ -90.059963828968847, 35.327762968751649 ], [ -90.059747058105827, 35.325463942269138 ], [ -90.059949549526593, 35.324520540839487 ], [ -90.059968695214778, 35.323383721467053 ], [ -90.060682204498491, 35.322340636576243 ], [ -90.060841230004669, 35.320316528913111 ], [ -90.061486886695377, 35.318938990828848 ], [ -90.062842825525607, 35.316289785159036 ], [ -90.064777150106849, 35.313732151028795 ], [ -90.066403043327767, 35.311950288406081 ], [ -90.069602301551143, 35.308308999091082 ], [ -90.071151250155239, 35.305811012396049 ], [ -90.072927026538025, 35.304937211612945 ], [ -90.07430400955154, 35.304483904501502 ], [ -90.075410574218395, 35.304243470029995 ], [ -90.077324347855168, 35.303451437546556 ], [ -90.078386903830122, 35.302829775261884 ], [ -90.077202907826859, 35.298186852096748 ], [ -90.076771698325672, 35.296921608242634 ], [ -90.076422877954883, 35.295731564429332 ], [ -90.075641911255872, 35.294346894536901 ], [ -90.075524008835302, 35.29413784618567 ], [ -90.074438337556757, 35.293554796030683 ], [ -90.073984155750566, 35.2916117779871 ], [ -90.073597799393312, 35.290199228014764 ], [ -90.073733253478423, 35.2895755143944 ], [ -90.073910528433458, 35.288759215727858 ], [ -90.073490317066614, 35.286420871368492 ], [ -90.073616086567128, 35.284149502809427 ], [ -90.072957462648631, 35.282485038748433 ], [ -90.072351128422696, 35.281319536167608 ], [ -90.071809507489832, 35.278444683854275 ], [ -90.070768431377331, 35.275703951619533 ], [ -90.068767715150813, 35.272443979135787 ], [ -90.067470788370869, 35.270750368747045 ], [ -90.066292530240702, 35.269177545824391 ], [ -90.064872797714472, 35.267141362893973 ], [ -90.063640472147583, 35.266094093265991 ], [ -90.06324495682496, 35.263949387317417 ], [ -90.062994686516134, 35.262829708852394 ], [ -90.062495940479224, 35.261755355469113 ], [ -90.062876721041803, 35.260290982967135 ], [ -90.062700257934225, 35.259382916148091 ], [ -90.062697949433172, 35.258216285647237 ], [ -90.06244551109485, 35.257025893253406 ], [ -90.063275623564763, 35.254259477880716 ], [ -90.063414798220364, 35.252182932055661 ], [ -90.063334369844, 35.250928311526771 ], [ -90.062734096340961, 35.249650127094718 ], [ -90.062417530637333, 35.247999645883453 ], [ -90.062122084569651, 35.246560777718642 ], [ -90.061828759844019, 35.24454892204151 ], [ -90.063019583908243, 35.242002383673615 ], [ -90.063288616438456, 35.240047903236317 ], [ -90.063658899757229, 35.237271705638555 ], [ -90.064076174147658, 35.2358215289361 ], [ -90.064707558432985, 35.233917348560595 ], [ -90.064707105329362, 35.233443941556487 ], [ -90.064495514722509, 35.232298487463204 ], [ -90.064145076847524, 35.231152674798501 ], [ -90.063864153830551, 35.230122281805706 ], [ -90.063232939361058, 35.22880449493892 ], [ -90.063185458650324, 35.228750215276897 ], [ -90.062532552878878, 35.228003621735255 ], [ -90.059873947707544, 35.227891858384396 ], [ -90.058754584229021, 35.227947270727924 ], [ -90.057006110771738, 35.228349225073302 ], [ -90.055677824505906, 35.228923413257071 ], [ -90.055460162738541, 35.228982984241945 ], [ -90.053369490365739, 35.229554409763431 ], [ -90.051270440605634, 35.229841128658322 ], [ -90.050084157278889, 35.229575940418727 ], [ -90.049731064932658, 35.229497029917347 ], [ -90.047560512664191, 35.2274364968927 ], [ -90.046720514206598, 35.226576949118957 ], [ -90.046160218000978, 35.225546970353449 ], [ -90.046019239213507, 35.224174380965522 ], [ -90.046403771034946, 35.221879338045305 ], [ -90.046875506038688, 35.221438933298174 ], [ -90.047267958652895, 35.221072480136435 ], [ -90.04897420610979, 35.218418981957853 ], [ -90.049533354638214, 35.214590484865155 ], [ -90.051097447326114, 35.210595031759055 ], [ -90.052006921677801, 35.206116961305703 ], [ -90.048511780919512, 35.20438000955798 ], [ -90.045151002188092, 35.204332803910717 ], [ -90.042055143305561, 35.202880009862817 ], [ -90.04075001504701, 35.201833497644287 ], [ -90.039287150668457, 35.201325089181665 ], [ -90.037468039865885, 35.200065527386819 ], [ -90.036348000752682, 35.198691441337644 ], [ -90.036556788912108, 35.197488801712488 ], [ -90.036765777618825, 35.196114878434884 ], [ -90.036554987077054, 35.194626870887802 ], [ -90.036554245766595, 35.193710171583724 ], [ -90.036972966102084, 35.191646225591626 ], [ -90.037530824734745, 35.190387382124065 ], [ -90.038159781931284, 35.189586584797183 ], [ -90.039347495959987, 35.188440213826183 ], [ -90.040605830095558, 35.187179906954228 ], [ -90.041062856667736, 35.186805749167 ], [ -90.041933280397771, 35.186092144307715 ], [ -90.043890148646625, 35.184373602272757 ], [ -90.04472800382355, 35.183399749214246 ], [ -90.045285968262135, 35.18156555958187 ], [ -90.045494216043792, 35.179448475574873 ], [ -90.04570206619114, 35.177729728058303 ], [ -90.045491069287451, 35.176528225423105 ], [ -90.053065265283323, 35.156839075421644 ], [ -90.054706780964267, 35.151100413445015 ], [ -90.055876978861207, 35.146984415915284 ], [ -90.058175161698856, 35.141708557378678 ], [ -90.060421153596081, 35.140056750336825 ], [ -90.06166393234291, 35.138077686710155 ], [ -90.063058462900727, 35.135346792647177 ], [ -90.067182644353068, 35.132012796075763 ], [ -90.069517848398334, 35.130144706743451 ], [ -90.072424965496594, 35.12805963202814 ], [ -90.075287380785824, 35.12504270025741 ], [ -90.079838063298226, 35.120289612411433 ], [ -90.079263608500696, 35.115678568118049 ], [ -90.079908299777003, 35.114121998469976 ], [ -90.08050062337675, 35.112848922050681 ], [ -90.080626394515832, 35.11184480919993 ], [ -90.080843663382538, 35.111152571724247 ], [ -90.081321901381088, 35.106291630770777 ], [ -90.081404252129119, 35.104271402267976 ], [ -90.081738005327452, 35.10113378971522 ], [ -90.082792924189704, 35.097747416650265 ], [ -90.083349937900991, 35.095533068826832 ], [ -90.084426502466854, 35.093067941183264 ], [ -90.085955362446214, 35.090110095028272 ], [ -90.08697113945928, 35.088720970386937 ], [ -90.088500676745625, 35.08690538896721 ], [ -90.090234942661766, 35.084770946215421 ], [ -90.086868840301676, 35.083850637063414 ], [ -90.08289421789047, 35.083925877347355 ], [ -90.080318229373958, 35.083962594637782 ], [ -90.078926555632194, 35.083108512620754 ], [ -90.076264081144771, 35.081288179021129 ], [ -90.077992803097317, 35.079228469122938 ], [ -90.078998425943283, 35.077758192206289 ], [ -90.085579184795264, 35.072087280845629 ], [ -90.08702886357392, 35.071534817220545 ], [ -90.090168948448749, 35.070043930196867 ], [ -90.093274020466126, 35.069006085701851 ], [ -90.095016984349101, 35.068297698387809 ], [ -90.099751156936179, 35.067114156768241 ], [ -90.105010985096314, 35.066411701888342 ], [ -90.107717935714874, 35.066888724076115 ], [ -90.110573775673103, 35.0672594296692 ], [ -90.112851618398835, 35.067828527690452 ], [ -90.113820916596467, 35.068179408661706 ], [ -90.117327471507664, 35.067256798352012 ], [ -90.120632480603504, 35.067061622070938 ], [ -90.122751917470694, 35.067197270397642 ], [ -90.123981902623242, 35.067237412350913 ], [ -90.125922057844718, 35.066786619374092 ], [ -90.127567699783739, 35.067042522659442 ], [ -90.128406279147001, 35.066549867913224 ], [ -90.129899320098446, 35.06608479370243 ], [ -90.130578581627262, 35.064529317210294 ], [ -90.132069615270325, 35.063565981760789 ], [ -90.131817621094953, 35.062647366081265 ], [ -90.131167864187006, 35.061222057391532 ], [ -90.130509677534761, 35.061034673698366 ], [ -90.130377036652646, 35.059223069316076 ], [ -90.130138076261815, 35.057101599975582 ], [ -90.129938507447378, 35.055647106858558 ], [ -90.129757167084193, 35.054752713679001 ], [ -90.129375215717886, 35.05388828117983 ], [ -90.129613478525528, 35.05257087473732 ], [ -90.1285536390847, 35.049978500690642 ], [ -90.128832742069349, 35.04926019741481 ], [ -90.128492035322935, 35.047854372285947 ], [ -90.128349717158599, 35.046785136118665 ], [ -90.128683336983912, 35.044913648970947 ], [ -90.129209892566166, 35.043709926427802 ], [ -90.130381440538841, 35.042672059241205 ], [ -90.130192559223261, 35.041739230157766 ], [ -90.129809627047777, 35.040885530526609 ], [ -90.129675082965832, 35.038249679000714 ], [ -90.128773576157258, 35.036851359115012 ], [ -90.129317021155657, 35.035420369203194 ], [ -90.129079853396803, 35.034312399144284 ], [ -90.129217820115642, 35.032528787818876 ], [ -90.12900682796905, 35.031067311451928 ], [ -90.129444256456239, 35.029548369651728 ], [ -90.129758070780326, 35.0283007214314 ], [ -90.130154852546426, 35.02571335490785 ], [ -90.129983894643345, 35.023957279990235 ], [ -90.130891464370833, 35.022344158571492 ], [ -90.131358588246044, 35.020630254692634 ], [ -90.132068953173686, 35.01828718791657 ], [ -90.132908619600144, 35.017260477881294 ], [ -90.132924694304904, 35.016566337892122 ], [ -90.133529064425389, 35.015437428875266 ], [ -90.133848481602058, 35.014435490136918 ], [ -90.133517483905862, 35.0131784914715 ], [ -90.134641223739692, 35.005179177445108 ], [ -90.136549823023131, 34.998403673714705 ], [ -90.139980584837005, 34.991822624478665 ], [ -90.140692791204259, 34.988245020898376 ], [ -90.139141294944906, 34.984722846469623 ], [ -90.138781971060496, 34.983562191591204 ], [ -90.138769327016249, 34.98089938431108 ], [ -90.138555628181564, 34.979558764592412 ], [ -90.13816839834719, 34.978397413362245 ], [ -90.138177895525629, 34.976805848441828 ], [ -90.138460348961587, 34.975182087786308 ], [ -90.138173048618128, 34.973935114795225 ], [ -90.138331091181271, 34.973331219771865 ], [ -90.138147712367243, 34.971542060781594 ], [ -90.137532364804485, 34.970594048871909 ], [ -90.138013804404011, 34.969577512520921 ], [ -90.138207495241673, 34.968841605401543 ], [ -90.138311758175178, 34.967913635409936 ], [ -90.138470728510882, 34.966775853601 ], [ -90.138364284533012, 34.966116260284167 ], [ -90.138389076695987, 34.96512078162457 ], [ -90.137656560256161, 34.964565627912364 ], [ -90.138402506383599, 34.963325694555508 ], [ -90.137914769706157, 34.962648806860209 ], [ -90.136383020618638, 34.960127485936844 ], [ -90.137790586131089, 34.959253350682879 ], [ -90.137933234117227, 34.958664606650906 ], [ -90.137858227942715, 34.957997198721159 ], [ -90.137766285787961, 34.957038880356187 ], [ -90.137923492113032, 34.956073019766102 ], [ -90.138293378488356, 34.95523937391625 ], [ -90.138447228554583, 34.954156893289117 ], [ -90.138573317603928, 34.953441134232307 ], [ -90.138625224121526, 34.953064469109762 ], [ -90.138964478155827, 34.951402631078473 ], [ -90.139388693204864, 34.950587092500768 ], [ -90.139959355206059, 34.949069372392046 ], [ -90.140384017455816, 34.947673309244031 ], [ -90.140228418951267, 34.946274902894473 ], [ -90.14042518173332, 34.944895641997604 ], [ -90.14053420662114, 34.943537478493575 ], [ -90.139977682344849, 34.942941383553141 ], [ -90.140791833415918, 34.941528913380843 ], [ -90.141478255158887, 34.939646900995889 ], [ -90.141707499178494, 34.938193684113848 ], [ -90.142049090583541, 34.93717613832132 ], [ -90.142578636704968, 34.936356466066826 ], [ -90.143209390794638, 34.935780239010491 ], [ -90.14370317393886, 34.935174334999459 ], [ -90.14393528367647, 34.934075742307336 ], [ -90.144747689541475, 34.933451671327916 ], [ -90.144206786540025, 34.932970621347152 ], [ -90.144800839135826, 34.93237644697804 ], [ -90.144463289611068, 34.931072589142197 ], [ -90.145836964540834, 34.930023937339179 ], [ -90.146239639645145, 34.929086943581289 ], [ -90.146439137345979, 34.92825802315739 ], [ -90.146438673620196, 34.92717364362715 ], [ -90.146948373497921, 34.925634418020884 ], [ -90.146999829553039, 34.92421247236981 ], [ -90.144366604423283, 34.924063291909079 ], [ -90.141362196857685, 34.922946398428913 ], [ -90.134087110638021, 34.920413211359339 ], [ -90.142093562984371, 34.91371547235412 ], [ -90.143115767019253, 34.913513838194433 ], [ -90.145189644994304, 34.912723362056532 ], [ -90.146946093839645, 34.912086721553749 ], [ -90.147837735336935, 34.911736939569352 ], [ -90.1490540911539, 34.910453499468439 ], [ -90.148498759210611, 34.908931146151644 ], [ -90.148755534660921, 34.908496909856972 ], [ -90.14808621459656, 34.906563381534205 ], [ -90.149678435105571, 34.905188805009139 ], [ -90.150397730333381, 34.906026277855403 ], [ -90.151090598691638, 34.905740882092786 ], [ -90.151635249764098, 34.90446281676347 ], [ -90.152102655222919, 34.903125850573524 ], [ -90.151928780922489, 34.902074205445999 ], [ -90.153071360779947, 34.901309850222546 ], [ -90.153402630025013, 34.900343412715699 ], [ -90.154247115287404, 34.898718007981245 ], [ -90.154972989075631, 34.89734206707562 ], [ -90.155774222643132, 34.895629538900828 ], [ -90.156464681340125, 34.894184212128998 ], [ -90.156632896170407, 34.893160603356833 ], [ -90.157619636638728, 34.892774613474394 ], [ -90.158269919548786, 34.89091418735898 ], [ -90.158211045596659, 34.8900530490127 ], [ -90.160624438377681, 34.88893731581112 ], [ -90.161272275573154, 34.888031232361584 ], [ -90.163611707078189, 34.886069244534944 ], [ -90.161285053484804, 34.884360972820026 ], [ -90.158936990442399, 34.882935922722702 ], [ -90.156912751935366, 34.881868187652245 ], [ -90.15785443722811, 34.880643657474387 ], [ -90.162576322314109, 34.88263762835431 ], [ -90.163109930639649, 34.883442960701061 ], [ -90.16515948214662, 34.884764510569674 ], [ -90.166065489825286, 34.884444518344566 ], [ -90.166464289983679, 34.883972537750338 ], [ -90.167154485353464, 34.883511527536164 ], [ -90.167708775609526, 34.883054011416917 ], [ -90.1682180396582, 34.881971791943506 ], [ -90.169144906337905, 34.882246072043117 ], [ -90.169823035712497, 34.881805507485147 ], [ -90.170620001921336, 34.881108030049901 ], [ -90.171465253948199, 34.880502328112541 ], [ -90.172014803702979, 34.880023141381663 ], [ -90.172397212712468, 34.879530326384909 ], [ -90.172606812506885, 34.879113157402678 ], [ -90.17311389213269, 34.878932020580137 ], [ -90.173756145094615, 34.878445402987403 ], [ -90.17437755083526, 34.877420769798711 ], [ -90.175160723090812, 34.876849475466777 ], [ -90.175452594024222, 34.876620281535693 ], [ -90.175650865394914, 34.87596591329897 ], [ -90.17597267351465, 34.875223000245612 ], [ -90.176679737708525, 34.874603664785106 ], [ -90.177226506528044, 34.873759193418401 ], [ -90.177637529783354, 34.873020180062298 ], [ -90.177700492624197, 34.871928648814333 ], [ -90.178482677558975, 34.871398167857279 ], [ -90.178708758999804, 34.870424829308355 ], [ -90.178857131680232, 34.869941597264976 ], [ -90.179390022417834, 34.868809351844817 ], [ -90.180122319961242, 34.867996741248675 ], [ -90.180088458081798, 34.867064636974654 ], [ -90.180223307325761, 34.866370292231942 ], [ -90.18037357132765, 34.865890690834966 ], [ -90.180731846486239, 34.865322667393528 ], [ -90.181083681995872, 34.864900337488635 ], [ -90.181377425759763, 34.864397245434816 ], [ -90.181709901253555, 34.86397961522313 ], [ -90.182610537194876, 34.862268113658651 ], [ -90.183323906501229, 34.861643918940729 ], [ -90.183495636746898, 34.860348579331699 ], [ -90.18543470048435, 34.858358374042425 ], [ -90.1855311219783, 34.857082474726027 ], [ -90.185710525628252, 34.856187680405505 ], [ -90.187295647438646, 34.85444145577474 ], [ -90.187759877402129, 34.852677445893924 ], [ -90.18906941077681, 34.85066176548559 ], [ -90.188667974208315, 34.848111597854547 ], [ -90.189516322586371, 34.844277801958292 ], [ -90.190075117575461, 34.842797931628262 ], [ -90.189624017454804, 34.840292714561635 ], [ -90.190006628182985, 34.839263917796707 ], [ -90.193033970004706, 34.839083526391605 ], [ -90.19416041306404, 34.83901638440144 ], [ -90.195147385306782, 34.838019139931539 ], [ -90.195361988809239, 34.836421110823714 ], [ -90.194584274705448, 34.834743391616882 ], [ -90.193824175047311, 34.833103592634586 ], [ -90.194158662381852, 34.830150786723607 ], [ -90.19413252346159, 34.829015852732027 ], [ -90.195416666694797, 34.82680536681714 ], [ -90.196345033559538, 34.825830511373852 ], [ -90.19649657140728, 34.824338717037477 ], [ -90.197306943945804, 34.822693568966699 ], [ -90.197246865669698, 34.821796949529485 ], [ -90.197473297452945, 34.820750108161654 ], [ -90.197403018521385, 34.819977230990077 ], [ -90.197176561422935, 34.819165811892951 ], [ -90.197274093838232, 34.818471167001491 ], [ -90.197464458310947, 34.817911392568142 ], [ -90.197568527241799, 34.817381852680008 ], [ -90.198117036742929, 34.816181415003037 ], [ -90.197260768985757, 34.815683373254572 ], [ -90.197495202380907, 34.814978877003085 ], [ -90.198124045680672, 34.814319246411166 ], [ -90.19826424258261, 34.814054333250219 ], [ -90.198635977807726, 34.813166548965647 ], [ -90.198699647150818, 34.812608276907007 ], [ -90.198810009908271, 34.812050018535629 ], [ -90.198459251471135, 34.811703947926631 ], [ -90.199390819794601, 34.81060833456371 ], [ -90.19871070739913, 34.809785747449176 ], [ -90.200221364963653, 34.809011233629406 ], [ -90.199831732355932, 34.808434029126452 ], [ -90.20097472249843, 34.807908366668009 ], [ -90.200717476629436, 34.806581598653551 ], [ -90.200142890208568, 34.805603886993936 ], [ -90.200918196550077, 34.805156461783305 ], [ -90.201371497393495, 34.804062435028925 ], [ -90.201650931970264, 34.803249001862063 ], [ -90.201718276610563, 34.802485058731072 ], [ -90.201641323726989, 34.800540119405248 ], [ -90.200984751480561, 34.798875661382681 ], [ -90.200766827596979, 34.797957038293198 ], [ -90.200204732799818, 34.797367559541641 ], [ -90.200044045524606, 34.79653495962387 ], [ -90.201484117722188, 34.795355678018538 ], [ -90.201860943636007, 34.79511133598735 ], [ -90.201940699351397, 34.793959313465201 ], [ -90.202802442637662, 34.791950432206157 ], [ -90.203227763778031, 34.790023991904391 ], [ -90.203226589893731, 34.788671660941681 ], [ -90.202154348011931, 34.787102519896827 ], [ -90.201198728078154, 34.785311877849722 ], [ -90.200367130043034, 34.783346300436293 ], [ -90.199661115733534, 34.780857705820466 ], [ -90.199042369079777, 34.780176540052793 ], [ -90.198034912147421, 34.778725778339577 ], [ -90.197465839575059, 34.777385609229505 ], [ -90.19664299716824, 34.774967464903952 ], [ -90.195805976054757, 34.772738172570712 ], [ -90.195205659514485, 34.769993162187653 ], [ -90.182730869136591, 34.760849990355617 ], [ -90.179172419787847, 34.760613655008385 ], [ -90.172232913162318, 34.763585724957231 ], [ -90.164188702237013, 34.766680010767907 ], [ -90.155088875992291, 34.769247045610854 ], [ -90.145429103283973, 34.771489136737031 ], [ -90.140371862075142, 34.772716992093677 ], [ -90.134506757373401, 34.772672054587488 ], [ -90.127028835870064, 34.7784806102704 ], [ -90.117657182805843, 34.769586342464358 ], [ -90.118303304482893, 34.768436397969701 ], [ -90.120614733140314, 34.765468896068533 ], [ -90.123616882258318, 34.760788232992347 ], [ -90.126544763126887, 34.755538019613091 ], [ -90.129268006224933, 34.754908643090459 ], [ -90.134868982141654, 34.754962242910722 ], [ -90.138428000110167, 34.754874894546994 ], [ -90.140739425837992, 34.753696464559205 ], [ -90.143318088022369, 34.752693703543002 ], [ -90.147011057358299, 34.751526096399608 ], [ -90.149940600093046, 34.750640415472056 ], [ -90.152030658075361, 34.750030652477825 ], [ -90.153083679679625, 34.749583953057993 ], [ -90.158008983137606, 34.746958332660789 ], [ -90.161421892371081, 34.747128834162197 ], [ -90.166272643511334, 34.746481861855727 ], [ -90.168596143342242, 34.745273086043397 ], [ -90.170093686943773, 34.744597835968221 ], [ -90.172198357582687, 34.743129697990753 ], [ -90.173766310421655, 34.741703169350551 ], [ -90.174369908118493, 34.740775723409335 ], [ -90.17496733112948, 34.739186814968193 ], [ -90.175311972539433, 34.736855757872583 ], [ -90.175496651369826, 34.735155080085207 ], [ -90.176301117860675, 34.734169235330299 ], [ -90.177930735854289, 34.7308078522288 ], [ -90.177807849578272, 34.72797471261071 ], [ -90.178071315116455, 34.721513022138765 ], [ -90.180158183580957, 34.719154705660607 ], [ -90.180784466581116, 34.717179602701506 ], [ -90.181621889993224, 34.715009817639398 ], [ -90.181063266109945, 34.713691426546568 ], [ -90.181266856087987, 34.712428996441886 ], [ -90.181556412143522, 34.711549129257641 ], [ -90.182010069968896, 34.70997308334892 ], [ -90.182979493530297, 34.709081745677707 ], [ -90.183571299999841, 34.708273564534927 ], [ -90.18380151443948, 34.70742295288467 ], [ -90.183653707644766, 34.705933254822639 ], [ -90.184325262145691, 34.70442557195895 ], [ -90.185942010867961, 34.703351530301205 ], [ -90.186724415562466, 34.702673188529573 ], [ -90.187076970710464, 34.702031517232726 ], [ -90.188018089352354, 34.701316986348594 ], [ -90.189949749293731, 34.698907381536038 ], [ -90.190951309488398, 34.697921810165646 ], [ -90.191389654728539, 34.696441254521446 ], [ -90.192629241974984, 34.696124771678981 ], [ -90.192646742393364, 34.695629106032939 ], [ -90.193151165711427, 34.694806794775921 ], [ -90.193369221225467, 34.693959449110423 ], [ -90.193532136494198, 34.693199110100764 ], [ -90.193752698071236, 34.692613520685136 ], [ -90.19377148538436, 34.69157978052197 ], [ -90.194502232532258, 34.689281397646937 ], [ -90.19421308351663, 34.688408129385699 ], [ -90.194301621279365, 34.687813673473656 ], [ -90.195337887614329, 34.687070534020265 ], [ -90.195871106111056, 34.685913655409919 ], [ -90.196382579826704, 34.685450849611939 ], [ -90.196781712296286, 34.684628066777698 ], [ -90.197528458241919, 34.684005766882755 ], [ -90.198059040393062, 34.682361941186898 ], [ -90.198625350121219, 34.681030556412516 ], [ -90.199851753388529, 34.678959256317462 ], [ -90.199889591030498, 34.677789790103802 ], [ -90.200259229421377, 34.676506512493148 ], [ -90.199984476365486, 34.675710966272682 ], [ -90.201378025078156, 34.674732200120232 ], [ -90.202090966830625, 34.673923205392853 ], [ -90.202894704405423, 34.673085433397162 ], [ -90.203940652087539, 34.671374747290031 ], [ -90.204326074047458, 34.669877154681522 ], [ -90.205055944748707, 34.669067919381604 ], [ -90.205140439316011, 34.667943066537859 ], [ -90.205132250178764, 34.666567552112546 ], [ -90.205820906233782, 34.665282907879337 ], [ -90.206636306954138, 34.663391871751443 ], [ -90.208588975480581, 34.659141051777425 ], [ -90.210108034629258, 34.656080770663031 ], [ -90.210474995819226, 34.655465045196046 ], [ -90.210961999002208, 34.65469754219145 ], [ -90.211508435011211, 34.65380818165729 ], [ -90.211808170758403, 34.65295332241184 ], [ -90.212148729203818, 34.65230601086656 ], [ -90.212205651733669, 34.651059394742504 ], [ -90.213440182807233, 34.650180766682482 ], [ -90.213573491978451, 34.649172491954964 ], [ -90.214049022291633, 34.648777750847415 ], [ -90.214907325086614, 34.64773831022805 ], [ -90.215913818922289, 34.646754887427754 ], [ -90.217343687965538, 34.645365798219792 ], [ -90.218621853599714, 34.643948319467817 ], [ -90.218899496945525, 34.643307361389205 ], [ -90.219492369197837, 34.641938637154936 ], [ -90.219968327744439, 34.640839784960257 ], [ -90.221326438980583, 34.64033776468191 ], [ -90.221489948866832, 34.639136773763454 ], [ -90.221448118913187, 34.637805415608184 ], [ -90.221835051062982, 34.637103719709408 ], [ -90.222013034938598, 34.636215184317273 ], [ -90.222379199323768, 34.635790743410418 ], [ -90.22315816376161, 34.634728725100189 ], [ -90.222169914971602, 34.633796500196667 ], [ -90.222189964147177, 34.633722691548449 ], [ -90.221362839902099, 34.628420181474368 ], [ -90.220350195451957, 34.625597038835835 ], [ -90.218639855506296, 34.623593865579181 ], [ -90.216941011087926, 34.621063748460479 ], [ -90.214769799903976, 34.61737252065101 ], [ -90.212851997977879, 34.614035094186782 ], [ -90.21102952664647, 34.610361044679195 ], [ -90.209903889462495, 34.606721525730833 ], [ -90.209748472903883, 34.605064183433775 ], [ -90.210663505014054, 34.603118655601818 ], [ -90.21256791039248, 34.601633961764414 ], [ -90.21497864975295, 34.600685831631658 ], [ -90.215534298055445, 34.59921744424804 ], [ -90.214415241680953, 34.596309394023493 ], [ -90.215160325677004, 34.595286257599057 ], [ -90.215159787526844, 34.593806216430458 ], [ -90.213749185544955, 34.585869471593341 ], [ -90.213578769904231, 34.58368363554807 ], [ -90.213306640619919, 34.581368820500259 ], [ -90.213819501056449, 34.579511817413582 ], [ -90.213391353327836, 34.578751263364367 ], [ -90.213119375994751, 34.577921443720243 ], [ -90.212819843069255, 34.576643585698854 ], [ -90.21233579725255, 34.575796156659038 ], [ -90.211535583873172, 34.575275249606101 ], [ -90.211124995089406, 34.574786069409896 ], [ -90.210763717736128, 34.574109194402517 ], [ -90.210399338976998, 34.573517319691938 ], [ -90.209975128141807, 34.572319119814019 ], [ -90.209230274714443, 34.571855469345856 ], [ -90.209512732768687, 34.571058826378867 ], [ -90.208836341359643, 34.570654162146916 ], [ -90.208674369672949, 34.569771006055205 ], [ -90.208145135565815, 34.568503310463541 ], [ -90.207661329250499, 34.567529276534572 ], [ -90.206324594352253, 34.566048838619778 ], [ -90.205144078791193, 34.563971013118973 ], [ -90.20383065021403, 34.562181337354801 ], [ -90.20264830926304, 34.561613560100852 ], [ -90.202216660979815, 34.560189383650183 ], [ -90.202832840684152, 34.558651625236941 ], [ -90.195338987364579, 34.54461240188504 ], [ -90.193195341298818, 34.54070406426608 ], [ -90.190948464444489, 34.538011980319766 ], [ -90.190984922965015, 34.537526911826347 ], [ -90.190918705936653, 34.536073399752176 ], [ -90.190517051871879, 34.534865200577734 ], [ -90.189993064821465, 34.534431336717077 ], [ -90.190177647438802, 34.532863728646575 ], [ -90.190245975603531, 34.532425369470261 ], [ -90.18789298625795, 34.52500723845354 ], [ -90.18717130118101, 34.512929494536635 ], [ -90.186459115671965, 34.506920433481788 ], [ -90.186750303564651, 34.50304740551568 ], [ -90.18853457898345, 34.499438489911064 ], [ -90.188690758961471, 34.497360261512796 ], [ -90.186473756451591, 34.492793128392051 ], [ -90.178252775493903, 34.484512434368689 ], [ -90.178237567956813, 34.484496217812705 ], [ -90.176681465212681, 34.483573220236941 ], [ -90.174865784147599, 34.482570380486351 ], [ -90.173990492461186, 34.481438021188168 ], [ -90.172996372454392, 34.480804690692899 ], [ -90.172452489087661, 34.480640963111092 ], [ -90.168438742736981, 34.476385303406843 ], [ -90.167075827558733, 34.475230405494855 ], [ -90.16533568042162, 34.473230226063066 ], [ -90.163771000554902, 34.471854108880557 ], [ -90.16348877753164, 34.471171895494329 ], [ -90.164446729253754, 34.469971795259909 ], [ -90.16275051112703, 34.469163083633845 ], [ -90.160984285115859, 34.468985292901245 ], [ -90.159308629181581, 34.467607962865884 ], [ -90.157449691961688, 34.467185539679996 ], [ -90.15719761015967, 34.466105174693148 ], [ -90.156609624460287, 34.465054520181894 ], [ -90.155014573062445, 34.464084520569365 ], [ -90.153926266374754, 34.463768178381812 ], [ -90.153671110262948, 34.461257459406951 ], [ -90.151548173002169, 34.459915963941199 ], [ -90.150473969001069, 34.459414015442867 ], [ -90.145808418028892, 34.454932130646924 ], [ -90.142563212131634, 34.453729318822397 ], [ -90.142642597446439, 34.452680620614082 ], [ -90.138584680299829, 34.450464134262212 ], [ -90.140103093283429, 34.448034637485222 ], [ -90.13979116958032, 34.44628007476156 ], [ -90.138400089179001, 34.445560885438375 ], [ -90.137933868931242, 34.444375979808939 ], [ -90.13774886644326, 34.442414594799018 ], [ -90.136899096061924, 34.441889798636197 ], [ -90.136985334789458, 34.440751477798749 ], [ -90.132108561609698, 34.437613555154201 ], [ -90.130895632453743, 34.437480331027302 ], [ -90.128757736203511, 34.436349360766307 ], [ -90.126172695500387, 34.435251030063526 ], [ -90.124789920287895, 34.434426533581181 ], [ -90.118855376911426, 34.433515539117039 ], [ -90.118963330374299, 34.432094801689637 ], [ -90.120290766836149, 34.432182942285664 ], [ -90.121046876541968, 34.431999789296498 ], [ -90.122094259887248, 34.431323657793975 ], [ -90.123025625950675, 34.43130588093657 ], [ -90.122648857370237, 34.430411200715376 ], [ -90.11964583266645, 34.428964882535155 ], [ -90.11832099791917, 34.427380184554352 ], [ -90.116932024651163, 34.426640084203925 ], [ -90.115797927815905, 34.425472276189218 ], [ -90.114327256122905, 34.424345337255915 ], [ -90.112923725389976, 34.423797818382432 ], [ -90.112650791880696, 34.42300148804572 ], [ -90.110728003532785, 34.421973807913275 ], [ -90.109779687777575, 34.419827386351493 ], [ -90.109043047811653, 34.419282223644942 ], [ -90.105424541494898, 34.417168594949388 ], [ -90.10090023962394, 34.41965100059921 ], [ -90.086828967894206, 34.414679484547399 ], [ -90.088481278707718, 34.41342042136332 ], [ -90.092136952091778, 34.412126010315191 ], [ -90.092474450789339, 34.410616309160538 ], [ -90.092369724956811, 34.409075474305844 ], [ -90.092274384870748, 34.40741168329992 ], [ -90.091448554484074, 34.406581885262874 ], [ -90.086736450690196, 34.402793278666827 ], [ -90.085903147681279, 34.400607611818984 ], [ -90.084226651739698, 34.399276899764068 ], [ -90.082989275580942, 34.398185253340017 ], [ -90.081989762107895, 34.396554763500752 ], [ -90.082287892741945, 34.395561930822964 ], [ -90.080247230468657, 34.391728733480143 ], [ -90.079406007770729, 34.38819702558667 ], [ -90.078188899290907, 34.385222771229678 ], [ -90.077184619586319, 34.379466550637062 ], [ -90.076369981618086, 34.377043487177616 ], [ -90.075336205368203, 34.374581086006614 ], [ -90.074787071034024, 34.370140752282282 ], [ -90.072098486784824, 34.368981340966798 ], [ -90.070973387958546, 34.367715287432013 ], [ -90.06933324211424, 34.36592211656572 ], [ -90.067265060721368, 34.363917048276036 ], [ -90.06635667091011, 34.362724154187568 ], [ -90.064773772665063, 34.361636374297738 ], [ -90.063398464203132, 34.360739279831186 ], [ -90.061459739243986, 34.359947277921364 ], [ -90.060501603760002, 34.357956070270333 ], [ -90.059318302435855, 34.35600487861079 ], [ -90.058215610795202, 34.354451662309103 ], [ -90.057282386157709, 34.35358574975448 ], [ -90.056825359229862, 34.352303896271408 ], [ -90.05625173402106, 34.35109435630752 ], [ -90.054871689467177, 34.350262598547005 ], [ -90.053680362154978, 34.348419295713327 ], [ -90.053383134845845, 34.347950705373705 ], [ -90.05191646988068, 34.345354764007709 ], [ -90.052103191270874, 34.344368989950127 ], [ -90.053029312103178, 34.342431029273953 ], [ -90.052984418800577, 34.340424171191543 ], [ -90.054124818387052, 34.338284715961628 ], [ -90.056542912664511, 34.335826005083732 ], [ -90.057649345942693, 34.335028973956753 ], [ -90.05885993291615, 34.333782000097642 ], [ -90.059385038879228, 34.332386162986737 ], [ -90.058639100032266, 34.330299369140548 ], [ -90.056947287802558, 34.329643791430883 ], [ -90.055585163943448, 34.329232681560121 ], [ -90.053802248404452, 34.328856933003848 ], [ -90.052743887995447, 34.328119883656541 ], [ -90.052464735041781, 34.327079940804815 ], [ -90.038796270371805, 34.317558752618282 ], [ -90.034695088363179, 34.305966370276778 ], [ -90.034567528363269, 34.30007910887084 ], [ -90.034730853283719, 34.299389400155782 ], [ -90.035862498530989, 34.299945361345486 ], [ -90.036263677208538, 34.299823682148983 ], [ -90.03679767194771, 34.299673250721668 ], [ -90.037510569812483, 34.299460861940247 ], [ -90.038803323373116, 34.299633915371729 ], [ -90.040603042887, 34.299441705922639 ], [ -90.041641061904997, 34.299530521500529 ], [ -90.043771535877923, 34.298999540440455 ], [ -90.044787595209087, 34.297938587592263 ], [ -90.046041556878933, 34.297508006169402 ], [ -90.047622212343413, 34.297158976860139 ], [ -90.048805067229594, 34.296945554870902 ], [ -90.048572367425564, 34.295439744193061 ], [ -90.048935860143985, 34.294106751640477 ], [ -90.048808919784975, 34.292357371944895 ], [ -90.048711750303184, 34.290787358599324 ], [ -90.048492665369665, 34.289104387865365 ], [ -90.048387639146014, 34.286502458986249 ], [ -90.048339901089733, 34.285111243249411 ], [ -90.048320392829751, 34.284542704914443 ], [ -90.04901966786349, 34.283938290289051 ], [ -90.049895071955248, 34.283307325939823 ], [ -90.050607912239826, 34.2825257505108 ], [ -90.051987596892843, 34.280426690461866 ], [ -90.053430760181897, 34.278665474101643 ], [ -90.053834505814635, 34.278382920471756 ], [ -90.054412978857926, 34.278074241718762 ], [ -90.054583563259754, 34.277991936134981 ], [ -90.054825940045134, 34.277829705724024 ], [ -90.055791398576801, 34.27746254466178 ], [ -90.056731096749957, 34.276783745957971 ], [ -90.056911416309063, 34.276707248885643 ], [ -90.057150201291918, 34.276693609554712 ], [ -90.05752735472764, 34.27652870642131 ], [ -90.057894341441624, 34.276304124330565 ], [ -90.058223622938684, 34.276130393226396 ], [ -90.058414048748801, 34.275916258593334 ], [ -90.058550351096343, 34.275862657796459 ], [ -90.058697482379031, 34.275738409239743 ], [ -90.0588759990098, 34.275583530626854 ], [ -90.058944666505354, 34.275408508195973 ], [ -90.056718880294738, 34.273614110308884 ], [ -90.056675373336873, 34.273500298493708 ], [ -90.056434508482241, 34.273413934692371 ], [ -90.055809828202868, 34.272878232351104 ], [ -90.055263816897181, 34.272469828525225 ], [ -90.05514833280121, 34.272297069692023 ], [ -90.054975609489475, 34.272181246697677 ], [ -90.054890134667687, 34.271987352540215 ], [ -90.054780342144042, 34.271833659255449 ], [ -90.057472312665567, 34.270005424675468 ], [ -90.057792619451689, 34.27016918013112 ], [ -90.058109278869779, 34.270380570286797 ], [ -90.058350765172392, 34.270614326664123 ], [ -90.058589467557439, 34.270898596147191 ], [ -90.058772081415171, 34.271134298400668 ], [ -90.058903593927795, 34.271352507712166 ], [ -90.058981447988259, 34.271496061031939 ], [ -90.059015543184813, 34.271585656624296 ], [ -90.059048508437826, 34.271647563767694 ], [ -90.058973800125642, 34.271825111713177 ], [ -90.058986552453774, 34.271913261081274 ], [ -90.059092039857703, 34.272035556706911 ], [ -90.059402143993523, 34.272332686831426 ], [ -90.060341004237912, 34.272348477831621 ], [ -90.062148744121757, 34.270834106566952 ], [ -90.063188705103897, 34.270596097261361 ], [ -90.063299989457661, 34.270430335561436 ], [ -90.06336685722772, 34.270326774289771 ], [ -90.063610430889369, 34.270199302776483 ], [ -90.063754821448001, 34.27001716699003 ], [ -90.064030531138684, 34.269846349241185 ], [ -90.064177214600591, 34.26964272161387 ], [ -90.06434315885933, 34.269507383646861 ], [ -90.064472349859756, 34.269450224619511 ], [ -90.064507028852745, 34.269288693404405 ], [ -90.064584017402098, 34.269069812792239 ], [ -90.064849169066179, 34.268971780849597 ], [ -90.064947414681427, 34.268826251160192 ], [ -90.064980037964631, 34.268759550598887 ], [ -90.065194219988101, 34.268667768665033 ], [ -90.065318471293168, 34.268612835939571 ], [ -90.065595627543672, 34.268254244105059 ], [ -90.065711255752461, 34.268024688794924 ], [ -90.065627028584629, 34.267831214813363 ], [ -90.063022769668407, 34.265617636847693 ], [ -90.059716572330416, 34.263879956185193 ], [ -90.060806591107649, 34.258336557760764 ], [ -90.065495540138485, 34.26018813422548 ], [ -90.066522387770362, 34.260476541354073 ], [ -90.071666360624988, 34.257510758206045 ], [ -90.073077894391545, 34.25691543576967 ], [ -90.074132255203395, 34.255251893391943 ], [ -90.074544119440873, 34.254724194532088 ], [ -90.074419299586054, 34.254398297032772 ], [ -90.074225822461017, 34.254026739865949 ], [ -90.074026768650555, 34.253728225714021 ], [ -90.074081130353349, 34.253436270567576 ], [ -90.073841056723566, 34.253255041815571 ], [ -90.073570511036863, 34.25244028680396 ], [ -90.073613286306397, 34.252322736192461 ], [ -90.073560398691711, 34.252104656189729 ], [ -90.073385936941477, 34.251952280997003 ], [ -90.072825279697156, 34.249770914207168 ], [ -90.072685291906183, 34.249507647510171 ], [ -90.072619141895885, 34.249369656788488 ], [ -90.072480612832138, 34.249118508464235 ], [ -90.072354979019281, 34.248877228704075 ], [ -90.07225075786107, 34.248525809066798 ], [ -90.072063320309155, 34.248140737225249 ], [ -90.071923040959931, 34.247870014761411 ], [ -90.071686096578659, 34.246615927430469 ], [ -90.071575622357869, 34.245626188282948 ], [ -90.071633441210906, 34.245357079619403 ], [ -90.071603626572042, 34.245151864907847 ], [ -90.071468129066304, 34.244895200422825 ], [ -90.071175485532407, 34.244588708097808 ], [ -90.070505163424585, 34.244085090274694 ], [ -90.070430196842409, 34.243779087365098 ], [ -90.070330770092596, 34.243594758785576 ], [ -90.07036714772164, 34.243297277523872 ], [ -90.069781097931241, 34.242515977098194 ], [ -90.069565992139943, 34.242428115162355 ], [ -90.069673745554852, 34.241018041707505 ], [ -90.069722318851845, 34.240875635464427 ], [ -90.069594575577014, 34.240602713227801 ], [ -90.069145687345596, 34.240671527890342 ], [ -90.068678476154361, 34.239528932805342 ], [ -90.069247902829375, 34.238276707016475 ], [ -90.069275276022751, 34.23812542374155 ], [ -90.069202666875341, 34.237848232064259 ], [ -90.069234865344868, 34.237526092153374 ], [ -90.069425760653743, 34.237377850578717 ], [ -90.069418878542621, 34.237096577949053 ], [ -90.069273393624215, 34.236656249143493 ], [ -90.069333193122944, 34.235315274729444 ], [ -90.069482489325978, 34.234812780909991 ], [ -90.069751841288465, 34.233810549020241 ], [ -90.069790539530587, 34.233683932769878 ], [ -90.069773786586993, 34.233443956380469 ], [ -90.069655066185817, 34.233333739861614 ], [ -90.069123713049592, 34.232744742736628 ], [ -90.069295934627945, 34.232613967976498 ], [ -90.069434661221067, 34.232536036322372 ], [ -90.069781314927695, 34.232353242774593 ], [ -90.070009172274951, 34.232273842481128 ], [ -90.070184955704377, 34.232314706847497 ], [ -90.070335065239092, 34.232362761259836 ], [ -90.070659275191531, 34.232090963789773 ], [ -90.070820733485533, 34.231996125016899 ], [ -90.070782189677558, 34.231831553786762 ], [ -90.070723715053447, 34.231630184690012 ], [ -90.070724946114822, 34.231344719607982 ], [ -90.07054322491912, 34.231089583586076 ], [ -90.070484370902676, 34.230788295283453 ], [ -90.071040441073379, 34.230387349846907 ], [ -90.071267860108335, 34.2303135929196 ], [ -90.071727958359418, 34.23022479828753 ], [ -90.072097906105384, 34.229697082412763 ], [ -90.072565837516223, 34.229434746282294 ], [ -90.073109965637144, 34.229425339987642 ], [ -90.073568622429249, 34.228881603327203 ], [ -90.073752567407695, 34.228869387272567 ], [ -90.073929527778461, 34.228857877027394 ], [ -90.074050251801125, 34.228729071062432 ], [ -90.074095546348659, 34.228586848507128 ], [ -90.074228994135822, 34.228404845519698 ], [ -90.074371758222128, 34.22838733747917 ], [ -90.074461364520829, 34.228308663213213 ], [ -90.074570420746696, 34.228018849012358 ], [ -90.074717166827128, 34.227868633817366 ], [ -90.07477364288809, 34.227630979074725 ], [ -90.074701839356194, 34.227331477333415 ], [ -90.074502530776371, 34.227162274326389 ], [ -90.072110150327148, 34.226544845517012 ], [ -90.071537683114798, 34.226780938587488 ], [ -90.070989066714091, 34.226704731837437 ], [ -90.070436407935119, 34.226681454168315 ], [ -90.070962054165236, 34.224702162426027 ], [ -90.071252048370269, 34.224713436096195 ], [ -90.07143913617081, 34.224637264389422 ], [ -90.071551850582452, 34.224548082197479 ], [ -90.071715314659059, 34.224455115921998 ], [ -90.07247473671454, 34.22453287767545 ], [ -90.074058825242503, 34.224804016720512 ], [ -90.074302670635831, 34.225022645088501 ], [ -90.074573262001095, 34.225168953486659 ], [ -90.074862668335314, 34.225216321996356 ], [ -90.075120130932874, 34.225143560043414 ], [ -90.075372175970628, 34.224993294573835 ], [ -90.075409073005702, 34.224782271182249 ], [ -90.075408459542032, 34.224566144370698 ], [ -90.075299197240852, 34.224345607478348 ], [ -90.075146196855869, 34.224072384463298 ], [ -90.075038367981719, 34.223856451345611 ], [ -90.074792451366349, 34.223364233087999 ], [ -90.074369704687925, 34.222280587292296 ], [ -90.074323566521656, 34.221934602665165 ], [ -90.074339460045564, 34.221734905170905 ], [ -90.074399515601073, 34.221453149738288 ], [ -90.075015992188867, 34.221178905388662 ], [ -90.075102644152807, 34.221030999527258 ], [ -90.075313820036513, 34.220891577123851 ], [ -90.075369397502385, 34.220923818069146 ], [ -90.075503630915776, 34.220666041954694 ], [ -90.075561124067846, 34.220429145587744 ], [ -90.075691701182322, 34.220298714928198 ], [ -90.075789568746444, 34.220157049234047 ], [ -90.075875978836578, 34.2200434933062 ], [ -90.075923124795921, 34.219893924099217 ], [ -90.076061444177313, 34.219812421473954 ], [ -90.07621710283459, 34.219744911380644 ], [ -90.076396401981626, 34.219464062612929 ], [ -90.076603498805625, 34.219460329997723 ], [ -90.076607294427845, 34.219402071370759 ], [ -90.07664256929931, 34.219206550962653 ], [ -90.076527100668514, 34.218882531022082 ], [ -90.076372085910961, 34.218647541363318 ], [ -90.076703424412997, 34.218198961756819 ], [ -90.076909848043556, 34.217616472056434 ], [ -90.076964287469721, 34.217376938766819 ], [ -90.077078823473286, 34.217096190842888 ], [ -90.077280381248755, 34.216915180061299 ], [ -90.077659211217195, 34.216644379221862 ], [ -90.077759050372947, 34.216377404995399 ], [ -90.077458584606077, 34.21603260883289 ], [ -90.07790194581402, 34.215440954741197 ], [ -90.078212609186096, 34.214374550852561 ], [ -90.078942355517597, 34.2140224627964 ], [ -90.078894318995324, 34.213513775616882 ], [ -90.079135388913983, 34.212945093017687 ], [ -90.078200561680703, 34.212119430650901 ], [ -90.079163613085015, 34.211007671134858 ], [ -90.078545025514345, 34.210510249785195 ], [ -90.079545638461283, 34.209970408222894 ], [ -90.079567478278307, 34.209613011230033 ], [ -90.079091019609123, 34.208998144414963 ], [ -90.079297739976212, 34.208899581636189 ], [ -90.079583628876563, 34.20852094130035 ], [ -90.079641576653628, 34.208039269349385 ], [ -90.07998793827791, 34.207875561916289 ], [ -90.080664166259126, 34.207435001711104 ], [ -90.081245770895904, 34.207076758641179 ], [ -90.081829521994663, 34.206690281380219 ], [ -90.082101106197129, 34.206035998390938 ], [ -90.082224903157581, 34.205133278115426 ], [ -90.082706062509757, 34.204930739074925 ], [ -90.083313835196122, 34.204669117106228 ], [ -90.083876478038505, 34.204559294467614 ], [ -90.084049852319424, 34.203900706646806 ], [ -90.084033586662656, 34.20332703559977 ], [ -90.083951900935148, 34.203057881901316 ], [ -90.083911298852513, 34.202647346900427 ], [ -90.084216876076667, 34.202921895637047 ], [ -90.084348162060238, 34.2022643484827 ], [ -90.084439746709265, 34.202298422420675 ], [ -90.084592344551936, 34.201852747657739 ], [ -90.084560603056701, 34.201669746642494 ], [ -90.085096497620142, 34.201640743862058 ], [ -90.085150629751922, 34.201518449203746 ], [ -90.085360227351018, 34.201268044179557 ], [ -90.085279335010725, 34.200695682306041 ], [ -90.085615730088762, 34.200645169134987 ], [ -90.085525359481153, 34.198920967816335 ], [ -90.085566717921409, 34.198707684173407 ], [ -90.085781578217123, 34.198285728357959 ], [ -90.086012583904278, 34.198100889210743 ], [ -90.086066391189831, 34.197638838070411 ], [ -90.08644544788676, 34.19702792654342 ], [ -90.086124993365019, 34.195999455922014 ], [ -90.086093592214198, 34.195661303418007 ], [ -90.086230138396317, 34.195488652536532 ], [ -90.086167346379966, 34.19485769350586 ], [ -90.0849636457869, 34.194653550198488 ], [ -90.084402707693329, 34.194315670678378 ], [ -90.084036557661989, 34.193728399935061 ], [ -90.083118577932851, 34.192536233222718 ], [ -90.083184129341731, 34.191823603245702 ], [ -90.084155402969728, 34.190713273563027 ], [ -90.084056152907365, 34.190561190420269 ], [ -90.083692411433958, 34.189516323427036 ], [ -90.083406633309153, 34.188903032632098 ], [ -90.08186385722486, 34.187837684555973 ], [ -90.082075539640968, 34.187485713696304 ], [ -90.082192724384043, 34.187143800231475 ], [ -90.081920104093939, 34.186593880063462 ], [ -90.077000879758643, 34.185700830155383 ], [ -90.073670028482852, 34.185779379175557 ], [ -90.06096586270786, 34.170172243546915 ], [ -90.066470925232721, 34.167007625517307 ], [ -90.068774054188822, 34.165716837015658 ], [ -90.070165750492095, 34.164903378038566 ], [ -90.070491489633824, 34.164777969700928 ], [ -90.070524087638304, 34.164586198808756 ], [ -90.071406906967368, 34.164201952986176 ], [ -90.072082691082841, 34.164193991662927 ], [ -90.072418317743043, 34.16415446553993 ], [ -90.072652234764149, 34.164262434337751 ], [ -90.073145435429808, 34.162945981286697 ], [ -90.073283707494568, 34.162821256496613 ], [ -90.073662294382842, 34.162641147364859 ], [ -90.074102057833841, 34.162294462683889 ], [ -90.074137032792081, 34.161957910741286 ], [ -90.073775542841233, 34.161156469810905 ], [ -90.070333679055068, 34.161251517424226 ], [ -90.069681223647351, 34.161090250101985 ], [ -90.066724146167786, 34.160640296998885 ], [ -90.065973794056276, 34.160310318493707 ], [ -90.062394598368101, 34.157853262110869 ], [ -90.06255164696617, 34.155254458932539 ], [ -90.063915673124527, 34.155186846468908 ], [ -90.064255247317675, 34.155250999375667 ], [ -90.065000520341925, 34.155204835084383 ], [ -90.067662556577829, 34.155041358800823 ], [ -90.067999789307876, 34.155085186480783 ], [ -90.068540757526563, 34.155050865559929 ], [ -90.070373267069314, 34.154926014540081 ], [ -90.07580727982652, 34.153400159223096 ], [ -90.076270972028965, 34.153175854053252 ], [ -90.076614312875364, 34.151200893367012 ], [ -90.076670530098042, 34.14842544723642 ], [ -90.076919486465115, 34.147529420155145 ], [ -90.076659255621536, 34.146577967738402 ], [ -90.076585582231331, 34.146375092905629 ], [ -90.076170628160611, 34.145727859573249 ], [ -90.076682213050034, 34.145399713892516 ], [ -90.076713624167311, 34.144916651629146 ], [ -90.076776411239905, 34.144615171366333 ], [ -90.076619907200111, 34.144193363904712 ], [ -90.076486521425537, 34.14330365767799 ], [ -90.076347988478304, 34.142876035831158 ], [ -90.076238530789894, 34.141749112907846 ], [ -90.076184839835719, 34.141181983749853 ], [ -90.076000002129902, 34.140700621326594 ], [ -90.075933298714261, 34.14035815542114 ], [ -90.076213784984645, 34.140024576797025 ], [ -90.075954419643296, 34.139845512383339 ], [ -90.075525004371585, 34.139666612695052 ], [ -90.074832460599353, 34.139953971437116 ], [ -90.074414839518113, 34.13969985201566 ], [ -90.074417752552023, 34.139079989813801 ], [ -90.07559794967986, 34.138269825028097 ], [ -90.075991531286547, 34.137905535101623 ], [ -90.074709538557357, 34.137287306364151 ], [ -90.07415358057149, 34.135862966768507 ], [ -90.074033133087354, 34.134537417497256 ], [ -90.073978453971449, 34.133801940741783 ], [ -90.073383056756583, 34.132895323868773 ], [ -90.073853276806858, 34.132538501708801 ], [ -90.074267853316528, 34.131580782001507 ], [ -90.074164387532022, 34.130719158830722 ], [ -90.074040364239778, 34.130084650145307 ], [ -90.073978048431968, 34.128754268825311 ], [ -90.073930599146308, 34.128116942273905 ], [ -90.074267037550456, 34.127718555562922 ], [ -90.074146908063298, 34.127234465678143 ], [ -90.072125080524373, 34.123250426080268 ], [ -90.071873655952857, 34.122190961903449 ], [ -90.07237444330697, 34.12143251398183 ], [ -90.072620532054131, 34.120482822029544 ], [ -90.074514117830859, 34.119511808044479 ], [ -90.075010105594771, 34.119170469425008 ], [ -90.075010262616686, 34.118813696478355 ], [ -90.074056298396243, 34.118254364401288 ], [ -90.073640108970466, 34.117903578159826 ], [ -90.073219591430174, 34.117609611303429 ], [ -90.073146042546867, 34.117102031756076 ], [ -90.073826196382626, 34.116526357989748 ], [ -90.07402377512976, 34.116212630893365 ], [ -90.07499252300056, 34.114914760882172 ], [ -90.075003623345481, 34.113455245927696 ], [ -90.074952434280533, 34.113150761735682 ], [ -90.074830373901051, 34.112859659635397 ], [ -90.075031025262334, 34.112729616507558 ], [ -90.075232207401967, 34.112521653386132 ], [ -90.074857747146794, 34.11209753487762 ], [ -90.074865835404552, 34.111591293729205 ], [ -90.075202187063994, 34.111076683808854 ], [ -90.075428418219289, 34.110420743086358 ], [ -90.075786991575455, 34.110071310564877 ], [ -90.075880114933383, 34.109919115304621 ], [ -90.075931891886299, 34.109625564059989 ], [ -90.076180169286431, 34.109531613131729 ], [ -90.07620758072018, 34.109276852315098 ], [ -90.076200229188103, 34.109010039127369 ], [ -90.076129026427225, 34.108647487416292 ], [ -90.07629553089275, 34.108338189182049 ], [ -90.076338169116013, 34.107965868553954 ], [ -90.076245978632173, 34.107736879425303 ], [ -90.075870211046578, 34.107528820436372 ], [ -90.075174357842698, 34.107942850185076 ], [ -90.074919033371984, 34.108387555422674 ], [ -90.074232366675261, 34.108680877046176 ], [ -90.073031321247939, 34.10845964777625 ], [ -90.071353433219272, 34.105779916033605 ], [ -90.070251770580157, 34.105707943662253 ], [ -90.069701801395112, 34.105660659788974 ], [ -90.071194779908808, 34.102052621691158 ], [ -90.071449218052692, 34.102280354619324 ], [ -90.071718570477742, 34.102442948620542 ], [ -90.072852818056788, 34.102483980446408 ], [ -90.072918362567904, 34.102679369217498 ], [ -90.073610781673523, 34.102936945138083 ], [ -90.073827626809887, 34.102931740007968 ], [ -90.074625480357511, 34.102801775451461 ], [ -90.07647077145468, 34.102870280622867 ], [ -90.077110834017532, 34.102870056426752 ], [ -90.078132474291195, 34.102961613638186 ], [ -90.078305588335141, 34.102701543638737 ], [ -90.078464201566646, 34.102330896851633 ], [ -90.078652800741295, 34.101521023810321 ], [ -90.078588345236923, 34.100913634264138 ], [ -90.078292289239315, 34.100440025960189 ], [ -90.078369099674489, 34.10022640709628 ], [ -90.078291740781836, 34.099950343750614 ], [ -90.078077375060715, 34.099485870308179 ], [ -90.077915687605767, 34.099141719728081 ], [ -90.077875948237647, 34.098913993303235 ], [ -90.077657003273274, 34.098606243104506 ], [ -90.078064674726917, 34.097852564718053 ], [ -90.078050276086515, 34.097678216965626 ], [ -90.078221752866696, 34.097337279670512 ], [ -90.078229266842698, 34.097150588280677 ], [ -90.078578720341753, 34.096797844429133 ], [ -90.079148486280928, 34.096553087418059 ], [ -90.079108189898619, 34.096400800330144 ], [ -90.078853828762732, 34.095973255762324 ], [ -90.079377302592121, 34.095865020936493 ], [ -90.080005785283788, 34.095865609068632 ], [ -90.080197667073207, 34.095770539737003 ], [ -90.080490979320558, 34.095618295025936 ], [ -90.080513300367215, 34.095299493820036 ], [ -90.080444789144664, 34.094981010972141 ], [ -90.080052514783603, 34.094768927297672 ], [ -90.079414676199093, 34.094422762249835 ], [ -90.079211549986582, 34.094182786229361 ], [ -90.079810087899787, 34.093497316965134 ], [ -90.080102065002151, 34.093291504006572 ], [ -90.080648082000664, 34.093204966267933 ], [ -90.081078952241427, 34.092918379709573 ], [ -90.081089836920285, 34.092647533696734 ], [ -90.081005647346203, 34.092427101780601 ], [ -90.08069349095345, 34.092165257793219 ], [ -90.080054471432248, 34.09207342957675 ], [ -90.079527619860841, 34.091913988650248 ], [ -90.079629759932189, 34.091583321839792 ], [ -90.079941868122503, 34.091388458840996 ], [ -90.079793278149452, 34.090903605873194 ], [ -90.080438950950523, 34.090913575825844 ], [ -90.080390043363877, 34.090607430867315 ], [ -90.080599325770734, 34.090493763073923 ], [ -90.080791172721831, 34.090435893828236 ], [ -90.081223447464083, 34.090431765043661 ], [ -90.081297540023598, 34.090489406613415 ], [ -90.081409364430769, 34.090332491585649 ], [ -90.081627724581125, 34.089954614768075 ], [ -90.081594157459307, 34.089651379894207 ], [ -90.081520549567955, 34.089277716555323 ], [ -90.081817047656429, 34.088873006625633 ], [ -90.082035186382612, 34.088495117349609 ], [ -90.082107344844516, 34.088132090586747 ], [ -90.081451663798831, 34.088020992407699 ], [ -90.080776759711995, 34.087713681387491 ], [ -90.080716830400604, 34.087495550385249 ], [ -90.080590410744293, 34.087097218605543 ], [ -90.080634947178069, 34.086844388947661 ], [ -90.081031611476135, 34.086813639930192 ], [ -90.081494331281803, 34.086929053431234 ], [ -90.08171892426067, 34.086846991338142 ], [ -90.081999004778623, 34.086817013625549 ], [ -90.08247963466907, 34.086682838750654 ], [ -90.082591706053122, 34.086593608715468 ], [ -90.08243257857086, 34.086227267594737 ], [ -90.082372227422141, 34.085929395085799 ], [ -90.081852070432561, 34.08566826125535 ], [ -90.08170469532412, 34.085673131491049 ], [ -90.081461949655662, 34.085834695145088 ], [ -90.081219995891729, 34.08590913754113 ], [ -90.081044334120861, 34.085780047937845 ], [ -90.080849940176421, 34.085664173236921 ], [ -90.080529608920216, 34.085280023234297 ], [ -90.080471352929635, 34.08490359821775 ], [ -90.080227441518957, 34.084492527266853 ], [ -90.079841464601841, 34.084454019295713 ], [ -90.078991128308218, 34.083992457603131 ], [ -90.079560005849345, 34.082925996404853 ], [ -90.079739319052152, 34.083052441302641 ], [ -90.08005347902801, 34.083122710616657 ], [ -90.08038157974778, 34.083174558568004 ], [ -90.080706001056512, 34.083274758704697 ], [ -90.081081992971534, 34.083353500074018 ], [ -90.081982506195601, 34.083650019625217 ], [ -90.082351992377326, 34.083461979547316 ], [ -90.083200220038478, 34.08338591330314 ], [ -90.083736054310947, 34.083085546061696 ], [ -90.084373842291569, 34.083542239487322 ], [ -90.084501878018983, 34.083240171465128 ], [ -90.084647467162398, 34.08283235112777 ], [ -90.084805033598585, 34.082554112765983 ], [ -90.084964779013333, 34.08215055801432 ], [ -90.085141706448212, 34.081796775919415 ], [ -90.085247161111383, 34.081530047873223 ], [ -90.08525622028445, 34.081231822946194 ], [ -90.085328778224664, 34.080704055782583 ], [ -90.084568031838259, 34.080519930993972 ], [ -90.085038214875254, 34.080073415308838 ], [ -90.085250026853032, 34.079871998322147 ], [ -90.085510827118213, 34.079560764752742 ], [ -90.085570082822628, 34.079261913890804 ], [ -90.085520032069866, 34.078956417549975 ], [ -90.085349067830691, 34.078609314029549 ], [ -90.085617218141238, 34.078568090051128 ], [ -90.085685472932568, 34.078196354927321 ], [ -90.085433687390307, 34.077868862709423 ], [ -90.084687730580455, 34.077490617723718 ], [ -90.08515532915554, 34.07688169162244 ], [ -90.085448251900914, 34.076551547828295 ], [ -90.085575356120273, 34.076005658894296 ], [ -90.085918480213763, 34.075487100639492 ], [ -90.086147980608317, 34.075257530932511 ], [ -90.086485820676174, 34.074731614671492 ], [ -90.086325135293876, 34.074237993461878 ], [ -90.086182372777856, 34.073844141717188 ], [ -90.085557563282975, 34.072384681357214 ], [ -90.085339952357927, 34.071824017431908 ], [ -90.085241269802381, 34.071370762803859 ], [ -90.085035760824496, 34.070869886904887 ], [ -90.084778040971159, 34.07048149705922 ], [ -90.084295079788987, 34.069254969595058 ], [ -90.084420660880951, 34.06890812762768 ], [ -90.084127521201907, 34.068849215424628 ], [ -90.083614899538716, 34.068314218800225 ], [ -90.083540563985409, 34.068018459774379 ], [ -90.083115170013315, 34.067609803607141 ], [ -90.083090557005789, 34.066967223385575 ], [ -90.083152657029956, 34.066068292599283 ], [ -90.083041235984084, 34.065474111494524 ], [ -90.082795537647314, 34.064999583482894 ], [ -90.082109598123168, 34.064826941480241 ], [ -90.081579466994455, 34.065048225103887 ], [ -90.081117374599856, 34.065173419716103 ], [ -90.080741895332565, 34.064560732956927 ], [ -90.081089565541703, 34.064303197124033 ], [ -90.081339727164604, 34.064148390207116 ], [ -90.081658160054502, 34.063840461488333 ], [ -90.081738481084102, 34.063648271820171 ], [ -90.081450831161433, 34.063304401219469 ], [ -90.08059505560864, 34.063456947928984 ], [ -90.080118432881562, 34.063364194805558 ], [ -90.079780506122006, 34.063087550776153 ], [ -90.07965234353064, 34.062795057488913 ], [ -90.079626045244098, 34.062564110364967 ], [ -90.079206663359855, 34.062258850484227 ], [ -90.078722169150339, 34.062394582468805 ], [ -90.078458093755913, 34.062536271066804 ], [ -90.077966397785943, 34.062136246335584 ], [ -90.078342331856703, 34.061751543617319 ], [ -90.078543846052497, 34.061455004339052 ], [ -90.078839034845871, 34.060992470534359 ], [ -90.079520585679802, 34.060911105946538 ], [ -90.079195634644137, 34.060393117775057 ], [ -90.079099606885805, 34.059899945788821 ], [ -90.078014226084576, 34.059026293387859 ], [ -90.077431545346244, 34.058816843491336 ], [ -90.076827108084018, 34.057243888397565 ], [ -90.076519345172983, 34.056861058348893 ], [ -90.076263023372874, 34.055867871272419 ], [ -90.076153989305737, 34.055304578860834 ], [ -90.075908318812822, 34.05471374285748 ], [ -90.076162440645817, 34.054282417893788 ], [ -90.07575426901613, 34.053830666284213 ], [ -90.075048149942731, 34.053233624869875 ], [ -90.075162260392858, 34.052623285153174 ], [ -90.075425164920262, 34.052340520367828 ], [ -90.075349219616456, 34.051884862388974 ], [ -90.075047618389391, 34.051486749202539 ], [ -90.074722098430442, 34.050423748427363 ], [ -90.074652882645424, 34.049933708560623 ], [ -90.074475523315982, 34.049635141073104 ], [ -90.074205008168349, 34.049200701632451 ], [ -90.074244163691134, 34.048961760304088 ], [ -90.074222805380302, 34.048674720956804 ], [ -90.074428388281504, 34.048344377279804 ], [ -90.074280634132364, 34.047770590488234 ], [ -90.073923898338705, 34.04735618412915 ], [ -90.073943917791112, 34.04666484242361 ], [ -90.074159129751337, 34.046352708223516 ], [ -90.073822971017421, 34.045776006123695 ], [ -90.073952722706593, 34.045317763239346 ], [ -90.073889897635496, 34.044897141587796 ], [ -90.073694121026065, 34.044562548287644 ], [ -90.073391803960448, 34.044174309955046 ], [ -90.07191764144568, 34.044646976430812 ], [ -90.070415311897406, 34.043937892385145 ], [ -90.070444868536825, 34.04358684295736 ], [ -90.070523610983003, 34.043458000984934 ], [ -90.070870766839306, 34.043297199268039 ], [ -90.070899761196259, 34.043086791928069 ], [ -90.070612670406035, 34.042898815522818 ], [ -90.07228318643952, 34.042171178927028 ], [ -90.072666978209895, 34.042071067962667 ], [ -90.073044146660635, 34.041476318554174 ], [ -90.073347575515115, 34.041373153327186 ], [ -90.073758634784582, 34.040809901074681 ], [ -90.073477028158578, 34.040149882030988 ], [ -90.073434917731262, 34.039630394878081 ], [ -90.073395859811967, 34.039289294939216 ], [ -90.073020068039355, 34.038887368170187 ], [ -90.073206338978977, 34.038515285960102 ], [ -90.073434997152603, 34.038423528363026 ], [ -90.073928870269867, 34.038228064491975 ], [ -90.07386979694931, 34.037897278147227 ], [ -90.073430288299591, 34.038011547651863 ], [ -90.073121940443073, 34.037549647397789 ], [ -90.072646928108242, 34.035894658767774 ], [ -90.072661476432728, 34.034880932891333 ], [ -90.07289345574641, 34.034274492315951 ], [ -90.073390259379394, 34.03402603024584 ], [ -90.073794574369188, 34.033735270291523 ], [ -90.073928603724056, 34.033552561969124 ], [ -90.073999778440921, 34.033159701050792 ], [ -90.074038640856472, 34.032700341309585 ], [ -90.073959987237686, 34.032354376330979 ], [ -90.073939810829629, 34.031969593418452 ], [ -90.073931835085986, 34.031787763080125 ], [ -90.07374915034309, 34.031633483386003 ], [ -90.073605357684357, 34.031408200933903 ], [ -90.073480847473235, 34.029930957972837 ], [ -90.073560034338414, 34.029500945766024 ], [ -90.073794284767843, 34.029372268387419 ], [ -90.07371393386525, 34.028926644806226 ], [ -90.073849553129946, 34.027792256441437 ], [ -90.073583243879156, 34.02713336217225 ], [ -90.073007962695186, 34.025973192873082 ], [ -90.07275084655187, 34.024992313225866 ], [ -90.071714046181441, 34.022631360941666 ], [ -90.07218573199728, 34.022246611937142 ], [ -90.072893485625457, 34.022048655218654 ], [ -90.072008431332847, 34.021670223328357 ], [ -90.069358517954171, 34.020160993775079 ], [ -90.064046251348614, 34.020210343279153 ], [ -90.05829039028805, 34.020275295882783 ], [ -90.048048063918813, 34.01826629077398 ], [ -90.043398946574783, 34.018321513193044 ], [ -90.041925525270457, 34.017343113233778 ], [ -90.041185750708038, 34.015449263599201 ], [ -90.040810811190909, 34.014568515997965 ], [ -90.040534307163696, 34.012401917359519 ], [ -90.04269691336907, 33.99714579913379 ], [ -90.04403396351816, 33.997344348350069 ], [ -90.049579777386811, 33.996779656625819 ], [ -90.050042489255873, 33.996511819507866 ], [ -90.055941530078996, 33.99744551165724 ], [ -90.056958530835885, 33.995709315116848 ], [ -90.058106178999395, 33.995240278612037 ], [ -90.059129730167086, 33.994784347270723 ], [ -90.061069508906471, 33.995480346420038 ], [ -90.061930196927918, 33.995990515826961 ], [ -90.06317852164932, 33.994925606558922 ], [ -90.065803351491283, 33.994257676570108 ], [ -90.066763875278539, 33.993905462851934 ], [ -90.067418513515392, 33.992772492725337 ], [ -90.06750333919581, 33.992696404014069 ], [ -90.067603221354318, 33.992538876228373 ], [ -90.067783491344287, 33.992434372808212 ], [ -90.067821642288351, 33.992435266400328 ], [ -90.067974515175294, 33.99232191602912 ], [ -90.067999841935332, 33.992114143188488 ], [ -90.06831752265083, 33.991866792307093 ], [ -90.068291927362523, 33.991766259164649 ], [ -90.068367367412506, 33.991473175081502 ], [ -90.068586080484977, 33.991439387606334 ], [ -90.068745967478861, 33.991335963621005 ], [ -90.068910155460301, 33.991207246114989 ], [ -90.06911039584628, 33.991055926272658 ], [ -90.069114828859682, 33.99081058264747 ], [ -90.069074201605915, 33.990504813417978 ], [ -90.068968809150675, 33.990247105096586 ], [ -90.068894684546095, 33.989984267139725 ], [ -90.068690115232755, 33.989741671002804 ], [ -90.068539532130472, 33.989555705684978 ], [ -90.067845018218691, 33.989225613318666 ], [ -90.06723352865545, 33.988990491416047 ], [ -90.066962380809443, 33.988306840752109 ], [ -90.066928750801964, 33.988155929643042 ], [ -90.066832833898303, 33.98777680392709 ], [ -90.067086972996606, 33.987566947641618 ], [ -90.067304520523109, 33.987451954450286 ], [ -90.067439236670197, 33.987449296947304 ], [ -90.068036251641004, 33.987273326358263 ], [ -90.068432951454071, 33.98707113336075 ], [ -90.069791746295635, 33.987044780652752 ], [ -90.069970096684912, 33.985998283851046 ], [ -90.06998963166933, 33.985602755147688 ], [ -90.070070406511007, 33.98520257027252 ], [ -90.070234524655817, 33.985037702192756 ], [ -90.070074317263092, 33.984629413544084 ], [ -90.069467184436334, 33.983429625457944 ], [ -90.067115155906635, 33.982843326872135 ], [ -90.065883851339592, 33.983044863401858 ], [ -90.064904312953544, 33.982843639171605 ], [ -90.061828304232947, 33.982592540505628 ], [ -90.063084952538318, 33.975490006191812 ], [ -90.063195692207756, 33.97558073980251 ], [ -90.06343596746396, 33.97566288559397 ], [ -90.063623077408181, 33.975694816350263 ], [ -90.0639971897062, 33.975768593688912 ], [ -90.064229622896065, 33.975741190092478 ], [ -90.064629950872742, 33.975663578773073 ], [ -90.066932508934826, 33.976375303289103 ], [ -90.067046667848146, 33.976486407125179 ], [ -90.06738291182711, 33.976660642026999 ], [ -90.067532419937834, 33.976718632057889 ], [ -90.067825308073552, 33.976838549521609 ], [ -90.067994547115617, 33.976886920100853 ], [ -90.068210746459599, 33.976865763017507 ], [ -90.068456191593199, 33.97684610564832 ], [ -90.068658842793297, 33.976798738481754 ], [ -90.068940548597112, 33.976713964846198 ], [ -90.069136397867709, 33.976622661026319 ], [ -90.069362513329438, 33.976493928885745 ], [ -90.069390551899446, 33.976644554789829 ], [ -90.069427540234415, 33.976703150231558 ], [ -90.069560385917953, 33.976860922827299 ], [ -90.06963191705168, 33.976981886131448 ], [ -90.069714629683205, 33.977052394164623 ], [ -90.069910024896316, 33.977091826593337 ], [ -90.070011793454384, 33.97704814287097 ], [ -90.070218774330527, 33.977088523243083 ], [ -90.070383203319849, 33.977120697131504 ], [ -90.070574485351017, 33.97712908773677 ], [ -90.070778965366117, 33.977125751945294 ], [ -90.070982340896919, 33.977057510364659 ], [ -90.070954590659852, 33.976792439931735 ], [ -90.070900523472574, 33.976490229170736 ], [ -90.071141122340322, 33.976315814442103 ], [ -90.071348312586792, 33.97625131150717 ], [ -90.071310634325613, 33.975781971775085 ], [ -90.071438460633232, 33.975421402494327 ], [ -90.071744667480317, 33.974637297226685 ], [ -90.071792098569759, 33.974391318259059 ], [ -90.071766790280321, 33.974077115498233 ], [ -90.071818127282839, 33.973447912164943 ], [ -90.071843057195949, 33.972019674551312 ], [ -90.071831243156723, 33.971718211127389 ], [ -90.071717181198821, 33.971373233814205 ], [ -90.071584117836778, 33.971042519788149 ], [ -90.071438235055879, 33.97072142480507 ], [ -90.071370271041076, 33.970343727639808 ], [ -90.071271022535612, 33.969988523187418 ], [ -90.071107535536669, 33.969603801346366 ], [ -90.070884401970446, 33.969038481786484 ], [ -90.071077526817163, 33.968545889725398 ], [ -90.071441995159702, 33.968113466190673 ], [ -90.071455077156727, 33.967941559236259 ], [ -90.071429294292059, 33.967764115806339 ], [ -90.071420172784343, 33.967523740158263 ], [ -90.071360386505788, 33.967248518998723 ], [ -90.071195458638371, 33.966996256005203 ], [ -90.071096704424434, 33.966784949069243 ], [ -90.071023695941335, 33.966496292069607 ], [ -90.070958213300273, 33.966202350889411 ], [ -90.070788395627545, 33.965898098012964 ], [ -90.070664384144422, 33.965817320791686 ], [ -90.070821331238818, 33.96545682418018 ], [ -90.070951351632615, 33.96523173345502 ], [ -90.071089381273623, 33.965029024232372 ], [ -90.071056748630511, 33.964901903704302 ], [ -90.070825655551914, 33.9645945080646 ], [ -90.070778887666989, 33.964497138365758 ], [ -90.070614827084725, 33.96423074290152 ], [ -90.070533387900383, 33.964078439306022 ], [ -90.070678396184874, 33.963625193450454 ], [ -90.070821563712684, 33.963618715009893 ], [ -90.071090562727775, 33.963578290778507 ], [ -90.071367167651999, 33.963545697739178 ], [ -90.071734365707968, 33.963403287348825 ], [ -90.071896605897578, 33.963217056300685 ], [ -90.071912671214434, 33.963085345218026 ], [ -90.071837568586375, 33.962832725841331 ], [ -90.071715192428556, 33.962580162958901 ], [ -90.071758888131825, 33.962496645568542 ], [ -90.071984665957373, 33.962434158454137 ], [ -90.072324849408048, 33.962320482759331 ], [ -90.072583677496013, 33.962161173750552 ], [ -90.072601862017279, 33.961984565933925 ], [ -90.073302173555106, 33.961094848911692 ], [ -90.073302699333055, 33.960917689976426 ], [ -90.073249737012873, 33.960632186204784 ], [ -90.073135368572409, 33.960382160905219 ], [ -90.073042959831994, 33.960169761491194 ], [ -90.07304158305196, 33.960071529799968 ], [ -90.072956402356724, 33.959829379098238 ], [ -90.072853708456009, 33.959726661880971 ], [ -90.072698210702896, 33.959696718715009 ], [ -90.072667640285403, 33.959916988568075 ], [ -90.072604038788725, 33.960103317002464 ], [ -90.072438942454824, 33.960006613781282 ], [ -90.072349495818528, 33.959860278752153 ], [ -90.072233973018712, 33.959557391395684 ], [ -90.072201822289742, 33.959387061511315 ], [ -90.072278517887597, 33.959312323168255 ], [ -90.072225646761979, 33.95913632399467 ], [ -90.072354870305404, 33.958359785263028 ], [ -90.072701787748784, 33.958364460332902 ], [ -90.072919144059895, 33.958347254075143 ], [ -90.073107285907312, 33.958294175517729 ], [ -90.073241382818793, 33.958225214254 ], [ -90.073270198013574, 33.957911653764846 ], [ -90.073168981754407, 33.957769676786093 ], [ -90.073155314031709, 33.957523749747168 ], [ -90.073194374707725, 33.957311001942216 ], [ -90.073420215774618, 33.957230442636607 ], [ -90.073476986430535, 33.957034549400802 ], [ -90.073450072192486, 33.956832239842477 ], [ -90.07333439605334, 33.956644870387855 ], [ -90.073311278500825, 33.956548713082277 ], [ -90.073581918017382, 33.956123163749567 ], [ -90.073625255090292, 33.955987533894294 ], [ -90.073897879162544, 33.955192473158284 ], [ -90.073897056185558, 33.95496492265287 ], [ -90.073873334682503, 33.954697925809185 ], [ -90.073772385466953, 33.954490048628237 ], [ -90.073596867469234, 33.954314849139237 ], [ -90.073752578657505, 33.953720394316591 ], [ -90.073790525637904, 33.953391707706714 ], [ -90.073714613962764, 33.953053285954056 ], [ -90.073617804777882, 33.9528335715437 ], [ -90.073495974524732, 33.952559772253281 ], [ -90.073416202841443, 33.952331717167823 ], [ -90.073304816652211, 33.951897920598334 ], [ -90.073236707794933, 33.951658414291352 ], [ -90.07313112203299, 33.951554129942544 ], [ -90.073070088993902, 33.951437245964279 ], [ -90.073017380036276, 33.951219437107802 ], [ -90.072954495494571, 33.951138250075722 ], [ -90.072845979007411, 33.950987391764187 ], [ -90.072829089930707, 33.950758307338511 ], [ -90.072757657929884, 33.950627777886695 ], [ -90.072613186504739, 33.95043892918396 ], [ -90.072464975065998, 33.950148891029947 ], [ -90.072535442069324, 33.9498608521642 ], [ -90.07271828540236, 33.94961046936843 ], [ -90.072765865190902, 33.949461590028619 ], [ -90.072710284444341, 33.949264541373296 ], [ -90.072657409306103, 33.948918438484874 ], [ -90.072594755539853, 33.948604436705835 ], [ -90.072475807906088, 33.94828152364272 ], [ -90.072303798110838, 33.948071770798109 ], [ -90.072305776960832, 33.94789255704589 ], [ -90.072312946029385, 33.947792635710428 ], [ -90.072228348453294, 33.947611108419927 ], [ -90.07218193587137, 33.947466622660031 ], [ -90.072034729612213, 33.947251407853827 ], [ -90.071820918758206, 33.947157163758945 ], [ -90.071389538836428, 33.947018094516537 ], [ -90.071160501791937, 33.947124000838912 ], [ -90.069335619406075, 33.945775174333548 ], [ -90.069718723559518, 33.945561648242716 ], [ -90.069963959618732, 33.945424327205338 ], [ -90.069990421224304, 33.945215537610395 ], [ -90.069927917873216, 33.945004664447353 ], [ -90.069978160360932, 33.944860528788993 ], [ -90.070662730698956, 33.944601512105386 ], [ -90.071020893476799, 33.944460413438904 ], [ -90.07120359941095, 33.944330868187393 ], [ -90.071277777269202, 33.944130195772239 ], [ -90.071187969942116, 33.943858386789252 ], [ -90.070790830524459, 33.942634185162383 ], [ -90.070616611333421, 33.942541614132551 ], [ -90.070281765007195, 33.942186356854627 ], [ -90.07013315163239, 33.942038043239613 ], [ -90.070016486824571, 33.941951967686435 ], [ -90.069907397929555, 33.941811705965463 ], [ -90.069691992870261, 33.941738637473307 ], [ -90.069465212030622, 33.941023908538241 ], [ -90.069497154139867, 33.940791301125493 ], [ -90.069446880970034, 33.940604088615046 ], [ -90.069341823914399, 33.940382524973302 ], [ -90.069242624949311, 33.940183233434297 ], [ -90.069501598423813, 33.939885019863624 ], [ -90.069551381965738, 33.939758224755458 ], [ -90.069488669133321, 33.939541668723862 ], [ -90.069385519858841, 33.939249680512994 ], [ -90.069234521707372, 33.939039225469202 ], [ -90.068772500265894, 33.937851722407089 ], [ -90.068383437193035, 33.937157363554704 ], [ -90.068396090889749, 33.936991098203158 ], [ -90.068447431753199, 33.936636868539608 ], [ -90.068671605155643, 33.936447083320225 ], [ -90.068763352739921, 33.936253691135498 ], [ -90.068752685060645, 33.936036614961026 ], [ -90.06874876038728, 33.935756449984588 ], [ -90.068844750814662, 33.935450581116932 ], [ -90.068939667471426, 33.935303421247191 ], [ -90.068903072930723, 33.935007404062816 ], [ -90.068854282568466, 33.93482345519751 ], [ -90.068577911304118, 33.934601956333601 ], [ -90.068946264285231, 33.934116570875183 ], [ -90.068514177208826, 33.932879207866158 ], [ -90.068476430014002, 33.932535997005488 ], [ -90.068381729300285, 33.93220687330524 ], [ -90.06811963396143, 33.931914164386185 ], [ -90.066641841511725, 33.930795341429793 ], [ -90.06656141263457, 33.93061614476153 ], [ -90.066348406395562, 33.93051200432965 ], [ -90.059396997107498, 33.928957392441355 ], [ -90.054589871871215, 33.928257971944291 ], [ -90.055132817992856, 33.919690459853285 ], [ -90.055367701569622, 33.918460389725581 ], [ -90.05674796162775, 33.917616345985749 ], [ -90.057207519274968, 33.917165448175673 ], [ -90.057730059280047, 33.917105142012993 ], [ -90.058417821930163, 33.917622488574835 ], [ -90.059757137083821, 33.918433454587841 ], [ -90.059983442599204, 33.91836251506502 ], [ -90.06010112261238, 33.918312924911355 ], [ -90.060452174318925, 33.918161925183128 ], [ -90.062337916457921, 33.91716057920285 ], [ -90.062458906071456, 33.916985346834778 ], [ -90.062739215136773, 33.916984157807264 ], [ -90.062864567399302, 33.917020722611177 ], [ -90.063226446857172, 33.917067314339668 ], [ -90.063505305146052, 33.917076680720783 ], [ -90.063838986655142, 33.917045981387787 ], [ -90.063997224919916, 33.916914125373346 ], [ -90.064724648601327, 33.91675516039426 ], [ -90.066577974703492, 33.91786497677316 ], [ -90.066757534278608, 33.917880930864754 ], [ -90.067049689305506, 33.918058599127299 ], [ -90.067074454228802, 33.918070502535038 ], [ -90.067283560055174, 33.91813475274239 ], [ -90.067403759830214, 33.918097334133066 ], [ -90.067604378962045, 33.918046324774991 ], [ -90.067988237789962, 33.918016772061002 ], [ -90.068090440870606, 33.91778209528939 ], [ -90.06818112039609, 33.91755143389355 ], [ -90.068181872311968, 33.917238189226254 ], [ -90.068226674397422, 33.917034941388145 ], [ -90.068393983650324, 33.916846133760401 ], [ -90.068412972889149, 33.916670266466532 ], [ -90.068357533913016, 33.916471795345728 ], [ -90.068287483639665, 33.916286749745737 ], [ -90.068110694035525, 33.916064328672469 ], [ -90.067366045147907, 33.915690130627929 ], [ -90.06728754015279, 33.915239208868002 ], [ -90.067254693003818, 33.915092575055404 ], [ -90.067206644485992, 33.91488207846043 ], [ -90.067200924881746, 33.914767315424385 ], [ -90.067177720289152, 33.914635706785802 ], [ -90.067056779607668, 33.914246396102278 ], [ -90.066980851273527, 33.914132989184949 ], [ -90.066712961680125, 33.914112853280642 ], [ -90.065984226600406, 33.91319546478104 ], [ -90.06586377112302, 33.913026610583195 ], [ -90.06583938682293, 33.912919039535481 ], [ -90.065821906708521, 33.912760435732345 ], [ -90.06566489869671, 33.912573047149507 ], [ -90.065614973766273, 33.912429787716405 ], [ -90.065689670748029, 33.912295764522945 ], [ -90.065847869723711, 33.912152917536112 ], [ -90.066062310167112, 33.911965469920823 ], [ -90.066104640002067, 33.911908105512246 ], [ -90.066288242746822, 33.911865084724724 ], [ -90.066443321425453, 33.911851076764982 ], [ -90.066557281044169, 33.911804833229105 ], [ -90.06683969298598, 33.911818273437987 ], [ -90.067196878131242, 33.911804365849868 ], [ -90.067417195700259, 33.911678528099131 ], [ -90.067571979331703, 33.911532313929982 ], [ -90.067599053377918, 33.911352253528989 ], [ -90.067531750579249, 33.910963923756569 ], [ -90.067397303187605, 33.910706816364403 ], [ -90.067243263440773, 33.909338023976296 ], [ -90.067183966159718, 33.909062802134073 ], [ -90.067099102673197, 33.908695541567283 ], [ -90.06695773484158, 33.908220477313201 ], [ -90.066838469491927, 33.907880155502113 ], [ -90.066644674121846, 33.907753960162523 ], [ -90.066424127531519, 33.907749720880581 ], [ -90.06636425235709, 33.907085339271724 ], [ -90.066329315726605, 33.906932216900238 ], [ -90.066212011814585, 33.906744740007959 ], [ -90.06618913280262, 33.90664291577172 ], [ -90.066119418504414, 33.906467806200794 ], [ -90.065985304409239, 33.906260327940466 ], [ -90.065641872750817, 33.905283329384076 ], [ -90.065675957843908, 33.90512170236542 ], [ -90.065643441107184, 33.90494814844191 ], [ -90.065611138256969, 33.9048086277745 ], [ -90.065587750955274, 33.904687993823693 ], [ -90.065374900268111, 33.904500568549011 ], [ -90.06517044491018, 33.903908140912918 ], [ -90.064815634752918, 33.90322541225401 ], [ -90.064729757401452, 33.902491998583464 ], [ -90.064866905573439, 33.902478135451929 ], [ -90.065056096569378, 33.902508765197382 ], [ -90.065182617686773, 33.902297309083096 ], [ -90.06544179987921, 33.902096920942519 ], [ -90.06587913748362, 33.900859138863048 ], [ -90.066029126471392, 33.900565957338515 ], [ -90.065910842350149, 33.90026962654759 ], [ -90.065966028760556, 33.899258164582406 ], [ -90.06571359389801, 33.89785097880975 ], [ -90.065401284465665, 33.897267535220628 ], [ -90.065177972514988, 33.896617073382536 ], [ -90.065009369121668, 33.896483306163503 ], [ -90.064568409762572, 33.896119712250787 ], [ -90.064060724276629, 33.895275659677203 ], [ -90.063939316891407, 33.894924230897168 ], [ -90.062820741971365, 33.891258185768159 ], [ -90.06210871503643, 33.888388453630434 ], [ -90.061247150387118, 33.885985213536436 ], [ -90.061636674513508, 33.885057907548649 ], [ -90.061270006091462, 33.884073641762427 ], [ -90.058867106543218, 33.88373315387129 ], [ -90.058128511643318, 33.883284038897415 ], [ -90.056820417613437, 33.883064686894031 ], [ -90.055957210152343, 33.882802298135402 ], [ -90.054971501291831, 33.882698752366295 ], [ -90.052747827308522, 33.882904294068844 ], [ -90.050447957882923, 33.878319155044601 ], [ -90.050570682818474, 33.878157485187479 ], [ -90.050805495909188, 33.877973591012768 ], [ -90.051908337722736, 33.87788331975073 ], [ -90.052387823421711, 33.877968621221761 ], [ -90.053114746350019, 33.878091826815357 ], [ -90.054675256179863, 33.877895027259839 ], [ -90.055213926519329, 33.878069486507883 ], [ -90.055617355993689, 33.878018308183449 ], [ -90.055960436570487, 33.877780081351851 ], [ -90.05623691485016, 33.877683026333344 ], [ -90.056534888601618, 33.877637758197473 ], [ -90.05691166616316, 33.877520346030174 ], [ -90.056815288227767, 33.877149630729505 ], [ -90.055858867063236, 33.876306160505706 ], [ -90.055397082272989, 33.875872685546774 ], [ -90.054676616307574, 33.875455660897636 ], [ -90.055064711973259, 33.874233415650984 ], [ -90.055794232970456, 33.873351617284357 ], [ -90.055622637016867, 33.872706252305875 ], [ -90.056360421890943, 33.871715714796125 ], [ -90.056434098245717, 33.871252386017602 ], [ -90.057107708508681, 33.870789810756548 ], [ -90.057042397454694, 33.8704104128905 ], [ -90.057368968698754, 33.868620396615718 ], [ -90.055900894597571, 33.856588433512776 ], [ -90.052955377873886, 33.850876376339968 ], [ -90.051167278918541, 33.846000208542648 ], [ -90.048744443835389, 33.841453071390632 ], [ -90.047866545491203, 33.838558356778279 ], [ -90.04697430872298, 33.835888181446961 ], [ -90.046104492208755, 33.832764040970687 ], [ -90.045044157162181, 33.829341955934609 ], [ -90.04393035171384, 33.825809462020779 ], [ -90.042862113598332, 33.822502375097265 ], [ -90.041923792602674, 33.819431753693564 ], [ -90.041191082821882, 33.816363899841825 ], [ -90.041850325819851, 33.810188975985511 ], [ -90.04093251299534, 33.800674391702017 ], [ -90.040072807518598, 33.794935371082438 ], [ -90.037645626305675, 33.790467756079728 ], [ -90.03563773943911, 33.7884419826132 ], [ -90.03356495979348, 33.787267013046552 ], [ -90.032189114037408, 33.787223509062891 ], [ -90.030530588049217, 33.788039179319917 ], [ -90.03035461145943, 33.78889885572238 ], [ -90.029420818446255, 33.789574328308817 ], [ -90.028034245353354, 33.790402516819135 ], [ -90.026349293539241, 33.790806187334965 ], [ -90.024936790043071, 33.791533393480243 ], [ -90.021000308138653, 33.791536399562602 ], [ -90.020240685966073, 33.78993560978261 ], [ -90.018941965744133, 33.789615179799789 ], [ -90.009236810966726, 33.786756390259498 ], [ -90.008843412728766, 33.78469740992697 ], [ -90.005562093033262, 33.784350370667369 ], [ -90.002540995994337, 33.781244310525437 ], [ -89.99894544282408, 33.779633533763032 ], [ -89.995604086138215, 33.776968071719438 ], [ -89.993088409242446, 33.77256583171895 ], [ -89.993237794339578, 33.768373560324463 ], [ -89.992941242862614, 33.763232587901967 ], [ -89.995014777923743, 33.756506536372484 ], [ -89.997487502809875, 33.750495542101021 ], [ -89.997446437048723, 33.749343092128647 ], [ -89.997984782802163, 33.748690509292388 ], [ -89.998559110473394, 33.747771095376962 ], [ -90.000074721710348, 33.746692241134703 ], [ -90.009035427976997, 33.740099780671073 ], [ -90.011176921123493, 33.734129800251132 ], [ -90.014790942829492, 33.730104775574148 ], [ -90.014694647062456, 33.728484349094458 ], [ -90.017068618841236, 33.726259821021195 ], [ -90.018489837881518, 33.72352565562047 ], [ -90.02590512870151, 33.718763807518265 ], [ -90.028026326223525, 33.719840125498337 ], [ -90.030149577403321, 33.720890273790282 ], [ -90.030534506417681, 33.723063406515912 ], [ -90.031741028809378, 33.721691276056973 ], [ -90.03337076548469, 33.720217685770152 ], [ -90.034114202333953, 33.719467789426282 ], [ -90.036085417832368, 33.71817916310038 ], [ -90.039144084473378, 33.712741405685435 ], [ -90.041552027083284, 33.710055173723184 ], [ -90.041360076341391, 33.706792029063109 ], [ -90.046841567754768, 33.701950242368682 ], [ -90.047477932767208, 33.700435772927499 ], [ -90.048332200636807, 33.698516759706024 ], [ -90.049217052007478, 33.696025296239711 ], [ -90.0499038724152, 33.693355415225227 ], [ -90.050537169864967, 33.690395746440302 ], [ -90.050941734216863, 33.687885026587558 ], [ -90.05118543313246, 33.685718084165515 ], [ -90.051460065657949, 33.683090758439832 ], [ -90.051605050831441, 33.680343499621621 ], [ -90.051597781232061, 33.677818212567729 ], [ -90.051536374121838, 33.676327223108686 ], [ -90.051376183110804, 33.674140470540699 ], [ -90.051185741702952, 33.672530686950637 ], [ -90.050910840568875, 33.671146384937082 ], [ -90.047565195541424, 33.668496927465533 ], [ -90.047652159661752, 33.667984186697652 ], [ -90.047287203211781, 33.666554703030535 ], [ -90.047085636989308, 33.665204920752444 ], [ -90.04601160079082, 33.66280567084997 ], [ -90.045635086593421, 33.661257516781191 ], [ -90.044807847819868, 33.659752692370297 ], [ -90.044057626582941, 33.658360679646215 ], [ -90.044012270452583, 33.65751032046083 ], [ -90.043401836699985, 33.655406560113555 ], [ -90.043323899859615, 33.653829158299857 ], [ -90.042833935532869, 33.653416664616692 ], [ -90.042200267055577, 33.652392623135846 ], [ -90.04115313653503, 33.651160338656673 ], [ -90.04081320902678, 33.650370232108315 ], [ -90.04113251033499, 33.64920510643713 ], [ -90.041202260370113, 33.648289092727126 ], [ -90.041370979967468, 33.64747781872871 ], [ -90.040904330755637, 33.646282659641408 ], [ -90.039529625404384, 33.642412002935309 ], [ -90.039778260462953, 33.6408351701076 ], [ -90.039764694321661, 33.639568086880487 ], [ -90.040095544238213, 33.638938202694881 ], [ -90.040239680755931, 33.638685441435214 ], [ -90.040600947547063, 33.6383024657652 ], [ -90.040317256070551, 33.637596085817783 ], [ -90.040508067449124, 33.636275765400335 ], [ -90.040727230216348, 33.635599322759084 ], [ -90.040883525357216, 33.634991948470407 ], [ -90.040603600500958, 33.6343322043532 ], [ -90.04084821378261, 33.634024373822861 ], [ -90.041096584549877, 33.633757508565949 ], [ -90.040920919558317, 33.633202077305391 ], [ -90.041343174419723, 33.632980377761889 ], [ -90.041730253478164, 33.63254307205009 ], [ -90.042047391741178, 33.632126606745949 ], [ -90.042076671652651, 33.631637448510219 ], [ -90.042172641787658, 33.631390343855443 ], [ -90.042469525217911, 33.6310224631561 ], [ -90.042745888379571, 33.630958063810134 ], [ -90.043063743379989, 33.630690182155462 ], [ -90.043577095866837, 33.630573168864515 ], [ -90.043939359580776, 33.6304277704321 ], [ -90.044281494683474, 33.630027128503947 ], [ -90.044097155642305, 33.629610937458764 ], [ -90.04526916905867, 33.629421645446563 ], [ -90.045662813613532, 33.629281765547127 ], [ -90.045734266167429, 33.629094014511928 ], [ -90.046008594810118, 33.628903642876757 ], [ -90.046214610209233, 33.628585649252855 ], [ -90.04674955551377, 33.628020545057851 ], [ -90.04687098161358, 33.627678674459027 ], [ -90.046599999692248, 33.627107326828323 ], [ -90.046314273185246, 33.626645120846518 ], [ -90.047272635738338, 33.626557806868924 ], [ -90.047386617713386, 33.626054692974009 ], [ -90.047863307247766, 33.625866574603492 ], [ -90.048043840083423, 33.625411472116681 ], [ -90.047639363660494, 33.624939053327587 ], [ -90.048950063137355, 33.62442877389902 ], [ -90.049419793175844, 33.624458030312738 ], [ -90.049592593019838, 33.624288280724478 ], [ -90.049660631661837, 33.623766377785167 ], [ -90.04956023285115, 33.62319286513452 ], [ -90.049315119988677, 33.622521461068516 ], [ -90.049941304950622, 33.622290423471512 ], [ -90.050248991200775, 33.621997178532396 ], [ -90.04987166050357, 33.62098992755859 ], [ -90.050568315181579, 33.620510100792039 ], [ -90.050978993165529, 33.620419656133137 ], [ -90.051289737639507, 33.620162374592489 ], [ -90.051310164942578, 33.619862428856166 ], [ -90.051018138091493, 33.619327578679751 ], [ -90.051872263616573, 33.617829854109736 ], [ -90.052088133295257, 33.617477612633763 ], [ -90.052010560241371, 33.617107009960556 ], [ -90.051838174508944, 33.616802058440257 ], [ -90.051929284078071, 33.616403303949951 ], [ -90.052364757586233, 33.616104959197536 ], [ -90.053146394020345, 33.614743162690459 ], [ -90.053590624938437, 33.614037900464893 ], [ -90.053820383681327, 33.613717572193927 ], [ -90.053935994560362, 33.61328179119964 ], [ -90.053886945976885, 33.6121337378395 ], [ -90.05374581188417, 33.611403180915786 ], [ -90.053507244129648, 33.610789903349094 ], [ -90.053490286220423, 33.610478448913021 ], [ -90.053852190604815, 33.610373065631364 ], [ -90.053739752513223, 33.609870187339574 ], [ -90.053263376629246, 33.609571310043002 ], [ -90.053858049812391, 33.609492333510715 ], [ -90.054060956186859, 33.609488639289054 ], [ -90.054046102222401, 33.609220192748587 ], [ -90.054018741780482, 33.609020235316088 ], [ -90.053996004910033, 33.608699972588823 ], [ -90.05434708446694, 33.608787962779758 ], [ -90.054825429072622, 33.608909119460954 ], [ -90.055009174932778, 33.608922869605422 ], [ -90.055321815942975, 33.608815290686024 ], [ -90.055524392374778, 33.608855540058109 ], [ -90.055663897229437, 33.608467080362217 ], [ -90.055831650875177, 33.608091425336625 ], [ -90.056444202668317, 33.60688324202215 ], [ -90.056495062203666, 33.606516082235622 ], [ -90.056672127936139, 33.606071416207214 ], [ -90.0568553983382, 33.605627070295384 ], [ -90.057065533026133, 33.605326992529179 ], [ -90.056922407497851, 33.604931019314549 ], [ -90.056215193461497, 33.602653763884938 ], [ -90.056612795950997, 33.602386063450304 ], [ -90.056714903746283, 33.601867322562612 ], [ -90.056447908609627, 33.601407864602351 ], [ -90.056209401632159, 33.600983559414551 ], [ -90.05625830253986, 33.600636504769724 ], [ -90.056251135299021, 33.600269534597764 ], [ -90.055880459737637, 33.599817479992836 ], [ -90.056709119712224, 33.598603079849362 ], [ -90.056731233521901, 33.598297540053331 ], [ -90.056671181215492, 33.598095182117348 ], [ -90.055883114896019, 33.597378903462257 ], [ -90.055481080423078, 33.597071796829297 ], [ -90.055711959451827, 33.596240615487837 ], [ -90.055959246853973, 33.595872548847538 ], [ -90.05543387104197, 33.595556857358993 ], [ -90.055019869846973, 33.59521459363927 ], [ -90.055347078089042, 33.595004949437708 ], [ -90.056003457314418, 33.594993663848882 ], [ -90.056681468853398, 33.595060790776778 ], [ -90.056984404637547, 33.594890660908192 ], [ -90.057179410409262, 33.594492297617329 ], [ -90.057351613447608, 33.593975400278332 ], [ -90.057366822715537, 33.593276662218642 ], [ -90.057271396124563, 33.591635133745406 ], [ -90.057418754844448, 33.591180118753535 ], [ -90.05781538455345, 33.589955374968561 ], [ -90.057868298783575, 33.589696805451254 ], [ -90.058052278725029, 33.589208522387032 ], [ -90.058195401240312, 33.588814211147309 ], [ -90.058350330218587, 33.588320880808958 ], [ -90.058193422636961, 33.58754339882033 ], [ -90.058047400955573, 33.587205767285205 ], [ -90.057857145913331, 33.586630073069593 ], [ -90.057857654574491, 33.586218464775939 ], [ -90.057805674791908, 33.585898455033423 ], [ -90.057940843709801, 33.585543795993217 ], [ -90.057896558727435, 33.585286584777734 ], [ -90.057669128233258, 33.584943326824551 ], [ -90.056940546239971, 33.578498516947207 ], [ -90.055746052632898, 33.577367798867655 ], [ -90.056042530643523, 33.576676138431807 ], [ -90.055896216786934, 33.574972727138174 ], [ -90.056257037158872, 33.574565200476378 ], [ -90.05613740668727, 33.573764097183947 ], [ -90.056063918852985, 33.573243706638713 ], [ -90.056244955157666, 33.572941053425353 ], [ -90.056353569749533, 33.572126573276819 ], [ -90.056627537920008, 33.570126127940014 ], [ -90.056720073113695, 33.569314004551259 ], [ -90.056286292563186, 33.568554803959948 ], [ -90.055817278728398, 33.56710238401525 ], [ -90.055426537177141, 33.566509224866458 ], [ -90.054250497415921, 33.565168425589427 ], [ -90.053928886467446, 33.564672068746894 ], [ -90.053769077873355, 33.56388021807345 ], [ -90.056309368833283, 33.562886192292595 ], [ -90.056393387721911, 33.56230798778315 ], [ -90.055440129529444, 33.561438150487845 ], [ -90.055441894109038, 33.560797695188988 ], [ -90.055448741363023, 33.560282996714484 ], [ -90.056209700428028, 33.55981228457874 ], [ -90.056703733343056, 33.559600976893648 ], [ -90.056926452921829, 33.559249416231786 ], [ -90.057678074756069, 33.557776403269557 ], [ -90.058157439368088, 33.557353364709314 ], [ -90.058202028081226, 33.556994721217514 ], [ -90.058060778272591, 33.556583569388231 ], [ -90.056614734086935, 33.556805233394435 ], [ -90.055907629181348, 33.55598153435615 ], [ -90.05581502159751, 33.555543975998532 ], [ -90.056077742121431, 33.554825931313268 ], [ -90.056416417268153, 33.554561916187659 ], [ -90.056958016178058, 33.554654449441443 ], [ -90.057177877472824, 33.554750912237679 ], [ -90.057489372061895, 33.554780134449288 ], [ -90.058519540422438, 33.554248703313924 ], [ -90.058658191793739, 33.553802023365172 ], [ -90.058216318996031, 33.553082458221411 ], [ -90.058029656726617, 33.552644491158453 ], [ -90.057713535547236, 33.551883555889319 ], [ -90.057460924481944, 33.551446077851722 ], [ -90.056925068568177, 33.551164856994724 ], [ -90.056501789276084, 33.550203362125764 ], [ -90.056329222525349, 33.549475016481388 ], [ -90.056360531544769, 33.548561134638454 ], [ -90.057048977345246, 33.548180466012738 ], [ -90.057308647265174, 33.546967430934906 ], [ -90.058433588801094, 33.545305849140682 ], [ -90.058613350746398, 33.544821290679707 ], [ -90.058651677602853, 33.544440334096556 ], [ -90.058590217770174, 33.544240014918195 ], [ -90.058425227003099, 33.543805289862021 ], [ -90.05819974474646, 33.543151856704725 ], [ -90.057941899495248, 33.543346156596307 ], [ -90.057278128176534, 33.542259259454028 ], [ -90.056453568325423, 33.541536548835055 ], [ -90.056210547647183, 33.540876882929524 ], [ -90.05609200164632, 33.540314069923532 ], [ -90.05617953358356, 33.539162682309176 ], [ -90.055799252333784, 33.538569311027025 ], [ -90.056153584796277, 33.538245117102448 ], [ -90.056038817158793, 33.537649521598269 ], [ -90.056361659495153, 33.536950683967795 ], [ -90.056818985075168, 33.536717621834235 ], [ -90.056455531460031, 33.535712747719359 ], [ -90.057343508502882, 33.53537453237648 ], [ -90.057290857049693, 33.534358414578129 ], [ -90.056763896547054, 33.533389902641922 ], [ -90.056442091377761, 33.532991024035788 ], [ -90.05717118485822, 33.532048763492178 ], [ -90.057085734786227, 33.530399505173392 ], [ -90.056286792344878, 33.525017591877727 ], [ -90.055425349833726, 33.515963494161149 ], [ -90.055270716902314, 33.514594941621723 ], [ -90.054877286352593, 33.512910381167238 ], [ -90.054913395538932, 33.512857210924153 ], [ -90.054534282418629, 33.512128257040629 ], [ -90.054454525799372, 33.511631959660008 ], [ -90.054738298357606, 33.511350917994875 ], [ -90.054741800586356, 33.511027359074447 ], [ -90.054650157702142, 33.510659516616592 ], [ -90.054838461806455, 33.510327082503657 ], [ -90.055193142388831, 33.509897589978785 ], [ -90.055215630690967, 33.50947360019866 ], [ -90.055413217565501, 33.508877120819363 ], [ -90.055980764114992, 33.508637354116054 ], [ -90.057220582164049, 33.507053361548643 ], [ -90.05782648939352, 33.505922000986175 ], [ -90.057866486585127, 33.50572833551783 ], [ -90.057875735371852, 33.505289120444417 ], [ -90.058142770335294, 33.505242652761723 ], [ -90.058117858603808, 33.504690683210981 ], [ -90.058469835158604, 33.504386919727381 ], [ -90.059300829547695, 33.503274992470793 ], [ -90.060080584844641, 33.502918527809435 ], [ -90.060092465503146, 33.502223431749528 ], [ -90.059476868592441, 33.501648006028006 ], [ -90.059006521641507, 33.501262704292458 ], [ -90.058912354833708, 33.500928061910912 ], [ -90.058566000664968, 33.500619734934936 ], [ -90.05755095203935, 33.499652727938802 ], [ -90.055854970965186, 33.498701534526404 ], [ -90.055248161200439, 33.498010936805066 ], [ -90.056121551973519, 33.496215693557076 ], [ -90.059286206474084, 33.490753408308123 ], [ -90.059342549583704, 33.491476221325001 ], [ -90.0593610247887, 33.49157504603955 ], [ -90.059385892774984, 33.491841571654163 ], [ -90.059576480212215, 33.492265599803581 ], [ -90.05982725914518, 33.492424664707876 ], [ -90.059973639390662, 33.492574074456719 ], [ -90.06010944086816, 33.492987821017749 ], [ -90.060188879133378, 33.493100436075345 ], [ -90.060443323868697, 33.493239476801776 ], [ -90.0608138017095, 33.493277074296572 ], [ -90.060831107831106, 33.493331867942175 ], [ -90.06115870845592, 33.493675036998511 ], [ -90.061810363913921, 33.494045597419152 ], [ -90.061857719271558, 33.49451114836377 ], [ -90.061921096286483, 33.494742430225365 ], [ -90.062372292463152, 33.495096948781608 ], [ -90.062737558314296, 33.495311213190476 ], [ -90.063052180695081, 33.495412224789284 ], [ -90.063475184142959, 33.495147221503871 ], [ -90.063621104137169, 33.495146962420208 ], [ -90.06408436874456, 33.495313807308598 ], [ -90.064349332519029, 33.495333883344038 ], [ -90.065121306531438, 33.495294346185183 ], [ -90.065491395488436, 33.49533438995558 ], [ -90.066496103622015, 33.494546971892959 ], [ -90.068120313208311, 33.4920249481127 ], [ -90.068133670469805, 33.491476723452458 ], [ -90.068380508945324, 33.49112636562225 ], [ -90.068384033930585, 33.490713797570976 ], [ -90.068506355101675, 33.490256657403343 ], [ -90.068625923865739, 33.489884123369308 ], [ -90.069021603666243, 33.489576910356668 ], [ -90.069413246579174, 33.489266296177313 ], [ -90.069661974715018, 33.489208575217475 ], [ -90.06985860809047, 33.489005615873388 ], [ -90.069828065740325, 33.48858951487842 ], [ -90.069939264939165, 33.488236758935898 ], [ -90.070118299902518, 33.488377204267117 ], [ -90.070148263484867, 33.488040465616734 ], [ -90.070027089453518, 33.487892369951687 ], [ -90.069850399895685, 33.487448509864961 ], [ -90.06986156139547, 33.487244128711382 ], [ -90.069808877165457, 33.48693361730237 ], [ -90.07034520895391, 33.485781562840643 ], [ -90.070398860361493, 33.484379412820061 ], [ -90.070204148018732, 33.484003767066589 ], [ -90.070244313953324, 33.483688120011578 ], [ -90.070592627946041, 33.483524550066569 ], [ -90.070437465899147, 33.482790318319246 ], [ -90.070155947347189, 33.482464797589252 ], [ -90.069583739578178, 33.480953372782253 ], [ -90.070320918870792, 33.47969785613693 ], [ -90.070664940187669, 33.47949718576222 ], [ -90.070694252848057, 33.479032752866217 ], [ -90.070553662873067, 33.478537206635252 ], [ -90.070609129874924, 33.478240432058328 ], [ -90.070606658638155, 33.477796342487252 ], [ -90.070598927226953, 33.477401979973216 ], [ -90.070125653689558, 33.477053788114958 ], [ -90.070260900666838, 33.476717516864596 ], [ -90.070178066122622, 33.476360409161394 ], [ -90.070318460140953, 33.47579426583431 ], [ -90.070277049460501, 33.475357383445655 ], [ -90.069873997012166, 33.474571333210477 ], [ -90.070267984494492, 33.473976087509499 ], [ -90.070397300119126, 33.472841293599522 ], [ -90.070702501248064, 33.472327984029569 ], [ -90.070689690264516, 33.471773783810491 ], [ -90.070574970742967, 33.471429920600919 ], [ -90.070448850971474, 33.471180148028395 ], [ -90.070244498848865, 33.470645841628404 ], [ -90.070418672031749, 33.470271153026204 ], [ -90.070320083934121, 33.469821739857949 ], [ -90.070174708345249, 33.469432320604966 ], [ -90.070232544214448, 33.469021836249013 ], [ -90.070545025214159, 33.468599325804185 ], [ -90.070751264321416, 33.46815217907448 ], [ -90.07079386931035, 33.467611121052435 ], [ -90.070751396959764, 33.467321695632585 ], [ -90.070934760879723, 33.466581169848922 ], [ -90.071263019585061, 33.466364080265961 ], [ -90.07142037579699, 33.46587398180516 ], [ -90.071454934297762, 33.465277542298935 ], [ -90.072273586810823, 33.464275491768461 ], [ -90.072205549707675, 33.463898575788591 ], [ -90.072089714480754, 33.463575219748314 ], [ -90.071806723209363, 33.462980466521309 ], [ -90.071812155903388, 33.462658761620652 ], [ -90.072114381768074, 33.462363020199184 ], [ -90.072462699380125, 33.46211292019381 ], [ -90.072940940977773, 33.4615964774462 ], [ -90.073100669743809, 33.460935574852158 ], [ -90.073389090597573, 33.460024577444351 ], [ -90.07338055811492, 33.459813852870425 ], [ -90.073288252951372, 33.459539583339946 ], [ -90.073302557250628, 33.459406988154363 ], [ -90.073557169955492, 33.459355238950408 ], [ -90.073597592170259, 33.45926016235709 ], [ -90.0739257178016, 33.458476389580234 ], [ -90.073800666482526, 33.458090499997873 ], [ -90.074164219601755, 33.457655364677315 ], [ -90.07431560048893, 33.457354666884306 ], [ -90.074365896810278, 33.456873218094429 ], [ -90.074083981119088, 33.456639160582874 ], [ -90.073680494663336, 33.456450244874524 ], [ -90.07390412860849, 33.456112851437815 ], [ -90.074075022364781, 33.456107489040811 ], [ -90.074383798642998, 33.456005697161174 ], [ -90.074679233261847, 33.456026620884437 ], [ -90.074910407556317, 33.455873303957468 ], [ -90.075246635166664, 33.455515832830393 ], [ -90.075228809382224, 33.455047533549489 ], [ -90.075477688962536, 33.454957895730452 ], [ -90.075707716651621, 33.454592459666173 ], [ -90.07585385233179, 33.454292906906524 ], [ -90.075893481627332, 33.453793529406376 ], [ -90.076164244653697, 33.453374165505579 ], [ -90.07637585902782, 33.452928698662646 ], [ -90.076502126810269, 33.452409322816571 ], [ -90.076685204652009, 33.45206628425246 ], [ -90.076693913166835, 33.451612827900902 ], [ -90.076726863471251, 33.451383674503568 ], [ -90.076949335900508, 33.451172102239838 ], [ -90.076994601220406, 33.450768404687288 ], [ -90.076575202044822, 33.450370161902612 ], [ -90.076092357308781, 33.450397726711358 ], [ -90.073976897117603, 33.450787473616629 ], [ -90.073689481444831, 33.450231846548654 ], [ -90.073189661252087, 33.450018008286321 ], [ -90.072607011102221, 33.450824143333023 ], [ -90.070366543938803, 33.450618399914696 ], [ -90.069516478488936, 33.450244335545115 ], [ -90.06897691465484, 33.449697298124789 ], [ -90.068681798985452, 33.449666800077466 ], [ -90.067829482240924, 33.449322747907843 ], [ -90.067310117571651, 33.449144128669893 ], [ -90.068033286304669, 33.446626483033022 ], [ -90.069141559588999, 33.446488715650588 ], [ -90.070087783830118, 33.447042581561028 ], [ -90.072616560075744, 33.4469512098024 ], [ -90.073243960566302, 33.446925805680195 ], [ -90.074603338798482, 33.446853080537473 ], [ -90.075945857363507, 33.447216711346876 ], [ -90.076641940962901, 33.44655971564552 ], [ -90.077910013031655, 33.446597135416965 ], [ -90.079126211650674, 33.446836123961283 ], [ -90.079231030047126, 33.446631953040743 ], [ -90.079318391220369, 33.444018680454697 ], [ -90.080138720499349, 33.44316629552511 ], [ -90.080431288305405, 33.44290903935525 ], [ -90.080309140478576, 33.442527199295512 ], [ -90.080657157602488, 33.442279540167554 ], [ -90.080962582286958, 33.442147416505662 ], [ -90.081206111671136, 33.441314921312717 ], [ -90.081472154539512, 33.440874729916956 ], [ -90.081623495802802, 33.44038323174653 ], [ -90.081710838631054, 33.440174610110816 ], [ -90.081962754759402, 33.440507466289766 ], [ -90.082039479330376, 33.440192266040995 ], [ -90.082095189457362, 33.439857187253175 ], [ -90.082391620322923, 33.439659346365012 ], [ -90.082580342391211, 33.439388573723406 ], [ -90.082722639697579, 33.438982779659227 ], [ -90.082258758257737, 33.438509558794131 ], [ -90.082833330911782, 33.438168607503776 ], [ -90.083079109303299, 33.437820631527828 ], [ -90.083364351104805, 33.437657318527577 ], [ -90.083603503242131, 33.437300488896135 ], [ -90.083965190170034, 33.43696203251492 ], [ -90.084123626967568, 33.436819841123899 ], [ -90.08402198705663, 33.436376291604667 ], [ -90.083774420525444, 33.435877699758755 ], [ -90.084130480259631, 33.435733284346348 ], [ -90.084518864364199, 33.435706140241457 ], [ -90.084814377873357, 33.435690875129332 ], [ -90.084853654443677, 33.435602116841729 ], [ -90.085037925688752, 33.435449907890046 ], [ -90.085336250321518, 33.435354642237208 ], [ -90.085287284820851, 33.435079770277731 ], [ -90.084854281183524, 33.434657795213688 ], [ -90.085101450434507, 33.434291091005775 ], [ -90.085293977641527, 33.433943911029793 ], [ -90.085589500611832, 33.433641047228647 ], [ -90.085730621749491, 33.43310539553427 ], [ -90.086077642117161, 33.432841710397284 ], [ -90.086191001686103, 33.432560663709069 ], [ -90.086414958416171, 33.432527522567995 ], [ -90.086490504196377, 33.432418291375328 ], [ -90.086034580787768, 33.429680658089531 ], [ -90.086142239996363, 33.429218319342475 ], [ -90.086816947515359, 33.429274366936099 ], [ -90.087019537159918, 33.429228775964098 ], [ -90.087362312578009, 33.429049622719091 ], [ -90.087600051557715, 33.428662566943416 ], [ -90.088271970127437, 33.428265963753951 ], [ -90.088619279083062, 33.428097679130673 ], [ -90.088834070628678, 33.427776107725386 ], [ -90.089017311322749, 33.427560361416816 ], [ -90.089226994546593, 33.427312287683293 ], [ -90.08983348168384, 33.42705273594639 ], [ -90.090243585963478, 33.427063928617059 ], [ -90.090700430804901, 33.426989580381672 ], [ -90.09090730509692, 33.426835688823765 ], [ -90.091175753949742, 33.42648744258161 ], [ -90.091101418138351, 33.426036789258404 ], [ -90.090651760961165, 33.425930296409263 ], [ -90.090309683786529, 33.425576495677852 ], [ -90.089721883380847, 33.425408626563616 ], [ -90.089941427275903, 33.42503800449559 ], [ -90.090790833234649, 33.424287747760012 ], [ -90.09205642359764, 33.423555722915573 ], [ -90.092487728329345, 33.4236495637441 ], [ -90.092669640646747, 33.423687653983329 ], [ -90.092823213663181, 33.423831736078299 ], [ -90.092929367780087, 33.424010612260219 ], [ -90.093002107941246, 33.424115070203086 ], [ -90.093318481913244, 33.424286327479166 ], [ -90.093511616301839, 33.424354782332358 ], [ -90.093673368876921, 33.42452694469867 ], [ -90.094008879810318, 33.424686063803989 ], [ -90.094460569989408, 33.42433518427876 ], [ -90.094624848224825, 33.422174049412767 ], [ -90.094996817354016, 33.421962332651049 ], [ -90.095088332964622, 33.421631922142176 ], [ -90.095566672990415, 33.421305460024222 ], [ -90.095977901231151, 33.421030509480666 ], [ -90.096308844477377, 33.419941817454891 ], [ -90.096347649836957, 33.419713662315523 ], [ -90.096858216577829, 33.419539923438009 ], [ -90.097123675284791, 33.419473081069746 ], [ -90.09886664301996, 33.417814791455051 ], [ -90.099170121128623, 33.415368229586683 ], [ -90.09876846242534, 33.414618102176682 ], [ -90.098496437050784, 33.413805842769541 ], [ -90.098475526548086, 33.413285591716971 ], [ -90.098831256678565, 33.413038273657776 ], [ -90.098705515087786, 33.412582730388053 ], [ -90.099342638058403, 33.411677979694097 ], [ -90.100463030775444, 33.41078415393698 ], [ -90.10144988906417, 33.40990555963522 ], [ -90.101843612371937, 33.409559175837096 ], [ -90.102822739162804, 33.408697754997888 ], [ -90.105112862305475, 33.408701402910914 ], [ -90.10590188840375, 33.407252148184782 ], [ -90.106024018461923, 33.406732862150797 ], [ -90.106325348347951, 33.405773533598477 ], [ -90.107631989222554, 33.404645688419578 ], [ -90.10807552029857, 33.403695163171008 ], [ -90.108412545941761, 33.403333373247605 ], [ -90.108310065437962, 33.402942625825631 ], [ -90.108497281774319, 33.402735207276443 ], [ -90.108323292781137, 33.402509236636078 ], [ -90.108579022549947, 33.402282640473402 ], [ -90.109238076619462, 33.401493033668906 ], [ -90.109462749939155, 33.401334703034244 ], [ -90.109613219785331, 33.400779984124661 ], [ -90.109693443236523, 33.400653244591155 ], [ -90.109616173653365, 33.400157756604322 ], [ -90.110004137353144, 33.399887944469825 ], [ -90.111226238595435, 33.398647773388412 ], [ -90.111524259066059, 33.398408447119678 ], [ -90.112120473963088, 33.397487219439952 ], [ -90.112375599256069, 33.397325481411976 ], [ -90.112633980807701, 33.396931625320697 ], [ -90.112715487286138, 33.396636143884564 ], [ -90.112557746959794, 33.396264902668342 ], [ -90.112474333897609, 33.395971240068647 ], [ -90.112385438111104, 33.395416285285599 ], [ -90.1124826982673, 33.395047848189954 ], [ -90.112612008914056, 33.39497504777642 ], [ -90.112927682156794, 33.395077427010243 ], [ -90.113099271758287, 33.395172410185388 ], [ -90.113407318003496, 33.394861957336346 ], [ -90.113704099211873, 33.394730370332113 ], [ -90.113824418812712, 33.394385812121293 ], [ -90.113699840024879, 33.393872291621754 ], [ -90.113080073947685, 33.393467406872922 ], [ -90.113033426417331, 33.392563175758234 ], [ -90.112986746203063, 33.392348353185945 ], [ -90.112753900545869, 33.391964388581279 ], [ -90.112793964554186, 33.391429881260343 ], [ -90.113135377932736, 33.391265832402865 ], [ -90.113792863826149, 33.39127581763492 ], [ -90.114193801730536, 33.391209508408899 ], [ -90.114518078181362, 33.391399920967359 ], [ -90.114960181754356, 33.391464808813879 ], [ -90.115528634123919, 33.391513480951353 ], [ -90.115977409612171, 33.391403517377917 ], [ -90.116326954117952, 33.391196611039824 ], [ -90.116786230463987, 33.390857734153109 ], [ -90.117309638322169, 33.390812591180683 ], [ -90.117467446668584, 33.390550808067943 ], [ -90.117892432141119, 33.390340673838303 ], [ -90.118509082520347, 33.390337899036311 ], [ -90.119008403048099, 33.390059227301002 ], [ -90.119492416855906, 33.389879066464019 ], [ -90.120055312356314, 33.389686989295946 ], [ -90.120577493410536, 33.38893675429037 ], [ -90.121088794989717, 33.388804088470636 ], [ -90.121928613169658, 33.388109493739172 ], [ -90.122359659257157, 33.38821315181584 ], [ -90.122500244383687, 33.388270005650476 ], [ -90.122921181062182, 33.388374207322997 ], [ -90.123154547109579, 33.388302117423358 ], [ -90.123609531003723, 33.38829776972964 ], [ -90.125047638238215, 33.387475640361068 ], [ -90.125897278231264, 33.386780811683188 ], [ -90.127198120911174, 33.386590323269537 ], [ -90.127674829172037, 33.386398406678346 ], [ -90.127903185418745, 33.38606645809147 ], [ -90.128134738220695, 33.385800634802862 ], [ -90.128373842228044, 33.385643006748765 ], [ -90.128558676351645, 33.385999303056195 ], [ -90.128759199150409, 33.386251784733432 ], [ -90.128796918913594, 33.3860395163695 ], [ -90.128941862458262, 33.385728474539647 ], [ -90.129065980675335, 33.385466724517805 ], [ -90.128977927300255, 33.385274614720984 ], [ -90.128812992286598, 33.385053389673914 ], [ -90.128907361346293, 33.384788343382453 ], [ -90.129081702759564, 33.384685913161761 ], [ -90.129132699888544, 33.384189906205073 ], [ -90.129603099017544, 33.383766791047272 ], [ -90.129535643563543, 33.383201594545859 ], [ -90.1300313396885, 33.383136536410674 ], [ -90.130164922916506, 33.383588087457667 ], [ -90.130279790493319, 33.383040025598504 ], [ -90.130307488909352, 33.382677941272412 ], [ -90.130578532868924, 33.38247974174849 ], [ -90.131019214651559, 33.382413991599279 ], [ -90.131485911072474, 33.382255237860335 ], [ -90.131831237450569, 33.381914372073894 ], [ -90.132276102037125, 33.381847058124144 ], [ -90.132899474674744, 33.381601273027186 ], [ -90.133046331463774, 33.381407707790203 ], [ -90.133515345284536, 33.381321055801294 ], [ -90.134037202311688, 33.381677208313214 ], [ -90.134256230090358, 33.381943040436859 ], [ -90.13481006941484, 33.381971368277853 ], [ -90.136337647449182, 33.381413980556701 ], [ -90.137088224366352, 33.3810539442064 ], [ -90.136908111458169, 33.380444494673299 ], [ -90.137827203046271, 33.379396367061368 ], [ -90.140141140127582, 33.377785074895108 ], [ -90.140957595970974, 33.376684510310646 ], [ -90.141408887656183, 33.376225971696798 ], [ -90.142083063062955, 33.375277715569439 ], [ -90.14225095709223, 33.375054359848619 ], [ -90.142011652825758, 33.374764453436981 ], [ -90.141738380357765, 33.374260737451763 ], [ -90.141720707421058, 33.373903068732609 ], [ -90.141944004484301, 33.373568704871076 ], [ -90.142043193059209, 33.373384750152361 ], [ -90.142301535873045, 33.373275598064218 ], [ -90.142201178115684, 33.373038537629618 ], [ -90.14222380988285, 33.372683282165504 ], [ -90.142326599411177, 33.372586042844006 ], [ -90.142684520039509, 33.372428426570679 ], [ -90.142889260436021, 33.372532509858615 ], [ -90.144145078612894, 33.372215061718251 ], [ -90.144804701653271, 33.372004401746182 ], [ -90.145201019270075, 33.371705110118469 ], [ -90.145355665068024, 33.371262615750645 ], [ -90.145527616978555, 33.370898315877646 ], [ -90.145583355385213, 33.370564255028036 ], [ -90.145824195999069, 33.370005583329757 ], [ -90.146846040090239, 33.369127533833961 ], [ -90.14741362052392, 33.368504325540187 ], [ -90.147355954726166, 33.367524349449511 ], [ -90.147473219195675, 33.367246977930499 ], [ -90.147305326249864, 33.36691001074724 ], [ -90.147337508627004, 33.366581483356768 ], [ -90.147485653703043, 33.366458892608549 ], [ -90.148122464887294, 33.366349541385965 ], [ -90.148791521070308, 33.366262676057296 ], [ -90.149230992407325, 33.366190494647618 ], [ -90.149904965646257, 33.366375962840152 ], [ -90.150283032095246, 33.366395962325178 ], [ -90.150568942253969, 33.366232520361812 ], [ -90.150686104650504, 33.365895915628812 ], [ -90.150913342413972, 33.365689050455693 ], [ -90.151305492366618, 33.365611884590059 ], [ -90.151488542368469, 33.365388578536496 ], [ -90.151666832847539, 33.365079561092251 ], [ -90.152163159682587, 33.364480356360758 ], [ -90.152534744050016, 33.364109559163019 ], [ -90.152600500424015, 33.363649042995533 ], [ -90.152811805248334, 33.363443134553343 ], [ -90.152864860661225, 33.363202202181306 ], [ -90.153236590346069, 33.362826444945838 ], [ -90.153571209507462, 33.362393824632171 ], [ -90.15399830664181, 33.361584679474021 ], [ -90.15405400675786, 33.360326413531666 ], [ -90.15401861321692, 33.360030610317281 ], [ -90.153946278820314, 33.358826456507892 ], [ -90.15436148984881, 33.358605763043187 ], [ -90.15469816313697, 33.358050181646561 ], [ -90.154992903044416, 33.356837434456857 ], [ -90.154932627641188, 33.35639814928075 ], [ -90.154515533985844, 33.355596309733357 ], [ -90.154142996369245, 33.35470807828203 ], [ -90.154067641703634, 33.353153016603294 ], [ -90.153875391684267, 33.352780763937297 ], [ -90.153634532895438, 33.352313468826246 ], [ -90.153672179215093, 33.351864987954542 ], [ -90.153979977305312, 33.351164654498795 ], [ -90.154246304325738, 33.350854799058773 ], [ -90.154280733654517, 33.3503458631874 ], [ -90.153935494230524, 33.349914382604553 ], [ -90.153415775841836, 33.349205887321041 ], [ -90.153345611760216, 33.348781695877413 ], [ -90.153248964358184, 33.348278839861671 ], [ -90.153191026969367, 33.347865910802575 ], [ -90.152838735244003, 33.347184037224103 ], [ -90.152567990537136, 33.346402054859695 ], [ -90.152787356276534, 33.34585061098678 ], [ -90.152725081766675, 33.345764251880794 ], [ -90.152733541868599, 33.345374213896633 ], [ -90.152577791174792, 33.344750595306365 ], [ -90.152416220069512, 33.344441254005488 ], [ -90.152476958608815, 33.344140062546131 ], [ -90.152551428316755, 33.343838507534578 ], [ -90.152176506002476, 33.343590629190388 ], [ -90.15185389547905, 33.343253574885544 ], [ -90.151566910891617, 33.342582814899984 ], [ -90.151844768728296, 33.342222036618779 ], [ -90.152091522466108, 33.341636064069363 ], [ -90.151835166230597, 33.341136697054324 ], [ -90.151213103445045, 33.341035500085475 ], [ -90.150816368209817, 33.341250742621547 ], [ -90.150356457522363, 33.341330828664226 ], [ -90.149869615270731, 33.341410247534654 ], [ -90.149387325072055, 33.341612606604329 ], [ -90.149033526443347, 33.341714063548494 ], [ -90.148641352222185, 33.341913926954128 ], [ -90.147944927935427, 33.342228412136905 ], [ -90.147290425734113, 33.342183997424584 ], [ -90.146735222183366, 33.342542925456826 ], [ -90.144675561070699, 33.340049834774987 ], [ -90.145532510620143, 33.339730446683134 ], [ -90.146019557684212, 33.339567712977271 ], [ -90.14683460782571, 33.338686530266195 ], [ -90.149646514362701, 33.336870283511836 ], [ -90.150716838660699, 33.335918405894247 ], [ -90.150562602712185, 33.33538422485082 ], [ -90.150342990987397, 33.335049569242827 ], [ -90.149964208381732, 33.334247153344656 ], [ -90.150533257809755, 33.3340176561397 ], [ -90.150446104072145, 33.333482641416794 ], [ -90.150447211837758, 33.333139744916096 ], [ -90.150496038376261, 33.331519680497543 ], [ -90.150123732211128, 33.330060763706697 ], [ -90.14995302929772, 33.32941721031812 ], [ -90.149680120016313, 33.328826602036962 ], [ -90.149160015276067, 33.328140026085983 ], [ -90.148931752029966, 33.32703885543976 ], [ -90.148629764835079, 33.326516979836612 ], [ -90.147622491091013, 33.325944542024857 ], [ -90.146898200218686, 33.325367043127002 ], [ -90.144778563981887, 33.3243923103309 ], [ -90.144484163005671, 33.323930036262226 ], [ -90.146833577937301, 33.322936788480767 ], [ -90.147266004164905, 33.322640744826543 ], [ -90.147338673168335, 33.322245460846318 ], [ -90.147047621988548, 33.321887634417863 ], [ -90.146726252826738, 33.321410864474338 ], [ -90.146478513546086, 33.320908417603974 ], [ -90.146280157045879, 33.320418423243375 ], [ -90.146141437610538, 33.319529994635879 ], [ -90.146362521641905, 33.317839961322008 ], [ -90.145799003255192, 33.316274400936045 ], [ -90.145554086573441, 33.315855083471277 ], [ -90.145756587144703, 33.315535945509026 ], [ -90.146073037397315, 33.315543603036261 ], [ -90.146043208969331, 33.31532608681259 ], [ -90.145925223005577, 33.314880980341435 ], [ -90.146595015775901, 33.314716943869044 ], [ -90.145962303842467, 33.313968897124596 ], [ -90.14560361475705, 33.313312520946674 ], [ -90.145639506190278, 33.312542951566513 ], [ -90.146272978938512, 33.311681910997962 ], [ -90.148480122753654, 33.309764897369092 ], [ -90.148749897289662, 33.309369265187641 ], [ -90.149441880416646, 33.308860667398392 ], [ -90.149779815151234, 33.308228170798401 ], [ -90.149673219292424, 33.307828334236895 ], [ -90.149858167359554, 33.307684207168663 ], [ -90.149934376886733, 33.307387693473736 ], [ -90.149894245545994, 33.306931666160892 ], [ -90.150124143254629, 33.306778839306588 ], [ -90.150259837553989, 33.306508416337145 ], [ -90.150203723959166, 33.305985249052618 ], [ -90.150659950246364, 33.305154852986327 ], [ -90.151056498288582, 33.304326727531127 ], [ -90.150676645181719, 33.304047002761727 ], [ -90.150364046257181, 33.303829941116611 ], [ -90.150029392972044, 33.30375113825955 ], [ -90.149766269357983, 33.303619949343613 ], [ -90.149603116391646, 33.303157636285945 ], [ -90.149183546348766, 33.302678324389248 ], [ -90.148882657395021, 33.301708530286632 ], [ -90.149171951522405, 33.300993034744685 ], [ -90.149022601591454, 33.300572565853784 ], [ -90.14876614508114, 33.300147689202461 ], [ -90.148847372077256, 33.299159459686315 ], [ -90.149319189859057, 33.298639844295309 ], [ -90.149331011726048, 33.298293930831186 ], [ -90.148950879131831, 33.297785416313076 ], [ -90.148904263678162, 33.297180796157704 ], [ -90.148780087529602, 33.295806467467528 ], [ -90.148625374795941, 33.295133190551745 ], [ -90.148095354711316, 33.294557071870621 ], [ -90.14746952085045, 33.292660198904983 ], [ -90.147181480205077, 33.292113816785651 ], [ -90.147199505607404, 33.290453776076312 ], [ -90.146917888916178, 33.289766556753889 ], [ -90.147280322533589, 33.289312999933713 ], [ -90.147484865325438, 33.288979767654126 ], [ -90.147475990190486, 33.288739550297642 ], [ -90.147493170259565, 33.288310200945219 ], [ -90.147464553522525, 33.287993072846177 ], [ -90.147304363999183, 33.287517417261661 ], [ -90.146830085488929, 33.2866996392356 ], [ -90.146278544247039, 33.285945559236019 ], [ -90.145625379861343, 33.285784813341316 ], [ -90.145495755650686, 33.285623190633864 ], [ -90.145547058551784, 33.285500255773208 ], [ -90.145775932534107, 33.285417965112003 ], [ -90.145452691045421, 33.285235803953547 ], [ -90.145389188901447, 33.285281149051841 ], [ -90.145124869700183, 33.285218689733028 ], [ -90.145024846833607, 33.285027367560978 ], [ -90.145342979404404, 33.284430030827892 ], [ -90.145111350581274, 33.283681157030536 ], [ -90.144896090778914, 33.283074637501933 ], [ -90.144649498436024, 33.282547028083897 ], [ -90.14491375937213, 33.282008525608425 ], [ -90.144355115359133, 33.281571945499763 ], [ -90.144138460323603, 33.281478833688453 ], [ -90.143309819681576, 33.28090336490957 ], [ -90.143116062637773, 33.280528483861666 ], [ -90.142953215194225, 33.279959751293198 ], [ -90.142807970852601, 33.279464983647017 ], [ -90.142825592566965, 33.279027138127013 ], [ -90.142346651290637, 33.27858020753726 ], [ -90.142362934472828, 33.278217841238515 ], [ -90.142155408451046, 33.277892972437002 ], [ -90.142412643292019, 33.277619189584605 ], [ -90.142544997847295, 33.27747663676422 ], [ -90.142493926358952, 33.277082094769398 ], [ -90.141857544192405, 33.276801612598213 ], [ -90.141910296799139, 33.276093162206777 ], [ -90.141947128151557, 33.275851375759885 ], [ -90.141734165777791, 33.275516295269718 ], [ -90.141281175042636, 33.274439692667613 ], [ -90.141221718128463, 33.274215324403357 ], [ -90.140927879165616, 33.273443736362772 ], [ -90.140735715316595, 33.272973160949761 ], [ -90.140578633411877, 33.272496931584435 ], [ -90.140615661192001, 33.27235021123532 ], [ -90.140634112662255, 33.272165652424427 ], [ -90.140544031893427, 33.271950356439014 ], [ -90.140264815395483, 33.271712257349151 ], [ -90.139958847580786, 33.271408234516691 ], [ -90.14022311664516, 33.270801405064823 ], [ -90.140069235992044, 33.270296209814866 ], [ -90.139503098019432, 33.270173991709832 ], [ -90.139073991338819, 33.270052713130553 ], [ -90.138944891066856, 33.269689284373598 ], [ -90.138790618981403, 33.269445516672974 ], [ -90.138496721720273, 33.268979656955132 ], [ -90.138668236806353, 33.26822230138373 ], [ -90.138627559301852, 33.267539649478842 ], [ -90.138125675301666, 33.266447603079548 ], [ -90.137444426361768, 33.265119073016187 ], [ -90.137373245291258, 33.264206477553891 ], [ -90.136696337170733, 33.263742275773481 ], [ -90.134276595018491, 33.261732046066278 ], [ -90.134327656130466, 33.261477506749834 ], [ -90.134955546698265, 33.259177892934147 ], [ -90.135059322951562, 33.258744092944191 ], [ -90.135130909305317, 33.258294455528798 ], [ -90.134905511307252, 33.258061220772127 ], [ -90.134507426084497, 33.257843256911343 ], [ -90.133959123236082, 33.256702114051393 ], [ -90.134076756989884, 33.256274698586573 ], [ -90.13386326747856, 33.256002344432481 ], [ -90.133804698587809, 33.255714873320727 ], [ -90.133942738661929, 33.255134208348835 ], [ -90.134098380009206, 33.255060602938705 ], [ -90.134333984565458, 33.254869787152757 ], [ -90.134671344420937, 33.254034017891051 ], [ -90.135648697166502, 33.253102989436705 ], [ -90.136650960874292, 33.25132052528965 ], [ -90.137013289887875, 33.250668697608681 ], [ -90.137244019206094, 33.249041434424456 ], [ -90.137626904228725, 33.248765222996596 ], [ -90.137717236593303, 33.248218640606012 ], [ -90.137938165860078, 33.248089493185482 ], [ -90.138124112016243, 33.247973451288836 ], [ -90.138391378847217, 33.247724658117711 ], [ -90.138424018349497, 33.247384040620233 ], [ -90.138840048886536, 33.247139317643956 ], [ -90.139333202118735, 33.247455781607549 ], [ -90.139222298220147, 33.2469719623872 ], [ -90.139501306596117, 33.246668788745076 ], [ -90.139921147907131, 33.24634693162443 ], [ -90.140122514862, 33.245977708016881 ], [ -90.140440004544246, 33.245826896702994 ], [ -90.140149895033687, 33.245311201743938 ], [ -90.138852877687867, 33.245083044405149 ], [ -90.138501267029568, 33.24424176748181 ], [ -90.13815563382559, 33.244035362689601 ], [ -90.137987077234342, 33.243780209304916 ], [ -90.13819033531, 33.243408601497023 ], [ -90.138586923091538, 33.242706731344327 ], [ -90.139458754549551, 33.242495279815884 ], [ -90.140244587991987, 33.242568504120577 ], [ -90.140244714291939, 33.242124418771105 ], [ -90.140378457374212, 33.241959588527521 ], [ -90.140818183714273, 33.241545457726524 ], [ -90.140888612495417, 33.241567508011762 ], [ -90.14071947307815, 33.240972519301074 ], [ -90.140542068053946, 33.240247283779965 ], [ -90.140560795758844, 33.239791734617498 ], [ -90.140248847983784, 33.239336989976636 ], [ -90.140028293194234, 33.238999011333441 ], [ -90.140142940663694, 33.2385448256125 ], [ -90.140377420046661, 33.238474539157124 ], [ -90.140736340462979, 33.237746609980363 ], [ -90.140928502495242, 33.237443240807544 ], [ -90.141013951502686, 33.237039346124746 ], [ -90.140999095308274, 33.236638474228194 ], [ -90.140617465245057, 33.236088645490788 ], [ -90.139688126955079, 33.235143289224432 ], [ -90.139405468209972, 33.234720542935314 ], [ -90.139599399094152, 33.234491045064608 ], [ -90.139775636312422, 33.234160257766575 ], [ -90.1397455895262, 33.233561386694547 ], [ -90.139831835805452, 33.2332415977815 ], [ -90.139872452829735, 33.232581077766461 ], [ -90.139955194636386, 33.231748196285949 ], [ -90.140154412851302, 33.23134125717381 ], [ -90.140365778708485, 33.231204875261923 ], [ -90.140418943565763, 33.230964620082439 ], [ -90.140467760785555, 33.230745424900974 ], [ -90.140727962121588, 33.230788898891404 ], [ -90.140823961375304, 33.230889586512589 ], [ -90.141123113939699, 33.231044659843356 ], [ -90.141290876575013, 33.230491385788156 ], [ -90.142020122740291, 33.229176912396746 ], [ -90.142261425882367, 33.228919683821466 ], [ -90.142355136480575, 33.227749317706419 ], [ -90.142976452377525, 33.227074533582375 ], [ -90.143105279259132, 33.22619647238929 ], [ -90.143438000525478, 33.22555231609828 ], [ -90.144480354652075, 33.225215832137479 ], [ -90.144668029832047, 33.225081422348453 ], [ -90.144991040774471, 33.224926979246106 ], [ -90.145353218678892, 33.224369455956435 ], [ -90.145654901182411, 33.224297632236159 ], [ -90.145982411133673, 33.224309777493765 ], [ -90.147363843032906, 33.223444001316139 ], [ -90.147829750757822, 33.22302089201083 ], [ -90.148254638827794, 33.222619479190158 ], [ -90.148626260489664, 33.222312116968389 ], [ -90.148857087564991, 33.221979493572988 ], [ -90.149130534882929, 33.221464597462109 ], [ -90.149335241201769, 33.221235987499512 ], [ -90.149532226220373, 33.221033585955311 ], [ -90.149425253214901, 33.220574797845828 ], [ -90.149692438895499, 33.220132887657947 ], [ -90.150097029866387, 33.219463705629146 ], [ -90.150586119858986, 33.218749361503406 ], [ -90.151557474876554, 33.217123166077485 ], [ -90.151364665034407, 33.216575914089702 ], [ -90.151463832115823, 33.216075511958024 ], [ -90.151578492408177, 33.21585293555264 ], [ -90.151476847810201, 33.215393701451283 ], [ -90.151527161901441, 33.21506745044784 ], [ -90.151766344525299, 33.214863654271539 ], [ -90.152163648238073, 33.214706958973565 ], [ -90.152263033967998, 33.214917420436429 ], [ -90.153192434476736, 33.213756044535394 ], [ -90.153496861147687, 33.213041947505083 ], [ -90.153541905682758, 33.212775018363516 ], [ -90.153815344047757, 33.212725852021855 ], [ -90.153926752014797, 33.212558442611446 ], [ -90.153959631005549, 33.212415042964054 ], [ -90.154373632318823, 33.212401790305201 ], [ -90.154553033509799, 33.211586236696945 ], [ -90.154751081217256, 33.211512997119371 ], [ -90.15505718645133, 33.211472946165991 ], [ -90.155191953748783, 33.211442940857133 ], [ -90.155850087932379, 33.210985987709137 ], [ -90.156375540607456, 33.210715220435503 ], [ -90.156626588472022, 33.210480804958522 ], [ -90.156624436651043, 33.210152580127698 ], [ -90.156714130814407, 33.209194453821013 ], [ -90.156935590213422, 33.208408001246788 ], [ -90.156850747661338, 33.207949626198776 ], [ -90.156894780897105, 33.207719178984334 ], [ -90.157249537780601, 33.207334336764163 ], [ -90.157656912567589, 33.207369686456822 ], [ -90.157897994838819, 33.207208895330346 ], [ -90.158192526958203, 33.206863540992671 ], [ -90.158160736310137, 33.206459309874873 ], [ -90.158334335923684, 33.205876855919406 ], [ -90.158453734689317, 33.205731132718903 ], [ -90.158618010248858, 33.205562515839553 ], [ -90.158749569783552, 33.205298936510765 ], [ -90.159012023511863, 33.205236073119003 ], [ -90.159388077927701, 33.205264142470803 ], [ -90.159754657091113, 33.205177861447808 ], [ -90.160139932035619, 33.205055642778092 ], [ -90.16052493219388, 33.204836215332108 ], [ -90.16086616749142, 33.204613133741788 ], [ -90.161910840553077, 33.204373101174902 ], [ -90.16246455474294, 33.204285366016116 ], [ -90.163248155643899, 33.20443850789605 ], [ -90.163727122653484, 33.204214287272926 ], [ -90.164203475222564, 33.204031078895305 ], [ -90.164928538753941, 33.203549111319305 ], [ -90.165535508725057, 33.20353005627905 ], [ -90.16604752776739, 33.203439468057063 ], [ -90.166680515133308, 33.203452949289868 ], [ -90.16775132959161, 33.203200009028201 ], [ -90.168213154125624, 33.202592153238633 ], [ -90.168531324313847, 33.202674351973627 ], [ -90.169023512975457, 33.202652264956612 ], [ -90.169172659267232, 33.202372899203084 ], [ -90.169500788143566, 33.20237543618434 ], [ -90.169733781046531, 33.202184766877117 ], [ -90.169776898901574, 33.202101831760935 ], [ -90.169683329378628, 33.201884585135467 ], [ -90.169664379792991, 33.201802743043061 ], [ -90.170089126502432, 33.20164348459501 ], [ -90.170318913426939, 33.201672222517033 ], [ -90.170696118915643, 33.201797152794995 ], [ -90.171095908700281, 33.201931745879889 ], [ -90.171327389555699, 33.201911616686743 ], [ -90.171875890661639, 33.201787035349376 ], [ -90.17238546687021, 33.201755178513672 ], [ -90.172653621059766, 33.201672710809412 ], [ -90.172987671298387, 33.201326495439709 ], [ -90.173068986378013, 33.201149021223529 ], [ -90.173643401857078, 33.201182537929661 ], [ -90.173865844281522, 33.201371227910052 ], [ -90.174476748218424, 33.201480735179139 ], [ -90.174824484355611, 33.201420406192447 ], [ -90.175272430121169, 33.201282529497036 ], [ -90.175930403982292, 33.201264243932151 ], [ -90.177147182786769, 33.201267756729862 ], [ -90.177591537071109, 33.20128850823501 ], [ -90.177893875560699, 33.201122281381764 ], [ -90.178003490790104, 33.200778486077816 ], [ -90.178299157684251, 33.200609547233348 ], [ -90.178349415619621, 33.201109995191665 ], [ -90.178476139798562, 33.201266490727804 ], [ -90.178870119849719, 33.201274480804017 ], [ -90.17914476820313, 33.201216804334244 ], [ -90.179530719166294, 33.201023967677486 ], [ -90.180022134707286, 33.200879062127576 ], [ -90.181120119247652, 33.201420177191075 ], [ -90.181633518243729, 33.201385636226746 ], [ -90.181784387398778, 33.201189347538296 ], [ -90.181754537054076, 33.200939526664563 ], [ -90.182053128276792, 33.200820985580435 ], [ -90.182355586676366, 33.200855523849896 ], [ -90.1825123967824, 33.201050435409684 ], [ -90.182813359174418, 33.201281764586099 ], [ -90.183104319461023, 33.201333097156599 ], [ -90.183660447493963, 33.201324840858561 ], [ -90.183986496312116, 33.201309140192464 ], [ -90.184399775934168, 33.201408900091074 ], [ -90.184781944306806, 33.201437906971911 ], [ -90.185027192608629, 33.201318065332721 ], [ -90.185544561439414, 33.201484478512384 ], [ -90.186112035100464, 33.201658401909995 ], [ -90.186420877229082, 33.201722340363645 ], [ -90.186987305505681, 33.201742856423067 ], [ -90.18761798803645, 33.201563961325462 ], [ -90.187949999921557, 33.201513790184023 ], [ -90.188598129892341, 33.201394192341851 ], [ -90.189184242761939, 33.20110117670712 ], [ -90.189770898954109, 33.200818117819331 ], [ -90.190520752483224, 33.200376982843565 ], [ -90.190729237279726, 33.200088900273904 ], [ -90.190806351548389, 33.199701209724175 ], [ -90.190833781062196, 33.199146761737353 ], [ -90.190979533989946, 33.198776035809828 ], [ -90.191379168179125, 33.198049296797116 ], [ -90.19129182954336, 33.197749736573471 ], [ -90.19169747002536, 33.197515294119995 ], [ -90.19158619782759, 33.197160601456794 ], [ -90.191756902965963, 33.196990492349613 ], [ -90.191895291478801, 33.196986168748978 ], [ -90.192076257421832, 33.196758051779177 ], [ -90.192189464592531, 33.196582184630508 ], [ -90.192400692915314, 33.196592909994557 ], [ -90.192512966479413, 33.196736950575854 ], [ -90.192557108111529, 33.196915131775725 ], [ -90.19265644213813, 33.196802763752643 ], [ -90.192819173148749, 33.196448117640479 ], [ -90.192784965460504, 33.196075126139391 ], [ -90.191519853399186, 33.19367435869848 ], [ -90.189773642640361, 33.19143288576705 ], [ -90.18980242445059, 33.189028018476073 ], [ -90.189894654636362, 33.186946259170384 ], [ -90.189909237476797, 33.186693268365453 ], [ -90.189952956421109, 33.185934798740398 ], [ -90.189839626727931, 33.185179508857274 ], [ -90.189773502081621, 33.184835968541137 ], [ -90.189755905427091, 33.184451617139942 ], [ -90.189879354264065, 33.184298972452773 ], [ -90.190280125837319, 33.183900758113268 ], [ -90.190336028293117, 33.183759934497793 ], [ -90.190650878005158, 33.183245969988889 ], [ -90.191178434920943, 33.182727910821662 ], [ -90.191245350534302, 33.182058040819264 ], [ -90.191924551335219, 33.181749519683997 ], [ -90.191772388490364, 33.18133527540494 ], [ -90.19183450548671, 33.180426074703895 ], [ -90.191904742828712, 33.180131317202267 ], [ -90.192175034382032, 33.179690995324179 ], [ -90.19291659815454, 33.178249090480328 ], [ -90.192895000538641, 33.177715902490114 ], [ -90.192789302650553, 33.177439522674675 ], [ -90.193034752256068, 33.177014253593029 ], [ -90.192943633901905, 33.176551672284894 ], [ -90.192969960690405, 33.176206085030898 ], [ -90.193172497594546, 33.175971608084723 ], [ -90.193309705551073, 33.175716076800342 ], [ -90.193474952543085, 33.175558455337558 ], [ -90.193445413957178, 33.175086585050302 ], [ -90.192956952032091, 33.175165005275446 ], [ -90.192592585411475, 33.174771551386968 ], [ -90.192481339941438, 33.174196560597551 ], [ -90.191947409496933, 33.174019390012347 ], [ -90.191770956782008, 33.173885561983425 ], [ -90.192034987777731, 33.173842926371016 ], [ -90.192528150968641, 33.173561488897228 ], [ -90.192763764213709, 33.173333303493365 ], [ -90.192875798641992, 33.172824989716425 ], [ -90.192883189379955, 33.172333354162959 ], [ -90.19271684239024, 33.171908806573946 ], [ -90.192452429709334, 33.171620460303657 ], [ -90.192470535399934, 33.170261695069712 ], [ -90.192555712906525, 33.168734998257698 ], [ -90.192370893356568, 33.168349593914968 ], [ -90.192434497660756, 33.167956233547052 ], [ -90.192302804562857, 33.16751676982414 ], [ -90.192377836420249, 33.167200257157027 ], [ -90.192500403286573, 33.166795347157638 ], [ -90.192465873281307, 33.166307253466691 ], [ -90.19253992985125, 33.165980758128327 ], [ -90.192787970214724, 33.165583639684712 ], [ -90.19304188623903, 33.165370571295774 ], [ -90.193039748409419, 33.164944426985997 ], [ -90.192863605691059, 33.164389189072402 ], [ -90.193141873551667, 33.164184806653388 ], [ -90.193230558898676, 33.163691618265503 ], [ -90.193446131422689, 33.163276885404677 ], [ -90.193850597655398, 33.163038470967713 ], [ -90.194029728684342, 33.162462964685581 ], [ -90.194138674913987, 33.161984638366263 ], [ -90.194482718799776, 33.161464330854038 ], [ -90.194755447572703, 33.161149340225187 ], [ -90.19508481033958, 33.160950030679309 ], [ -90.195423946963317, 33.160676012452086 ], [ -90.195637501790429, 33.160160781827663 ], [ -90.195727434759206, 33.159711285507818 ], [ -90.195972092517522, 33.159481422179255 ], [ -90.196483781178657, 33.15915585595517 ], [ -90.196872134412061, 33.158842827709378 ], [ -90.197410912303283, 33.158381349468229 ], [ -90.197587601290905, 33.158009685277932 ], [ -90.197731595093956, 33.157475665303821 ], [ -90.197741979973031, 33.157125712029043 ], [ -90.197953178206333, 33.156955515546045 ], [ -90.198068380143894, 33.156870549804857 ], [ -90.198138583184601, 33.156549528115299 ], [ -90.198211104227028, 33.156295669322752 ], [ -90.198360734358104, 33.155667573348794 ], [ -90.198565119684801, 33.15495144261903 ], [ -90.198397489192729, 33.15427744565195 ], [ -90.198249366201964, 33.153672192876961 ], [ -90.198219581087045, 33.152756518042786 ], [ -90.198515474502017, 33.152192955677002 ], [ -90.198314268771838, 33.151655954803005 ], [ -90.198189164318251, 33.151118204093088 ], [ -90.197941518082786, 33.150303920123065 ], [ -90.197673992705944, 33.149820663079254 ], [ -90.197320451010285, 33.148817243851326 ], [ -90.19702229801841, 33.148190177293337 ], [ -90.197681926542671, 33.147005833925498 ], [ -90.198078387894739, 33.146390260448797 ], [ -90.198016552054014, 33.145083085327336 ], [ -90.189954398025236, 33.143188218081043 ], [ -90.191592015846851, 33.138700536612561 ], [ -90.191415312444434, 33.138423365797792 ], [ -90.190670781813893, 33.137919381946624 ], [ -90.19070701141527, 33.137427767466882 ], [ -90.191210201775036, 33.136778256801016 ], [ -90.19113645773227, 33.135106828687114 ], [ -90.191298714453609, 33.134652481480977 ], [ -90.191076858521711, 33.133892680041008 ], [ -90.190431404762592, 33.13374883138227 ], [ -90.189249486312136, 33.132631578520403 ], [ -90.189590231783583, 33.131809915292983 ], [ -90.189968911732493, 33.131122501957535 ], [ -90.190800394072369, 33.130315141477226 ], [ -90.192017340892789, 33.129716096114436 ], [ -90.19242977664878, 33.129393302374716 ], [ -90.192943846819162, 33.129157620162196 ], [ -90.193466427924946, 33.128991899813599 ], [ -90.19331147897735, 33.12879068553741 ], [ -90.192943551551437, 33.126363918025334 ], [ -90.191821128430135, 33.125274886889549 ], [ -90.19108836296364, 33.124444757453759 ], [ -90.190376192366017, 33.124111973114658 ], [ -90.188947667114974, 33.124210323331148 ], [ -90.186171093712048, 33.1247981056407 ], [ -90.179976499183155, 33.124293659777763 ], [ -90.17831665841166, 33.123082385585612 ], [ -90.174148580441553, 33.121197239153133 ], [ -90.17442235762806, 33.119855369217092 ], [ -90.174935659983333, 33.117744208053722 ], [ -90.175554189701714, 33.116143053919146 ], [ -90.178483791323799, 33.114895901863513 ], [ -90.180808758905656, 33.115980014800328 ], [ -90.184586878222561, 33.116631097260303 ], [ -90.186257937055117, 33.117689608360273 ], [ -90.188434917593213, 33.118817571534336 ], [ -90.189468975048655, 33.118889567281578 ], [ -90.190331848799659, 33.118290662329493 ], [ -90.190671114539697, 33.117565790656677 ], [ -90.190724090957346, 33.116506613624225 ], [ -90.190848512163157, 33.114055510526065 ], [ -90.191427690961774, 33.112807107053293 ], [ -90.191445706398227, 33.112153841227403 ], [ -90.191750629378348, 33.111956132157133 ], [ -90.191851969287072, 33.111664348098415 ], [ -90.191843758687355, 33.110564165360628 ], [ -90.192368253219072, 33.108683621040583 ], [ -90.193600205051638, 33.107020671626238 ], [ -90.194324003656448, 33.10623369549829 ], [ -90.194316212481013, 33.105982835367094 ], [ -90.194222888113941, 33.105623681733064 ], [ -90.194379316991146, 33.105380812935472 ], [ -90.194728897860386, 33.105086385710273 ], [ -90.19506833016807, 33.104929800270185 ], [ -90.195419259181591, 33.104616991665132 ], [ -90.196128545680949, 33.103298535897224 ], [ -90.196575869257586, 33.101753905064768 ], [ -90.19675067884954, 33.100303628799971 ], [ -90.19707616020365, 33.099448500423755 ], [ -90.197450119585866, 33.098886033612764 ], [ -90.197818994465877, 33.0988888077379 ], [ -90.198085255903166, 33.098675990901569 ], [ -90.198461690362237, 33.098427971135386 ], [ -90.198772693528042, 33.098236582753813 ], [ -90.199032206496312, 33.097996458597358 ], [ -90.199859922027997, 33.097801066909689 ], [ -90.20009689594292, 33.097528248012594 ], [ -90.200515978362176, 33.097735131776204 ], [ -90.201821284720722, 33.096332661055726 ], [ -90.202306709982295, 33.09604191324199 ], [ -90.202645791016678, 33.095523423991573 ], [ -90.20292846364282, 33.094926751787398 ], [ -90.203512737095011, 33.094458293441747 ], [ -90.203569104109803, 33.093938703043229 ], [ -90.203856940148313, 33.093832689060918 ], [ -90.203832748832426, 33.093644852622774 ], [ -90.203713492512364, 33.093339020058693 ], [ -90.203265590713229, 33.093038148428953 ], [ -90.203461767948383, 33.092445350681452 ], [ -90.203703683503335, 33.092130530162166 ], [ -90.203859828010948, 33.092033087770126 ], [ -90.204226687744892, 33.09185658156332 ], [ -90.204826026999243, 33.091830586047358 ], [ -90.204471735774874, 33.091496152950945 ], [ -90.204770579726627, 33.091106524124037 ], [ -90.205135180786272, 33.091056553597006 ], [ -90.206230649216295, 33.090538113019306 ], [ -90.207752470518443, 33.090032417209137 ], [ -90.207831222695077, 33.089942397060931 ], [ -90.208168953057225, 33.089746662715697 ], [ -90.2082819097852, 33.089551236143784 ], [ -90.208605664710888, 33.089255101209091 ], [ -90.208573811891867, 33.088994148425314 ], [ -90.208436721528017, 33.088933980745949 ], [ -90.208724941069676, 33.088639236215627 ], [ -90.209003335782882, 33.088335833009111 ], [ -90.20901492478832, 33.088276819091988 ], [ -90.209173280260231, 33.088175224456371 ], [ -90.2094151013859, 33.088169392652702 ], [ -90.209606440464682, 33.088098206299932 ], [ -90.209710334225804, 33.088098861876006 ], [ -90.210073889017082, 33.088126872832625 ], [ -90.21039245393213, 33.088084485817838 ], [ -90.210535242421159, 33.088003031691365 ], [ -90.210723474368464, 33.087889823026984 ], [ -90.211188631174949, 33.087827547514344 ], [ -90.211291135568757, 33.08776569155583 ], [ -90.211619372348309, 33.087591461878837 ], [ -90.211808042769448, 33.087457696991791 ], [ -90.212163722865043, 33.087380644890622 ], [ -90.212670973603053, 33.087521297143482 ], [ -90.212860784029402, 33.08757561688963 ], [ -90.213212305493542, 33.087636711386672 ], [ -90.213685113463185, 33.087545722375786 ], [ -90.214030261478939, 33.087350347098663 ], [ -90.214536691276521, 33.087118085539309 ], [ -90.215380477438188, 33.086750004120191 ], [ -90.215544683214745, 33.086542266137407 ], [ -90.215736058019218, 33.08631036051095 ], [ -90.215912841308892, 33.086163924812908 ], [ -90.218479662108066, 33.084446610200089 ], [ -90.218795947159464, 33.084347676493103 ], [ -90.219009561185501, 33.08399555946761 ], [ -90.219180359546854, 33.08379666442292 ], [ -90.219540005055421, 33.083499123119473 ], [ -90.219899487046035, 33.083256207215769 ], [ -90.220349170500342, 33.083194886417239 ], [ -90.220740333143439, 33.083078805654544 ], [ -90.221234048369112, 33.082865029515176 ], [ -90.221382648960656, 33.082310591213144 ], [ -90.221661668752702, 33.082105461277528 ], [ -90.221899554487479, 33.081835454749687 ], [ -90.221601970200808, 33.081635560796919 ], [ -90.221565812544114, 33.081491112827621 ], [ -90.221242458773105, 33.081267208312433 ], [ -90.221201920671561, 33.081083513481474 ], [ -90.221510149375533, 33.081018577834158 ], [ -90.221777963182774, 33.080861484212001 ], [ -90.22233801799409, 33.081000510844646 ], [ -90.222738328486813, 33.080989544150547 ], [ -90.223049337228304, 33.081055655916842 ], [ -90.223464054642221, 33.080897475649465 ], [ -90.224545081393515, 33.081041912295049 ], [ -90.224717392774977, 33.080798739192012 ], [ -90.224748355879356, 33.080652720121925 ], [ -90.224866833799823, 33.080360703754657 ], [ -90.225093478201828, 33.08029943758703 ], [ -90.225736189958681, 33.080175129829534 ], [ -90.22632448009756, 33.079907932092333 ], [ -90.22716050757613, 33.078629029149248 ], [ -90.227471081921323, 33.07840348467294 ], [ -90.227689539808921, 33.078095232929961 ], [ -90.227845423726066, 33.077726344487679 ], [ -90.227648755819828, 33.077322605096619 ], [ -90.227446923505397, 33.07661030604131 ], [ -90.227258728877516, 33.075793327355619 ], [ -90.227401436481699, 33.075493662678113 ], [ -90.227443125275073, 33.074766354783989 ], [ -90.226615468987035, 33.072154872977748 ], [ -90.226349966715162, 33.071788090813094 ], [ -90.226269437474443, 33.071395538705019 ], [ -90.227073698358396, 33.070167525074879 ], [ -90.227365316864208, 33.070151049098314 ], [ -90.227662669070511, 33.070237037936295 ], [ -90.227948484419869, 33.070215300207309 ], [ -90.228364772559289, 33.070025962022626 ], [ -90.229024755991233, 33.069853907050813 ], [ -90.229348593015629, 33.069688629328098 ], [ -90.229695825050669, 33.069360981075917 ], [ -90.230089612400207, 33.068711773264837 ], [ -90.230249696604332, 33.067762674590185 ], [ -90.23032597288713, 33.067253520997511 ], [ -90.230319011640574, 33.066735903238872 ], [ -90.230403135057202, 33.066425821175905 ], [ -90.230816087376439, 33.066138741741348 ], [ -90.230976950284258, 33.065806283294094 ], [ -90.231385646366689, 33.065673670054252 ], [ -90.231671418282929, 33.065588061485535 ], [ -90.231960505343011, 33.065281947644067 ], [ -90.231929117555538, 33.064572933528709 ], [ -90.232005481014326, 33.064304676331197 ], [ -90.232091620355803, 33.064048620603877 ], [ -90.232298688117936, 33.063746521647317 ], [ -90.232713061203611, 33.063501016187196 ], [ -90.232550599332896, 33.063186989302466 ], [ -90.232757109018337, 33.06250418272289 ], [ -90.232984323259743, 33.062043094230873 ], [ -90.233272575090609, 33.06180363277204 ], [ -90.233167419492418, 33.061525849949774 ], [ -90.232817225266501, 33.061033463557102 ], [ -90.234553290345659, 33.059261038770593 ], [ -90.234653050406664, 33.059057820572377 ], [ -90.234370547505677, 33.058196689910801 ], [ -90.234299080850917, 33.057805304007921 ], [ -90.234063647855663, 33.057430116008106 ], [ -90.234184746564154, 33.057267711110541 ], [ -90.234313352696077, 33.057315006685187 ], [ -90.234431849453543, 33.057380949743468 ], [ -90.235586348520286, 33.056959233583754 ], [ -90.23593526269832, 33.057124441218861 ], [ -90.23637475676145, 33.057194527396547 ], [ -90.236939281884602, 33.056943105869756 ], [ -90.237391823400003, 33.056729312033468 ], [ -90.237667378747702, 33.056283424864688 ], [ -90.238124520610469, 33.055518529220244 ], [ -90.237979428899337, 33.055229508487741 ], [ -90.237997175561517, 33.054895844471147 ], [ -90.238381050588558, 33.054815881521662 ], [ -90.238432780931291, 33.054349824753558 ], [ -90.238594874487958, 33.053973421541052 ], [ -90.239184370911701, 33.053624974719227 ], [ -90.239665402878714, 33.053464762996512 ], [ -90.240053719518059, 33.053183502146794 ], [ -90.240431248240668, 33.05250043596444 ], [ -90.240000427286319, 33.052425834439006 ], [ -90.239906623218289, 33.05220574740386 ], [ -90.239649414889456, 33.051912488799729 ], [ -90.239312411406786, 33.051818138741716 ], [ -90.239131552804039, 33.051437552285797 ], [ -90.238805525242825, 33.05118410156247 ], [ -90.238694024138667, 33.050811981469927 ], [ -90.238928803683109, 33.050637924306244 ], [ -90.239102745164217, 33.050744978592633 ], [ -90.239202067424671, 33.050386691976598 ], [ -90.239467172530041, 33.050036771868214 ], [ -90.239437689758844, 33.049499558718836 ], [ -90.239654380026451, 33.049047145052675 ], [ -90.239948209024334, 33.048642616950751 ], [ -90.240058919429714, 33.048271421620655 ], [ -90.240235180135002, 33.047908146069062 ], [ -90.240445418265438, 33.047558647371652 ], [ -90.240641211610594, 33.047322305630196 ], [ -90.240757227317232, 33.04698650066706 ], [ -90.24183939769344, 33.046977593210478 ], [ -90.242244602021316, 33.046180607601912 ], [ -90.242233657192656, 33.044950365328766 ], [ -90.242172220411561, 33.044602413085379 ], [ -90.241931314397647, 33.044237956010313 ], [ -90.241570333120947, 33.044037028437636 ], [ -90.240967189714524, 33.043658549544112 ], [ -90.241035988279165, 33.043051785654249 ], [ -90.240826289483948, 33.042595944998354 ], [ -90.240611425565518, 33.042169999916418 ], [ -90.240244863569657, 33.041583839167188 ], [ -90.240065803300567, 33.041044392437634 ], [ -90.239683047513083, 33.039148590032575 ], [ -90.239592504662269, 33.038550809873023 ], [ -90.239432801880469, 33.037746242687582 ], [ -90.238547345595549, 33.037908033224298 ], [ -90.238584031268815, 33.037405371582615 ], [ -90.237975116915791, 33.036770773325344 ], [ -90.238325424507522, 33.036018560396556 ], [ -90.238729072282027, 33.034608414080637 ], [ -90.238632049784499, 33.034251560874452 ], [ -90.238635394409954, 33.033708895549232 ], [ -90.237757595764208, 33.032430955588886 ], [ -90.237740279898091, 33.031911371285119 ], [ -90.23787855260754, 33.031518854210624 ], [ -90.238374663860441, 33.030726455962409 ], [ -90.238480993189739, 33.030277686336206 ], [ -90.238779218936926, 33.030241652847096 ], [ -90.239099309894257, 33.030344383096242 ], [ -90.239439803458794, 33.03016749920554 ], [ -90.239719234537915, 33.030111355556876 ], [ -90.23995404229747, 33.030529448827345 ], [ -90.240187163108544, 33.030622818697097 ], [ -90.240544166837594, 33.030503177413003 ], [ -90.240806303095098, 33.030213412653623 ], [ -90.241240393364961, 33.029434547437177 ], [ -90.241667281327636, 33.028850809066839 ], [ -90.242254436989981, 33.028338664323194 ], [ -90.242683643677779, 33.028161634969791 ], [ -90.243255776297033, 33.027934337818088 ], [ -90.244482349935581, 33.027046778284564 ], [ -90.244916094482889, 33.026944831640918 ], [ -90.245266711847449, 33.026628651848107 ], [ -90.245572915241439, 33.026427313866542 ], [ -90.245826015225404, 33.026278645361401 ], [ -90.246114098924977, 33.025968888969729 ], [ -90.246120623843325, 33.025823751537949 ], [ -90.246427230117263, 33.025426584006645 ], [ -90.247503895059992, 33.02439732010432 ], [ -90.247895146220912, 33.024430526661241 ], [ -90.248259819442168, 33.02451241841991 ], [ -90.248471915394802, 33.024519561666324 ], [ -90.248629320466534, 33.024463632437637 ], [ -90.248992079345129, 33.024393217678309 ], [ -90.249182175939723, 33.024187082552658 ], [ -90.249380848622394, 33.024015439788201 ], [ -90.249508476815947, 33.02384128059807 ], [ -90.250603509294152, 33.024319024873684 ], [ -90.251018721021282, 33.024526923213337 ], [ -90.251333908324966, 33.024567993707976 ], [ -90.251738985465295, 33.02459585201143 ], [ -90.25182502657556, 33.024617926317198 ], [ -90.252184624708363, 33.024593820537305 ], [ -90.252916009636493, 33.024466035752305 ], [ -90.253498340604793, 33.024546100533556 ], [ -90.254841597781223, 33.024109933080133 ], [ -90.25510803654069, 33.023997395883107 ], [ -90.255727669479697, 33.023626254081329 ], [ -90.255843818888778, 33.023600879392717 ], [ -90.256283938762266, 33.023636517436891 ], [ -90.256549425241843, 33.02339336441289 ], [ -90.256630849963997, 33.023083114374636 ], [ -90.256908729403463, 33.022692989347391 ], [ -90.257069856463801, 33.021609392735186 ], [ -90.257094621444622, 33.0213158036306 ], [ -90.257385414852635, 33.020777312333443 ], [ -90.257704638697135, 33.020756834664375 ], [ -90.25832003496798, 33.020516740316275 ], [ -90.258756258541098, 33.02034177952018 ], [ -90.258645279961698, 33.01983273883085 ], [ -90.259517708727799, 33.020086008011525 ], [ -90.261376829215934, 33.018180918180697 ], [ -90.261809075118066, 33.017988008134054 ], [ -90.262267678343861, 33.017451912126241 ], [ -90.262442493434335, 33.017088846401556 ], [ -90.26253538366413, 33.01689592524616 ], [ -90.262462464040468, 33.016408669178894 ], [ -90.262887216368895, 33.015545872806115 ], [ -90.2631553822537, 33.01528864664153 ], [ -90.263632253452144, 33.014923411153212 ], [ -90.263895406986975, 33.014391672086823 ], [ -90.26313326077333, 33.01366184730886 ], [ -90.26276175637031, 33.013131544962839 ], [ -90.263053862774342, 33.012776533381228 ], [ -90.264299564222526, 33.012109346508517 ], [ -90.264499302455448, 33.012007271770969 ], [ -90.264764106570141, 33.011675719167087 ], [ -90.265100153025472, 33.011314396071647 ], [ -90.265483889637039, 33.01099804516889 ], [ -90.265635835827553, 33.010664365339544 ], [ -90.265757387151737, 33.010599515113682 ], [ -90.266148975258346, 33.010462730636718 ], [ -90.266729976122519, 33.01073603322989 ], [ -90.26751600023735, 33.010434925187212 ], [ -90.267794237979217, 33.010267603412863 ], [ -90.26800609395741, 33.01003662966361 ], [ -90.268222408936509, 33.00960612714934 ], [ -90.268464793478898, 33.009395135939187 ], [ -90.268762137810441, 33.009393399006711 ], [ -90.269198801286421, 33.009299316119147 ], [ -90.269493619853392, 33.009199662038007 ], [ -90.269958919602402, 33.008917060406034 ], [ -90.27049912165468, 33.008747633670104 ], [ -90.271175802769719, 33.008416173506006 ], [ -90.271799391225613, 33.008131715513208 ], [ -90.272020349567569, 33.008018985124707 ], [ -90.272271091941562, 33.007801309737438 ], [ -90.272692310487031, 33.007520168381788 ], [ -90.272903405330638, 33.007331723483532 ], [ -90.273083184466955, 33.007210537314094 ], [ -90.273414981687964, 33.006942289324435 ], [ -90.273600560827163, 33.006826360716872 ], [ -90.273793097561182, 33.00667033382252 ], [ -90.274324868827549, 33.006443343539686 ], [ -90.274663086000956, 33.006277596734158 ], [ -90.275002515047234, 33.006139229406088 ], [ -90.275488553950211, 33.005869491466825 ], [ -90.276075639283505, 33.005670459885366 ], [ -90.27653717233072, 33.005524022913015 ], [ -90.276722897268385, 33.005405967891157 ], [ -90.277201424098436, 33.005180905638028 ], [ -90.277955433285882, 33.004967176742149 ], [ -90.278237259357496, 33.004896870700719 ], [ -90.278496997430892, 33.004657635557301 ], [ -90.27863766540402, 33.004590537649982 ], [ -90.278965564580119, 33.004614079174061 ], [ -90.279218036299611, 33.004657608662235 ], [ -90.279614094562405, 33.004673212884491 ], [ -90.280003070373326, 33.004621758175283 ], [ -90.280106201945657, 33.004428241461085 ], [ -90.280514377958411, 33.004300046594508 ], [ -90.2811132231286, 33.004020685063658 ], [ -90.281500475957372, 33.003804511769914 ], [ -90.281963562120978, 33.003562690113633 ], [ -90.282891223731824, 33.003131981204923 ], [ -90.28317124185395, 33.002859691378319 ], [ -90.283770524654642, 33.002456158123081 ], [ -90.284124338084666, 33.002327710142829 ], [ -90.284424629488342, 33.002161099270552 ], [ -90.284810525050489, 33.001851915270386 ], [ -90.285556284085501, 33.001400336883087 ], [ -90.286913880886203, 33.000336171922527 ], [ -90.287236181209607, 33.000212877462971 ], [ -90.287620455733745, 32.999854614412065 ], [ -90.287945309233976, 32.999657647278802 ], [ -90.28830483845222, 32.999367328937936 ], [ -90.289111597614237, 32.998623258899848 ], [ -90.289437379716304, 32.998324860904333 ], [ -90.289622910606312, 32.998188326033898 ], [ -90.289914255509203, 32.997785310162634 ], [ -90.290055527795431, 32.997458868855759 ], [ -90.290559499036902, 32.997381913859549 ], [ -90.290958059596605, 32.997129375878515 ], [ -90.291318646919223, 32.99677984912671 ], [ -90.29177097017957, 32.99635259822788 ], [ -90.291923008292741, 32.996269377752107 ], [ -90.29213570667406, 32.996045852729075 ], [ -90.292366697259808, 32.995870076529108 ], [ -90.292558291411993, 32.995628818914398 ], [ -90.292759477391101, 32.995493771952901 ], [ -90.293014178515591, 32.99514319896673 ], [ -90.293946359352475, 32.994612219751978 ], [ -90.294514283207846, 32.99421912536291 ], [ -90.295060528500741, 32.993822105438639 ], [ -90.295566028726853, 32.993363438240642 ], [ -90.295787010836932, 32.993054458372789 ], [ -90.296023590672192, 32.992889598437372 ], [ -90.296109657241189, 32.992403210233753 ], [ -90.296315868024735, 32.99210094126812 ], [ -90.296170614278722, 32.99155898848629 ], [ -90.296434540790401, 32.99095624828476 ], [ -90.296581821564331, 32.990398410935121 ], [ -90.297092487642317, 32.989534098343043 ], [ -90.297556736421598, 32.988987850624532 ], [ -90.297639610486215, 32.988704957371404 ], [ -90.297729988936183, 32.988099566676304 ], [ -90.297513620578229, 32.987072230775503 ], [ -90.297498242622837, 32.986446648802691 ], [ -90.298094303623841, 32.986043588665389 ], [ -90.298467546931775, 32.985742809443003 ], [ -90.298567408133607, 32.985067844106233 ], [ -90.297905175221871, 32.98448824042557 ], [ -90.297611462638656, 32.98417232301253 ], [ -90.297678648359366, 32.98371691666614 ], [ -90.297602934294318, 32.98323626932482 ], [ -90.297972663654534, 32.981506617281482 ], [ -90.297659546369388, 32.980966552956858 ], [ -90.296864996657945, 32.980730254255384 ], [ -90.29636380520823, 32.98064628901826 ], [ -90.295962425015276, 32.980576184400043 ], [ -90.295579302138663, 32.980273881657162 ], [ -90.295253246362677, 32.979990043896414 ], [ -90.294862488679371, 32.97944821410254 ], [ -90.294433868711323, 32.978585637286052 ], [ -90.294623153821291, 32.978439697609353 ], [ -90.294126366406061, 32.978175931333382 ], [ -90.293543413496721, 32.978070475436091 ], [ -90.296120749390553, 32.976166001239484 ], [ -90.296498882475717, 32.976253749119373 ], [ -90.296715139630905, 32.97645829298007 ], [ -90.297252999563241, 32.976456099152252 ], [ -90.297787540158566, 32.976718426008631 ], [ -90.298213027576878, 32.976870627883606 ], [ -90.298773996589787, 32.977174364767897 ], [ -90.298928484413793, 32.977363751810259 ], [ -90.299183897860487, 32.977613534720724 ], [ -90.299319998135047, 32.977913057348779 ], [ -90.299250681301572, 32.978197343013761 ], [ -90.299301700013544, 32.978417746927867 ], [ -90.299863252642908, 32.978326602904964 ], [ -90.301509507796979, 32.978065427850439 ], [ -90.302994587981942, 32.977497427596404 ], [ -90.303334595808579, 32.977129800506184 ], [ -90.303680292314652, 32.976712783152742 ], [ -90.303724236616532, 32.976443193978696 ], [ -90.304990852277342, 32.975602759896567 ], [ -90.30543520207101, 32.975440095808409 ], [ -90.30586450571279, 32.975172719292466 ], [ -90.306343140307007, 32.974939382572281 ], [ -90.306726901749158, 32.974665116280562 ], [ -90.307310526522201, 32.974494851804401 ], [ -90.307813552080731, 32.974387265212386 ], [ -90.308170979761471, 32.974235863205905 ], [ -90.308501166312936, 32.973906404863747 ], [ -90.309975992567615, 32.973845892911903 ], [ -90.31038241569685, 32.973706509019934 ], [ -90.31078216017697, 32.973553307710873 ], [ -90.311123776122486, 32.973354982503402 ], [ -90.311382474912506, 32.973171679327564 ], [ -90.311789706510467, 32.973020976990178 ], [ -90.312267028158487, 32.973060044780752 ], [ -90.312732636998774, 32.973096042666398 ], [ -90.313066479852907, 32.973278034999922 ], [ -90.313342225636788, 32.973296045261883 ], [ -90.315227686227004, 32.97373919480868 ], [ -90.315332584890072, 32.973746310291709 ], [ -90.315946506607915, 32.973787951852799 ], [ -90.316532735451631, 32.973828319606795 ], [ -90.317861596062286, 32.973732104900641 ], [ -90.319091370471924, 32.973285650793343 ], [ -90.32047689887041, 32.972625896537394 ], [ -90.320843889874837, 32.972462514112387 ], [ -90.321119708882776, 32.97238754953559 ], [ -90.321390227624448, 32.972273646235259 ], [ -90.32140823120973, 32.971447838939085 ], [ -90.322090043529442, 32.971069860390514 ], [ -90.322275994083199, 32.970762630592048 ], [ -90.322462804703619, 32.970624332344592 ], [ -90.322512043696165, 32.97040467370816 ], [ -90.322791483867292, 32.970418587867229 ], [ -90.323109917810598, 32.970542304713234 ], [ -90.323526271922177, 32.970293733823212 ], [ -90.323937625476944, 32.970099907901208 ], [ -90.324364592068491, 32.969991302256233 ], [ -90.324711951144181, 32.969860637345342 ], [ -90.324897267187211, 32.969648105776237 ], [ -90.325282150078721, 32.969526048249577 ], [ -90.325688810427351, 32.969441973389692 ], [ -90.32622188977976, 32.969152367180691 ], [ -90.32647159543113, 32.968903653486095 ], [ -90.326965422017381, 32.968679859169214 ], [ -90.327293781871091, 32.968496084375069 ], [ -90.327528183078869, 32.968445654839151 ], [ -90.327840458320765, 32.968479995444405 ], [ -90.32826679772765, 32.968394761822523 ], [ -90.328574404536425, 32.968268494580187 ], [ -90.330386912140042, 32.967360561667064 ], [ -90.330781455150529, 32.967308509070698 ], [ -90.331040793352457, 32.967201478619224 ], [ -90.331189645818668, 32.9670513445189 ], [ -90.331778490184632, 32.966815578246575 ], [ -90.332425360238958, 32.96666500915785 ], [ -90.332869705106731, 32.966405733091328 ], [ -90.333370137354365, 32.966199271057178 ], [ -90.333992870319548, 32.965817577474112 ], [ -90.334704644840656, 32.965566971953585 ], [ -90.335075402249984, 32.965287709695488 ], [ -90.336412007105892, 32.964578147008538 ], [ -90.336866335442664, 32.964327867147887 ], [ -90.337761431229794, 32.964016451577486 ], [ -90.338124983786713, 32.963995122895284 ], [ -90.338862432241456, 32.96391217265181 ], [ -90.339306894774637, 32.963558498883849 ], [ -90.341674385034594, 32.961746571921964 ], [ -90.344354962872814, 32.96030103567341 ], [ -90.34567214626513, 32.959291654002513 ], [ -90.346672498893426, 32.956878881300206 ], [ -90.346879208880381, 32.956407653398209 ], [ -90.347005795776269, 32.955269308643331 ], [ -90.347989946888745, 32.953710454465032 ], [ -90.348916274269016, 32.952959825758647 ], [ -90.349512403937808, 32.952250301941277 ], [ -90.351810716163897, 32.950617106480713 ], [ -90.352962488891436, 32.949763365826023 ], [ -90.353573257175498, 32.948848043851655 ], [ -90.354343487405941, 32.948754204854524 ], [ -90.354497202043817, 32.948129184928916 ], [ -90.355519215501261, 32.947564196953294 ], [ -90.356108000317732, 32.946956105760023 ], [ -90.35771254267685, 32.945869978825534 ], [ -90.358842241354708, 32.943795231879669 ], [ -90.360903230112584, 32.942424734766959 ], [ -90.361274193603919, 32.941811160992316 ], [ -90.361990685947788, 32.940940405737599 ], [ -90.362642820015282, 32.940971953868619 ], [ -90.362862788882154, 32.94048609096486 ], [ -90.363248682141574, 32.940140780294243 ], [ -90.364069177901868, 32.939933552135919 ], [ -90.363899708846716, 32.939401960032818 ], [ -90.363943934179076, 32.939026621902819 ], [ -90.364261816482326, 32.938679008754526 ], [ -90.365603521856698, 32.937687282898089 ], [ -90.367111227063958, 32.937489311772879 ], [ -90.368571914642914, 32.937353219645786 ], [ -90.370787305911676, 32.936872606057456 ], [ -90.371245872465266, 32.936558889085617 ], [ -90.371504877156809, 32.936280731180489 ], [ -90.372113306414178, 32.935674946525765 ], [ -90.372307432912066, 32.935434386803827 ], [ -90.372647270453385, 32.93525637322157 ], [ -90.372859340685423, 32.934985119833811 ], [ -90.373084931223389, 32.934691470444534 ], [ -90.373038819624512, 32.934351762318784 ], [ -90.372852654746552, 32.933902951113488 ], [ -90.3725385019534, 32.933184544079552 ], [ -90.372761489736561, 32.932553333815775 ], [ -90.37300916813885, 32.932176682447661 ], [ -90.373160934084964, 32.931911675295396 ], [ -90.373586210744989, 32.93125709770942 ], [ -90.374255319569642, 32.930285638219956 ], [ -90.374555930396355, 32.929889242379126 ], [ -90.374982470643204, 32.928492082575197 ], [ -90.375351625407461, 32.92835950568174 ], [ -90.375419189662665, 32.928026470868673 ], [ -90.375279759035863, 32.927378782542142 ], [ -90.3755310599078, 32.927040623556877 ], [ -90.375543915771303, 32.926731144502739 ], [ -90.375839657477997, 32.926540654891937 ], [ -90.375702777163909, 32.926030762263373 ], [ -90.375453902277826, 32.925230064155862 ], [ -90.375438704267182, 32.924779044723564 ], [ -90.375634645729846, 32.924530405791046 ], [ -90.375662680601067, 32.924441664694882 ], [ -90.37594434909208, 32.924167451483392 ], [ -90.376485101974026, 32.92422997708951 ], [ -90.376600021741694, 32.924147297803174 ], [ -90.376714312654315, 32.924073457926326 ], [ -90.376821637078777, 32.923498619617796 ], [ -90.377125533739076, 32.923322012175902 ], [ -90.377331471749116, 32.923061444714264 ], [ -90.377517966300815, 32.922861656601413 ], [ -90.378337368684598, 32.922913795286981 ], [ -90.378705909936272, 32.922876270139952 ], [ -90.378937132025044, 32.922619431024593 ], [ -90.37913681049659, 32.922300005857096 ], [ -90.379132705935547, 32.921788503565786 ], [ -90.379359352245174, 32.921589983477773 ], [ -90.379504777143083, 32.921341684326158 ], [ -90.379220056642936, 32.921035974619343 ], [ -90.378389883483237, 32.920443622784639 ], [ -90.377469045132443, 32.919593090231558 ], [ -90.37795071226212, 32.918952626039513 ], [ -90.378226266048387, 32.918850904236052 ], [ -90.378627253088453, 32.918638278154319 ], [ -90.378856795210709, 32.91847680314563 ], [ -90.37890863388013, 32.918352688097471 ], [ -90.379207376987395, 32.918146370183138 ], [ -90.379317962532184, 32.918124504045856 ], [ -90.379497931705316, 32.918016289777448 ], [ -90.379637555854259, 32.917879473190141 ], [ -90.37957464207706, 32.917581155167817 ], [ -90.379191756505861, 32.917221634539715 ], [ -90.37910300289974, 32.917008263723126 ], [ -90.379029652652775, 32.916611143219491 ], [ -90.379120109160581, 32.916306197603248 ], [ -90.379352354700487, 32.916139532379013 ], [ -90.379671365033815, 32.916220202651708 ], [ -90.380024852837693, 32.916193286271707 ], [ -90.380330388054759, 32.916151939531744 ], [ -90.380438231826048, 32.916168613176794 ], [ -90.380590873202408, 32.9155548415048 ], [ -90.380662485795767, 32.914750788786193 ], [ -90.380916962197105, 32.91439999731503 ], [ -90.380584910670734, 32.914104371333522 ], [ -90.380957255265614, 32.913784940638173 ], [ -90.381079004730566, 32.913288155193129 ], [ -90.380992527853735, 32.912865903486789 ], [ -90.381290827631545, 32.912473628111336 ], [ -90.381549364580394, 32.912119486472804 ], [ -90.38178589350926, 32.911713720192481 ], [ -90.381720691450468, 32.91095742875617 ], [ -90.381416982087387, 32.910664903745783 ], [ -90.380944480052079, 32.910578085494926 ], [ -90.379327719858352, 32.910317013809696 ], [ -90.378352124541991, 32.910238361565682 ], [ -90.377837254467707, 32.909813060753464 ], [ -90.377003488798806, 32.909273019839951 ], [ -90.376829477543566, 32.908653767414272 ], [ -90.376511746564859, 32.908552569563021 ], [ -90.376393757682138, 32.908454134368348 ], [ -90.376137195045231, 32.907968834043956 ], [ -90.375814363116064, 32.907598065042265 ], [ -90.376305321529998, 32.907200407650727 ], [ -90.376667513698848, 32.906960679091149 ], [ -90.376923699323342, 32.906621686486794 ], [ -90.37736917807203, 32.905662564125137 ], [ -90.379041194834784, 32.905144702093665 ], [ -90.37916156207028, 32.904984934650123 ], [ -90.37907969279388, 32.904333325787675 ], [ -90.379020894784929, 32.903776530483647 ], [ -90.379048995201629, 32.903497953807474 ], [ -90.378991762197757, 32.903197779466048 ], [ -90.378798058586696, 32.902912515499331 ], [ -90.378674014638833, 32.902566818523269 ], [ -90.378582876072272, 32.902288389295308 ], [ -90.378607456712217, 32.901828672961258 ], [ -90.378791316909584, 32.90151839538543 ], [ -90.378814208078452, 32.901250205759268 ], [ -90.3798638375618, 32.900939325681414 ], [ -90.380590768667943, 32.900737659910227 ], [ -90.381923785290368, 32.900297472973953 ], [ -90.382118148645702, 32.899972387946285 ], [ -90.382265806339987, 32.899488054916297 ], [ -90.382228349800229, 32.898915278472096 ], [ -90.382168895555253, 32.898565317558159 ], [ -90.382293860750423, 32.898238645360742 ], [ -90.382411623900865, 32.897941423895304 ], [ -90.382615872421312, 32.896995924540725 ], [ -90.382753018675871, 32.896686529289227 ], [ -90.382847503328136, 32.896063483660996 ], [ -90.382519313945508, 32.895360689411184 ], [ -90.38302095368654, 32.894882979782565 ], [ -90.38305231643308, 32.894789075284315 ], [ -90.38347268591211, 32.89451741927612 ], [ -90.383526776832767, 32.89417234615081 ], [ -90.383827679077015, 32.893469347570267 ], [ -90.383799830927458, 32.89312094316395 ], [ -90.383668521951691, 32.892916468797601 ], [ -90.383750043452167, 32.892562811963508 ], [ -90.383820193062746, 32.892429303528722 ], [ -90.383859221227468, 32.892017486596217 ], [ -90.384161930259879, 32.891909638615431 ], [ -90.383959810688893, 32.891659092028199 ], [ -90.383631588780133, 32.891358681453433 ], [ -90.383386331923262, 32.890960167444106 ], [ -90.383278479196775, 32.890626267617264 ], [ -90.382827687874212, 32.890202357319737 ], [ -90.383239537368539, 32.889567634972892 ], [ -90.383870188599516, 32.889335088995814 ], [ -90.383650962890641, 32.888794857115734 ], [ -90.383733444051245, 32.888190728220906 ], [ -90.383830905947192, 32.887780370876996 ], [ -90.383574487953538, 32.887359304029452 ], [ -90.383007290019606, 32.886137644334617 ], [ -90.383540625455353, 32.884993679024099 ], [ -90.384116298569609, 32.884332609572738 ], [ -90.384808204100494, 32.883797204994515 ], [ -90.385979574693749, 32.882648135682636 ], [ -90.386804990205846, 32.881766586415154 ], [ -90.386426929310559, 32.881227040421422 ], [ -90.386561598721784, 32.880588927482044 ], [ -90.385904808859621, 32.880630002610133 ], [ -90.383719652431964, 32.879173133059496 ], [ -90.38380652343703, 32.878030201135914 ], [ -90.384664248917716, 32.877193901859968 ], [ -90.386189763990743, 32.875398723366295 ], [ -90.387702666795292, 32.873720355777479 ], [ -90.387768143165133, 32.873715421504613 ], [ -90.387963431120326, 32.873227550255905 ], [ -90.388467000363235, 32.872161920514024 ], [ -90.388941470234911, 32.871617545482913 ], [ -90.389871588726649, 32.870793998329873 ], [ -90.389572548553176, 32.868864141857095 ], [ -90.389770634107037, 32.868372499467128 ], [ -90.391171215877463, 32.867831516279416 ], [ -90.39182200796462, 32.867873509662203 ], [ -90.392113061221039, 32.867481187481978 ], [ -90.392215586068247, 32.866932316045428 ], [ -90.392542107973441, 32.866555933444573 ], [ -90.392150580174473, 32.866312029157172 ], [ -90.392624488602664, 32.865774706172807 ], [ -90.392709670811271, 32.865509569559805 ], [ -90.392178716952614, 32.865266249733978 ], [ -90.391747157617175, 32.864764523434751 ], [ -90.390923150264371, 32.863644825004883 ], [ -90.392874451201124, 32.860940090790415 ], [ -90.394710907668042, 32.859395360062486 ], [ -90.39506605845159, 32.858992698902732 ], [ -90.395905974025951, 32.857901353581028 ], [ -90.396757440725821, 32.856763729049881 ], [ -90.396673248101422, 32.856296853905093 ], [ -90.39683813991951, 32.85550654532576 ], [ -90.397143252835505, 32.855019796862472 ], [ -90.397925506630074, 32.853996566538953 ], [ -90.399049504704834, 32.853507881156965 ], [ -90.405252393073255, 32.848979416162564 ], [ -90.407378043274221, 32.84664635817586 ], [ -90.407694795932954, 32.84613495654974 ], [ -90.408705695967612, 32.84218748402867 ], [ -90.411339539699185, 32.842771063163632 ], [ -90.412456571156085, 32.842600570582917 ], [ -90.412960100432912, 32.843698382397911 ], [ -90.414661737202181, 32.842222649174552 ], [ -90.421301285251786, 32.839444332636951 ], [ -90.42304928110859, 32.838300413338168 ], [ -90.425942702597283, 32.837154376436239 ], [ -90.42637984030587, 32.836683240520287 ], [ -90.428200706838368, 32.835571911117711 ], [ -90.429999355577635, 32.834775645990653 ], [ -90.432242479076223, 32.833290669913715 ], [ -90.435490383207565, 32.831690485216157 ], [ -90.436947963300284, 32.830435988846702 ], [ -90.438195763063945, 32.828176189225921 ], [ -90.439314508609897, 32.827516881506703 ], [ -90.438782928558467, 32.826521065306892 ], [ -90.439523792501546, 32.823549094849916 ], [ -90.439808430008625, 32.822754623318914 ], [ -90.4419277059188, 32.821088979731492 ], [ -90.443122004377599, 32.82005238296356 ], [ -90.443365794873131, 32.819681744202526 ], [ -90.444402463391938, 32.818874301896962 ], [ -90.445701657830142, 32.818562638165893 ], [ -90.44604882332051, 32.818688883482714 ], [ -90.446378421746786, 32.818647128695126 ], [ -90.446813947648764, 32.818229062767081 ], [ -90.44687543421513, 32.817770738536169 ], [ -90.447223883845183, 32.817262898219994 ], [ -90.4473911772658, 32.816903066692468 ], [ -90.4475597644782, 32.816382188663084 ], [ -90.44748205168429, 32.815197400040788 ], [ -90.450694185960202, 32.809891637726977 ], [ -90.451616646151479, 32.809157337240869 ], [ -90.452109354832103, 32.808340679992241 ], [ -90.452671637551163, 32.808285414747793 ], [ -90.452913341366198, 32.807998045294283 ], [ -90.453564887723047, 32.807607589824819 ], [ -90.453586642478655, 32.807567586490848 ], [ -90.453706839069156, 32.806550892820624 ], [ -90.453927416334821, 32.805972916447274 ], [ -90.454131735148536, 32.805602810754102 ], [ -90.454428884356403, 32.80510947639398 ], [ -90.454323360367155, 32.804709360548962 ], [ -90.454496904694665, 32.803785573194801 ], [ -90.454561154618546, 32.80346009395538 ], [ -90.454909129238402, 32.803051565210026 ], [ -90.455155215355987, 32.802853121471529 ], [ -90.455328535374846, 32.802792014685153 ], [ -90.455896543438442, 32.802453826161148 ], [ -90.455387230272493, 32.801953473192654 ], [ -90.45599517543009, 32.799489055717629 ], [ -90.456643213456246, 32.799562513536131 ], [ -90.456528416746352, 32.798091643881179 ], [ -90.457832347091198, 32.796569958428961 ], [ -90.458432119640904, 32.79608993477563 ], [ -90.459233587082949, 32.794966407492005 ], [ -90.460835017596011, 32.792980094325138 ], [ -90.460853990257505, 32.792276943063733 ], [ -90.462223873142221, 32.791296407957901 ], [ -90.462566763399238, 32.789575267578734 ], [ -90.463895422535103, 32.787695926442964 ], [ -90.464049164147866, 32.783937781055165 ], [ -90.464972463862253, 32.780069087079376 ], [ -90.465447900097232, 32.777553391429706 ], [ -90.466158216302787, 32.775557666666074 ], [ -90.467083594646056, 32.77464273295115 ], [ -90.466895690154033, 32.772788892696703 ], [ -90.467551557625043, 32.7719768859398 ], [ -90.469122656772981, 32.770506721656176 ], [ -90.469878198543981, 32.770248559821994 ], [ -90.47234656602167, 32.769813743693874 ], [ -90.473346111298952, 32.76848907361974 ], [ -90.474525116694977, 32.767040232805812 ], [ -90.474958296318249, 32.766408644402389 ], [ -90.47724162379032, 32.764186897267912 ], [ -90.477681847965144, 32.763240143006435 ], [ -90.479471486811192, 32.761791094833043 ], [ -90.479869999581794, 32.761250428743566 ], [ -90.48022786487553, 32.760814254640337 ], [ -90.48052005128325, 32.759984511022608 ], [ -90.481028365930982, 32.759574697829592 ], [ -90.481626230839211, 32.758943017783977 ], [ -90.481719822427308, 32.758034239421612 ], [ -90.481636382016021, 32.756990187385803 ], [ -90.481823102981309, 32.756090726723428 ], [ -90.482374916879309, 32.755123811403422 ], [ -90.483134565276544, 32.753991661801535 ], [ -90.485629651479016, 32.748497228416248 ], [ -90.49051197161225, 32.739886032449306 ], [ -90.493215897938867, 32.738555953050707 ], [ -90.493587783687929, 32.73790001604214 ], [ -90.493667495537935, 32.736752225658414 ], [ -90.49497253025973, 32.735189290389933 ], [ -90.49599160572491, 32.733044291011936 ], [ -90.497115812170463, 32.732674269783082 ], [ -90.497339415355697, 32.732130739147117 ], [ -90.49721377140969, 32.731608626493262 ], [ -90.498666670197835, 32.730545409508153 ], [ -90.500157575006241, 32.727867780364804 ], [ -90.500532983862172, 32.72715945930107 ], [ -90.501506213623713, 32.726762569712925 ], [ -90.503212733261606, 32.724587935072968 ], [ -90.504412150426504, 32.72297398779213 ], [ -90.505256450806996, 32.721775840298328 ], [ -90.506370354771789, 32.719825185376415 ], [ -90.506950708030203, 32.719296748359504 ], [ -90.508033376606264, 32.719366475017885 ], [ -90.508363322093757, 32.718150537215251 ], [ -90.508051357320767, 32.717665204861198 ], [ -90.507637686203978, 32.717228545883863 ], [ -90.506807044707642, 32.716507318528137 ], [ -90.508288428904336, 32.715683139389363 ], [ -90.50879188918627, 32.716264680968465 ], [ -90.50911064599363, 32.716372717510843 ], [ -90.509351879875226, 32.716511432958853 ], [ -90.509720002351855, 32.716667281599065 ], [ -90.510031953063645, 32.716692647651506 ], [ -90.510505254259499, 32.716648438555829 ], [ -90.510975509353145, 32.716138795067046 ], [ -90.51295572464845, 32.712665476389425 ], [ -90.513579167491841, 32.711512667857228 ], [ -90.514215782644342, 32.71105043807237 ], [ -90.514526706102316, 32.710684986376322 ], [ -90.514444383848229, 32.710161776269089 ], [ -90.514342452367671, 32.709909836029929 ], [ -90.514518587972162, 32.709749047933734 ], [ -90.515305392084429, 32.709233728446776 ], [ -90.515526257657058, 32.70851504712293 ], [ -90.517237499102194, 32.70735438989248 ], [ -90.517536484782767, 32.70675872454833 ], [ -90.517615251143866, 32.706482499604213 ], [ -90.518004312762244, 32.706417870343309 ], [ -90.518535940220914, 32.705872823510134 ], [ -90.517398889293787, 32.705019397665495 ], [ -90.516545370032262, 32.704783353771262 ], [ -90.511526656762967, 32.703459915663288 ], [ -90.511908872403694, 32.70265000786398 ], [ -90.512937287957826, 32.700449161985951 ], [ -90.514182935325877, 32.697329261697348 ], [ -90.515067409153616, 32.696280954160855 ], [ -90.520617785906012, 32.691474913487021 ], [ -90.522705813245665, 32.690044499729588 ], [ -90.522460718977356, 32.688028081701553 ], [ -90.521555316165561, 32.682620444073244 ], [ -90.523153006178617, 32.679945766059248 ], [ -90.527402139417745, 32.678224076905579 ], [ -90.530352079954696, 32.673271928233127 ], [ -90.530754494129795, 32.672869301130312 ], [ -90.533319543130332, 32.671357308771491 ], [ -90.533311472459133, 32.668177099132379 ], [ -90.537251925057859, 32.663871543412171 ], [ -90.537452009921111, 32.663283463218519 ], [ -90.540458365983, 32.661069895312913 ], [ -90.544043902602724, 32.657498419338857 ], [ -90.548054868419072, 32.650573579978122 ], [ -90.549434971299618, 32.649416384680606 ], [ -90.549996986653412, 32.648868014545258 ], [ -90.550098757785392, 32.648442715000719 ], [ -90.549897618048192, 32.64820731637446 ], [ -90.549661197866044, 32.647845994435372 ], [ -90.549605224905662, 32.647607272047289 ], [ -90.550056668040412, 32.647473129837771 ], [ -90.550425491059869, 32.647213275030531 ], [ -90.551112698601941, 32.646797622479646 ], [ -90.551438695107109, 32.646333037906096 ], [ -90.551362235190211, 32.645864041296086 ], [ -90.551525102938598, 32.645073953463843 ], [ -90.551614132763902, 32.644654782845805 ], [ -90.551571182758934, 32.644402487858798 ], [ -90.551615635209245, 32.64375472449489 ], [ -90.551623416381844, 32.643035276647552 ], [ -90.552249975889225, 32.642918405617678 ], [ -90.552541836155342, 32.642923185240633 ], [ -90.55264259728537, 32.643038053060081 ], [ -90.552872508402444, 32.642761229537683 ], [ -90.553040609144347, 32.64264613214295 ], [ -90.553240655452413, 32.642668510169422 ], [ -90.553428799155782, 32.642663341112218 ], [ -90.553467242618694, 32.642644244341518 ], [ -90.553715332573972, 32.642588000309637 ], [ -90.554009637205183, 32.642352953045574 ], [ -90.554313621031582, 32.642434622350429 ], [ -90.554804031587011, 32.641932837425742 ], [ -90.554658452408503, 32.641344356111141 ], [ -90.55449935764176, 32.641310559640473 ], [ -90.55411912242856, 32.640518541490664 ], [ -90.553466708575343, 32.640093958540902 ], [ -90.553007000635773, 32.639749253587865 ], [ -90.552202036559919, 32.638375319486961 ], [ -90.551265249306468, 32.637778765153733 ], [ -90.550064618687287, 32.637860965537584 ], [ -90.549252017370591, 32.637322533426484 ], [ -90.548845300211426, 32.636666936266067 ], [ -90.548466727853565, 32.635817822973365 ], [ -90.550996381896596, 32.633781587798005 ], [ -90.553206668550871, 32.633232105254557 ], [ -90.554665323013211, 32.633550567079894 ], [ -90.55699851826239, 32.633380312888633 ], [ -90.558303589047668, 32.633358066818211 ], [ -90.558490921385896, 32.633794758811973 ], [ -90.558667994670856, 32.634238767000639 ], [ -90.558736028267319, 32.634617560880834 ], [ -90.558947806820939, 32.635053648331251 ], [ -90.559950352856362, 32.63469068354258 ], [ -90.560906031488386, 32.633772814786376 ], [ -90.562312408951442, 32.631924215101648 ], [ -90.565737578088047, 32.628516461553723 ], [ -90.566726673882528, 32.627737506320983 ], [ -90.566880420360775, 32.627077921389748 ], [ -90.568700827723021, 32.625717353052522 ], [ -90.565154174344386, 32.625320255675931 ], [ -90.563104746288602, 32.625111334963997 ], [ -90.559959160356669, 32.62346268309733 ], [ -90.560068575425959, 32.621865322273024 ], [ -90.562570096806681, 32.620696748684608 ], [ -90.565168615987588, 32.619730830810411 ], [ -90.565631781435783, 32.619645819449005 ], [ -90.565757001370869, 32.619685182269706 ], [ -90.566397333148288, 32.619850730058147 ], [ -90.566798964670994, 32.620258989660663 ], [ -90.567057708907413, 32.620675313746297 ], [ -90.567263063641292, 32.621037967643502 ], [ -90.567686083755945, 32.621152282828625 ], [ -90.568392546358908, 32.621176164399486 ], [ -90.569322898283602, 32.620603081941788 ], [ -90.569577171874485, 32.620396246966472 ], [ -90.570560426060382, 32.61932520530663 ], [ -90.572598616973693, 32.615580363510837 ], [ -90.573387744985936, 32.615694424407927 ], [ -90.574026838931744, 32.616278360697706 ], [ -90.575434704146701, 32.616336806478081 ], [ -90.577310208876639, 32.615181643675982 ], [ -90.579644842765603, 32.613440594468663 ], [ -90.580447547962095, 32.612747523573944 ], [ -90.58218677401247, 32.611364456783328 ], [ -90.583428386010752, 32.610597562200049 ], [ -90.589120754977031, 32.606742861314459 ], [ -90.594919180047256, 32.602173204373628 ], [ -90.594980478815415, 32.602133177184236 ], [ -90.596089109755837, 32.600084528353655 ], [ -90.597390702526127, 32.599753945443879 ], [ -90.598428716941058, 32.599494566749598 ], [ -90.600657048222487, 32.598409041427722 ], [ -90.601883890648779, 32.597897751404467 ], [ -90.603889297440261, 32.59626537692715 ], [ -90.605163492771837, 32.596184576091495 ], [ -90.605555080962063, 32.596064056750414 ], [ -90.605932184910685, 32.594935797513351 ], [ -90.607456952908635, 32.595278101458355 ], [ -90.608263472094663, 32.594781876474961 ], [ -90.609132166471142, 32.592967656693581 ], [ -90.609660757998654, 32.592659806402651 ], [ -90.61099168263209, 32.591935187124392 ], [ -90.612033441929427, 32.591373901715762 ], [ -90.614828518101859, 32.589834215513747 ], [ -90.61535025983413, 32.589587337524385 ], [ -90.616635587263289, 32.588775752703476 ], [ -90.617196154102132, 32.589842032001904 ], [ -90.618663488640863, 32.589312847064363 ], [ -90.618910957465587, 32.588774047915514 ], [ -90.619802603247223, 32.588225697603967 ], [ -90.621259152424486, 32.587557534420405 ], [ -90.622188875056352, 32.586401743654214 ], [ -90.624051524737084, 32.586513161230037 ], [ -90.625026740463497, 32.586052825551796 ], [ -90.628288190098914, 32.583851327962577 ], [ -90.631469724913714, 32.582706494800348 ], [ -90.633972250340847, 32.581844892841502 ], [ -90.635552367537315, 32.580506321983208 ], [ -90.637526646988789, 32.579516179143823 ], [ -90.638859049792245, 32.578951877266157 ], [ -90.640153094597835, 32.578956019194074 ], [ -90.641699598995672, 32.579257210989823 ], [ -90.64458230881533, 32.578937166486241 ], [ -90.648861390428138, 32.57811267992755 ], [ -90.655362134308589, 32.577677899372723 ], [ -90.660391809255572, 32.576831331896692 ], [ -90.665224514450884, 32.576887704304795 ], [ -90.671694578446179, 32.576906763805546 ], [ -90.675723854647501, 32.576753856975024 ], [ -90.677442744914174, 32.576283090992753 ], [ -90.678300042681769, 32.575740789859353 ], [ -90.680067321081481, 32.575055593505866 ], [ -90.68133577954768, 32.575049428312568 ], [ -90.682143916112267, 32.574841701532812 ], [ -90.682850318001016, 32.5740172590803 ], [ -90.685356697681655, 32.573868185512637 ], [ -90.686878574986764, 32.57383337156984 ], [ -90.687406326045206, 32.573727120254347 ], [ -90.688046217313342, 32.573484493539297 ], [ -90.68922878628932, 32.573104002148796 ], [ -90.690305245061452, 32.572905945251549 ], [ -90.691096486201033, 32.572434699947607 ], [ -90.693128698964358, 32.573161640991991 ], [ -90.694066359639137, 32.573148372110666 ], [ -90.694695816937738, 32.573193441441667 ], [ -90.695560703373729, 32.573153301603234 ], [ -90.697667369199806, 32.571555186868501 ], [ -90.700448960660083, 32.570616462274828 ], [ -90.701224315377956, 32.569921141116758 ], [ -90.701923337440661, 32.56886339088711 ], [ -90.703005509729351, 32.567999237010966 ], [ -90.705157829854613, 32.566644457285172 ], [ -90.705946870380913, 32.566203888850168 ], [ -90.706279794185264, 32.565008331128638 ], [ -90.707167091906342, 32.564177277599057 ], [ -90.70735705941982, 32.562954098037082 ], [ -90.708670894934158, 32.562780441191407 ], [ -90.709125333341191, 32.562474735237672 ], [ -90.709900384560783, 32.561875531476041 ], [ -90.711255211002566, 32.561582363513764 ], [ -90.711361182710093, 32.560911827182473 ], [ -90.711443637946203, 32.560252261636968 ], [ -90.711475592432961, 32.560112834782075 ], [ -90.712571768333859, 32.559606681565612 ], [ -90.713283188125686, 32.559016910255217 ], [ -90.713713975397184, 32.558749128163157 ], [ -90.714501525689528, 32.558329018406354 ], [ -90.714166263851894, 32.557764270250303 ], [ -90.715209786760695, 32.557201328630207 ], [ -90.716735581695019, 32.557370056444988 ], [ -90.718489851739164, 32.557098613361859 ], [ -90.719778329985729, 32.555671010074853 ], [ -90.720835442311113, 32.55445872480874 ], [ -90.724434007291194, 32.552556489337874 ], [ -90.726384211670279, 32.552600729166059 ], [ -90.72747831053664, 32.552616479988259 ], [ -90.730457665042508, 32.551199445210038 ], [ -90.73174076143917, 32.550589140748194 ], [ -90.732957772174203, 32.550010247294907 ], [ -90.733909486273163, 32.548746800097327 ], [ -90.734941194367593, 32.548729411667303 ], [ -90.738655531918056, 32.544855315531819 ], [ -90.73892816996117, 32.544143886997368 ], [ -90.739624664403848, 32.542722297591602 ], [ -90.740336903640326, 32.541795892395434 ], [ -90.739661299963302, 32.541145133714835 ], [ -90.739175981607858, 32.539873145148292 ], [ -90.740389546484067, 32.539452305994189 ], [ -90.740291399348962, 32.538877476256353 ], [ -90.740705757332307, 32.537859447093965 ], [ -90.741022599303164, 32.537086522120063 ], [ -90.741637226306509, 32.537058011620317 ], [ -90.742802363448192, 32.536940979026937 ], [ -90.744275241980773, 32.536480583132814 ], [ -90.745298833732718, 32.53666044534927 ], [ -90.746539820009417, 32.53650038224449 ], [ -90.750769936636047, 32.534952094811864 ], [ -90.751641155087512, 32.533828875752839 ], [ -90.752540210051251, 32.532784319906362 ], [ -90.753911506367629, 32.531730025440325 ], [ -90.754778132257925, 32.531748130348461 ], [ -90.757345380241858, 32.530651880481003 ], [ -90.758123698699293, 32.530363801466414 ], [ -90.760295515230538, 32.529767203489968 ], [ -90.761165113927504, 32.528654723219852 ], [ -90.762545942936299, 32.528673646859453 ], [ -90.764770968148426, 32.528255899761589 ], [ -90.766117874074411, 32.528170448909336 ], [ -90.768662330142405, 32.528179670404953 ], [ -90.769488635127232, 32.527444347740989 ], [ -90.772010933047554, 32.526470209355452 ], [ -90.773426193110382, 32.525209669478521 ], [ -90.774841408359123, 32.523949109334382 ], [ -90.775913497232722, 32.523144166607949 ], [ -90.780254861857117, 32.520829238692997 ], [ -90.782930592115576, 32.517650064383723 ], [ -90.787737780156633, 32.511985426097375 ], [ -90.78962326471887, 32.509692261791294 ], [ -90.792911883485033, 32.505722073088059 ], [ -90.793585783676235, 32.504783552903071 ], [ -90.795067055173291, 32.502894912322112 ], [ -90.797007648649824, 32.499750612889684 ], [ -90.79840448716287, 32.498287310055957 ], [ -90.799337512749233, 32.495624889118723 ], [ -90.79940940409621, 32.49273269751265 ], [ -90.800391623013098, 32.491237980854422 ], [ -90.799982792384284, 32.489349413483133 ], [ -90.800615134535363, 32.487687677173398 ], [ -90.800521496697783, 32.487461516332971 ], [ -90.800786385316343, 32.486237439272955 ], [ -90.801329314567013, 32.485053138484055 ], [ -90.802345090269029, 32.484364948420975 ], [ -90.802416701065226, 32.483343048302999 ], [ -90.805373202537098, 32.476248037730372 ], [ -90.804918472011124, 32.472582176393317 ], [ -90.805597094849816, 32.471928536658666 ], [ -90.805954560906073, 32.471539182576173 ], [ -90.806329860623492, 32.47092025788934 ], [ -90.807881826392787, 32.467632879654481 ], [ -90.809233812062459, 32.466915308404758 ], [ -90.809327120391842, 32.465484359570283 ], [ -90.810227601225918, 32.463309426030285 ], [ -90.810709217130892, 32.460909031380957 ], [ -90.812755437430468, 32.457781230524411 ], [ -90.812927721280005, 32.455136953167241 ], [ -90.814143904536195, 32.454766674253932 ], [ -90.81526609764218, 32.452511305417445 ], [ -90.81651223847858, 32.450223610653687 ], [ -90.816886465501142, 32.450138506122876 ], [ -90.817050272168942, 32.450073586408635 ], [ -90.817239933555868, 32.44994311047877 ], [ -90.817377131563134, 32.449706572812801 ], [ -90.817424351263185, 32.449442840683901 ], [ -90.817417544690556, 32.449262899720708 ], [ -90.817610243894251, 32.449136112176568 ], [ -90.8176705590338, 32.448986578910564 ], [ -90.817593713866827, 32.448625931932391 ], [ -90.817810232536758, 32.447881115669119 ], [ -90.817857642011177, 32.447733121234613 ], [ -90.818069577989405, 32.447476279239254 ], [ -90.818211632132972, 32.447028676610692 ], [ -90.818140816053869, 32.446630515258256 ], [ -90.817904360037829, 32.446368155064221 ], [ -90.817926986920071, 32.445914790272795 ], [ -90.817909225895093, 32.44561861657678 ], [ -90.817806330461806, 32.445363985341039 ], [ -90.818154792252201, 32.445289057509228 ], [ -90.818105265943387, 32.444923269183398 ], [ -90.81773466561809, 32.444553076614042 ], [ -90.818027395260231, 32.444150771251124 ], [ -90.818173805288666, 32.443782236961411 ], [ -90.818126068615413, 32.4433011539343 ], [ -90.818022493003724, 32.442861889442938 ], [ -90.817764267007263, 32.44243329431572 ], [ -90.815938517803772, 32.442183904154952 ], [ -90.81583112007408, 32.441223315777975 ], [ -90.815874726933245, 32.441029705880894 ], [ -90.816030202151609, 32.440775543762626 ], [ -90.816412364411335, 32.440574363569148 ], [ -90.816597089575566, 32.440389345944716 ], [ -90.816880483442304, 32.439928747950873 ], [ -90.816835568075447, 32.43923052713081 ], [ -90.817600047749934, 32.438760032992178 ], [ -90.818048795901703, 32.438587784400461 ], [ -90.818272853545707, 32.438316878345312 ], [ -90.818481007805957, 32.438078969231341 ], [ -90.818530351331574, 32.437826334417359 ], [ -90.818489180336456, 32.437426488553648 ], [ -90.818499175452331, 32.437155811958988 ], [ -90.818267579953272, 32.436731182272112 ], [ -90.818142196419089, 32.436480842627105 ], [ -90.818227283104022, 32.436295164882559 ], [ -90.818486381541703, 32.4360173418223 ], [ -90.818584064732377, 32.435820170189146 ], [ -90.818706546671038, 32.435742705880216 ], [ -90.818791341080413, 32.435629790542762 ], [ -90.81889898979459, 32.435346098147122 ], [ -90.818993769757199, 32.435193523972316 ], [ -90.818966172487066, 32.435056648049759 ], [ -90.819364114649929, 32.434958776921192 ], [ -90.819745528949696, 32.43493437641132 ], [ -90.819964092981834, 32.434544804245419 ], [ -90.819763024759354, 32.434141704547571 ], [ -90.819797626264503, 32.433975724865036 ], [ -90.820097372182076, 32.434017844661774 ], [ -90.82012813310422, 32.433746606929297 ], [ -90.820158788331696, 32.433475364237879 ], [ -90.820580743627701, 32.43344565172081 ], [ -90.820888114495801, 32.432897763407929 ], [ -90.821113117805922, 32.432591758103733 ], [ -90.821364577876423, 32.432461971536299 ], [ -90.821491361525659, 32.432196191757306 ], [ -90.821735945611508, 32.431944321971358 ], [ -90.821926838880515, 32.431740406259934 ], [ -90.821987048183871, 32.431559621770539 ], [ -90.822146603644555, 32.431367407131603 ], [ -90.822301400560718, 32.431223965700035 ], [ -90.822388933431313, 32.430941833496043 ], [ -90.822605635103045, 32.430588218524505 ], [ -90.822639486460034, 32.430254638826483 ], [ -90.822677335339208, 32.429870517215051 ], [ -90.822831317487598, 32.429507245174904 ], [ -90.822869956852983, 32.428872125744014 ], [ -90.82288788810321, 32.42851651620736 ], [ -90.823011038453288, 32.428394346332738 ], [ -90.823069396030078, 32.428121528170628 ], [ -90.823019203069393, 32.427814633297558 ], [ -90.822741142722805, 32.427546660220784 ], [ -90.825930923685505, 32.422469972682116 ], [ -90.825977923422215, 32.422290355081323 ], [ -90.826156569581983, 32.421469922583036 ], [ -90.826394456044071, 32.421037032276637 ], [ -90.826728543654426, 32.420870539583341 ], [ -90.827298954438703, 32.420752835674229 ], [ -90.827695629495125, 32.420699255449932 ], [ -90.828188952704579, 32.420488205051143 ], [ -90.82862907364914, 32.420286791598961 ], [ -90.828738705971631, 32.420266595945598 ], [ -90.829081113534301, 32.419997877751541 ], [ -90.829460617532149, 32.419755704580552 ], [ -90.829751792370232, 32.419678125785133 ], [ -90.83006644546586, 32.419669071565977 ], [ -90.83031033122468, 32.419417149095352 ], [ -90.830487071017885, 32.419370196571677 ], [ -90.830504712906844, 32.419098351917633 ], [ -90.830598526534231, 32.418705732140694 ], [ -90.831207402862134, 32.417776428567734 ], [ -90.831233622172888, 32.417497874731332 ], [ -90.831277980319413, 32.417352214874242 ], [ -90.831484388374278, 32.417131593793222 ], [ -90.831541118052854, 32.416896325076607 ], [ -90.831673835393474, 32.416766416496266 ], [ -90.831964555723317, 32.416656505090572 ], [ -90.832053250668636, 32.416536655871703 ], [ -90.832114022682035, 32.416390680181969 ], [ -90.832513921830625, 32.41588423157777 ], [ -90.832890936682972, 32.415756602933797 ], [ -90.833031640118961, 32.415599721209361 ], [ -90.833410540872137, 32.415377742868579 ], [ -90.833727844112033, 32.415157920985081 ], [ -90.833942355363448, 32.414942635395342 ], [ -90.834027947347039, 32.41480205192093 ], [ -90.834301785704369, 32.41465870239184 ], [ -90.834709571374916, 32.414624066730056 ], [ -90.834952891186148, 32.414639789550527 ], [ -90.835262090648726, 32.414382016721802 ], [ -90.835957392359688, 32.41394365701877 ], [ -90.836348238245549, 32.413948359255194 ], [ -90.836959268725607, 32.41376429898726 ], [ -90.837364123380738, 32.413598519415743 ], [ -90.837788788069275, 32.413322877318592 ], [ -90.838192346625362, 32.413121534120926 ], [ -90.83916334119597, 32.41249449311664 ], [ -90.839440010777722, 32.412253276081429 ], [ -90.83978317327383, 32.411971779003146 ], [ -90.841297137644673, 32.410335674046955 ], [ -90.841729754758362, 32.410345103250883 ], [ -90.841981012638541, 32.410115501869278 ], [ -90.842199783355866, 32.410049501773621 ], [ -90.842269851318065, 32.409826550201529 ], [ -90.842642583204238, 32.409628756212612 ], [ -90.842727793483007, 32.409537850873448 ], [ -90.843117722456441, 32.409244274572629 ], [ -90.84366356483703, 32.408914490784191 ], [ -90.844084079151187, 32.408352491827515 ], [ -90.844521698876761, 32.408127043156526 ], [ -90.844695041580209, 32.408037741306224 ], [ -90.844696855277917, 32.407950337050927 ], [ -90.844702430891545, 32.407681640237641 ], [ -90.845004221670777, 32.407393271465942 ], [ -90.845057306771949, 32.40718090439465 ], [ -90.845051774610411, 32.406983617279593 ], [ -90.845101219554437, 32.406781734744953 ], [ -90.845249383568415, 32.406484865615859 ], [ -90.845837980906097, 32.405903615262673 ], [ -90.846149208084412, 32.405649044746603 ], [ -90.846583213670442, 32.405500891575159 ], [ -90.846970252317718, 32.405352841873153 ], [ -90.847391950082752, 32.405075430973895 ], [ -90.847778630972599, 32.40482105248968 ], [ -90.84797899990842, 32.404689238346627 ], [ -90.848387976502053, 32.404402650819073 ], [ -90.848837880925998, 32.404124208018459 ], [ -90.848888845551357, 32.404090679549853 ], [ -90.849251607971155, 32.403852024866367 ], [ -90.849471432322844, 32.403707405186061 ], [ -90.849851748287193, 32.403294183871928 ], [ -90.849973819552929, 32.403027086130571 ], [ -90.850233927246549, 32.402852896671781 ], [ -90.850317128261082, 32.402588289243283 ], [ -90.850675433561562, 32.401830655797767 ], [ -90.850803913628695, 32.401701596278905 ], [ -90.850922230809729, 32.401584144715528 ], [ -90.851132989183142, 32.401486166335417 ], [ -90.851242270464425, 32.401210674161256 ], [ -90.851349098031662, 32.400999328815487 ], [ -90.851503532396194, 32.400733701724754 ], [ -90.851584099791864, 32.400370632116157 ], [ -90.851703937193662, 32.400134671842814 ], [ -90.851852367051521, 32.400022494829024 ], [ -90.851795960178151, 32.399838157053367 ], [ -90.851826351805087, 32.39949871987772 ], [ -90.851910292634528, 32.399337100050332 ], [ -90.852067578145082, 32.399195858924614 ], [ -90.852173229241771, 32.398814403466957 ], [ -90.85235854415707, 32.398383319620763 ], [ -90.852523708400341, 32.398277228423105 ], [ -90.852767504968611, 32.398121106649526 ], [ -90.852964277719636, 32.398016808085643 ], [ -90.853071760360294, 32.397714959581009 ], [ -90.854160130780741, 32.396829346710092 ], [ -90.854488304860908, 32.396632326741774 ], [ -90.854591110992203, 32.396420794461129 ], [ -90.854700256182142, 32.396181503590761 ], [ -90.85481453092892, 32.395869311180746 ], [ -90.854874631474004, 32.395524832497209 ], [ -90.854976535369829, 32.395256809875065 ], [ -90.855041440838036, 32.395095031302851 ], [ -90.855025542850754, 32.394848277070984 ], [ -90.854988673286911, 32.394433352754163 ], [ -90.855061300209911, 32.394309202673952 ], [ -90.855335844650881, 32.39427766686336 ], [ -90.855414825691483, 32.394063274507268 ], [ -90.855541555365789, 32.393828332145176 ], [ -90.855653066231966, 32.39359979791913 ], [ -90.85570923341345, 32.393281765648503 ], [ -90.855793058128228, 32.393021794918226 ], [ -90.855939678158236, 32.392824323924216 ], [ -90.856100287906827, 32.392672221986125 ], [ -90.856108298215219, 32.39240560783999 ], [ -90.856182384868944, 32.392080224161454 ], [ -90.856321627364679, 32.391864310716173 ], [ -90.856382244467738, 32.391605058850772 ], [ -90.856529106983416, 32.391357894321814 ], [ -90.856673864264181, 32.391020457395811 ], [ -90.856609951620172, 32.390605011590132 ], [ -90.856822282880003, 32.389625209827543 ], [ -90.857411211689509, 32.38917199259361 ], [ -90.857686927007805, 32.389108907560086 ], [ -90.857980498689614, 32.388872315763351 ], [ -90.858181607633966, 32.388695424594772 ], [ -90.8584137883648, 32.388453200560797 ], [ -90.858884547386069, 32.388372706932067 ], [ -90.859083833176086, 32.388137151918528 ], [ -90.85925359833557, 32.387998597135002 ], [ -90.859544439853281, 32.387710753310223 ], [ -90.85966718677615, 32.387663432972502 ], [ -90.860000283380757, 32.387394194595537 ], [ -90.860111319973342, 32.386674275536144 ], [ -90.860441970770779, 32.386416640419853 ], [ -90.860494676626033, 32.386407674579232 ], [ -90.860580336115419, 32.386332040912627 ], [ -90.861095587582142, 32.385828592477921 ], [ -90.861154609360199, 32.385662636120628 ], [ -90.861204024178321, 32.385481687066303 ], [ -90.861432854054684, 32.385291138180776 ], [ -90.861799900629876, 32.384636101151415 ], [ -90.86554284779173, 32.381997102270162 ], [ -90.866404288445864, 32.38127715605011 ], [ -90.867558223343337, 32.379282074830087 ], [ -90.869252611552852, 32.377455286691159 ], [ -90.869415942017838, 32.377242181611194 ], [ -90.871374129962248, 32.374687127094475 ], [ -90.871338426850158, 32.374272605442989 ], [ -90.871563125756794, 32.37374279169002 ], [ -90.871615746503679, 32.373284172994964 ], [ -90.871711426682296, 32.373112009502456 ], [ -90.87233318600596, 32.371993216719765 ], [ -90.872969634797215, 32.370893878268561 ], [ -90.873351374115103, 32.37058313454262 ], [ -90.873549685787069, 32.370374489418147 ], [ -90.873862010695021, 32.370120597707562 ], [ -90.873963564072227, 32.369803895333128 ], [ -90.874173909427626, 32.369386679152093 ], [ -90.874270562041929, 32.368866674103685 ], [ -90.87465798752153, 32.367770135234387 ], [ -90.875438674928759, 32.36616489880879 ], [ -90.875940775821235, 32.365089525874922 ], [ -90.877336733530839, 32.363006934722378 ], [ -90.877543799239405, 32.362041381565277 ], [ -90.877618646741269, 32.36187506422506 ], [ -90.877473906171744, 32.361444590528109 ], [ -90.877935846702059, 32.361291194684874 ], [ -90.878001780698114, 32.361155006477894 ], [ -90.877789437371149, 32.360865392187371 ], [ -90.878193144557869, 32.36079727545998 ], [ -90.878345010592611, 32.360598587455662 ], [ -90.878426977118892, 32.36032963044623 ], [ -90.878762449686747, 32.359920199635063 ], [ -90.879117231509824, 32.359451995643077 ], [ -90.880751884926326, 32.357714965365268 ], [ -90.880688729237519, 32.357432688855759 ], [ -90.880706796116726, 32.357251726192757 ], [ -90.88093777968777, 32.357023952870541 ], [ -90.881135189714456, 32.356680335792554 ], [ -90.881386275283631, 32.356290862872818 ], [ -90.88248765756785, 32.354727415739532 ], [ -90.882577139434403, 32.354342695463153 ], [ -90.882820994697624, 32.354022834481633 ], [ -90.883083193461957, 32.35331006120493 ], [ -90.883266732329105, 32.351980751723815 ], [ -90.883299879064978, 32.351765256284736 ], [ -90.883655180973022, 32.349455268731703 ], [ -90.88397822605873, 32.347948799241223 ], [ -90.884279135861817, 32.344298469713522 ], [ -90.884724631433798, 32.344185488069577 ], [ -90.884993284149161, 32.343910056722933 ], [ -90.884826656071994, 32.343003534868835 ], [ -90.884825477070635, 32.342311847068729 ], [ -90.885009845054839, 32.341900522664965 ], [ -90.885254295361349, 32.341656304257768 ], [ -90.885276816385812, 32.341461691319964 ], [ -90.885174356931884, 32.341172660497577 ], [ -90.885081176032926, 32.340722501745525 ], [ -90.886173205794137, 32.337321179245386 ], [ -90.887041690532399, 32.336269752428585 ], [ -90.887700692307178, 32.335011078531721 ], [ -90.887915492511411, 32.33476409147049 ], [ -90.887992103162105, 32.334515114224182 ], [ -90.888203301378937, 32.334322641722544 ], [ -90.889040202177426, 32.3329782695765 ], [ -90.889498810691734, 32.332575429373541 ], [ -90.890052200008185, 32.332119709077062 ], [ -90.890233245259395, 32.331244875524732 ], [ -90.891676389555613, 32.329662307985451 ], [ -90.892471215775387, 32.328427135218696 ], [ -90.891984755132754, 32.327610508594276 ], [ -90.893788198750983, 32.326417383597793 ], [ -90.893589124421098, 32.326147066664845 ], [ -90.894047806718689, 32.325742079171327 ], [ -90.894067681665717, 32.325431592306252 ], [ -90.894356313422634, 32.325195738240822 ], [ -90.894477132264086, 32.324828386854627 ], [ -90.895510919671779, 32.324259064113022 ], [ -90.897531870139076, 32.323393012423658 ], [ -90.89813331780347, 32.322248244853192 ], [ -90.898355638871465, 32.322087464782243 ], [ -90.898443202739443, 32.321815182745688 ], [ -90.898601220313807, 32.321357634477195 ], [ -90.898714457428511, 32.321142094330177 ], [ -90.898725892466572, 32.320830940602725 ], [ -90.898726305962199, 32.320513891685678 ], [ -90.898820377642593, 32.320270307290819 ], [ -90.898897455957481, 32.320080989781843 ], [ -90.89891846838988, 32.319937429243808 ], [ -90.898961046994089, 32.319706077390826 ], [ -90.899212376907101, 32.319420238201765 ], [ -90.899505818378614, 32.318926814038512 ], [ -90.899838617430291, 32.318510082984105 ], [ -90.900098156178004, 32.318272545185984 ], [ -90.900271538078968, 32.317961526510778 ], [ -90.9004677501961, 32.317686200277421 ], [ -90.900558250244472, 32.317290376771474 ], [ -90.900541523129178, 32.317054814992055 ], [ -90.90052572764364, 32.316751590332423 ], [ -90.900566907884738, 32.316520528864487 ], [ -90.900665842715497, 32.316289943433546 ], [ -90.900680198686914, 32.316106669629683 ], [ -90.900676268013768, 32.315850848089816 ], [ -90.900700639258389, 32.315570384226845 ], [ -90.900770044979097, 32.315360479556631 ], [ -90.900924892020868, 32.315107917587184 ], [ -90.900945144327679, 32.314934851247266 ], [ -90.900923573766207, 32.314650893395111 ], [ -90.900845832652806, 32.314442514124167 ], [ -90.900731632958141, 32.314269060720228 ], [ -90.900649773620714, 32.314082154090542 ], [ -90.900580448915449, 32.313852850471591 ], [ -90.900636849407348, 32.31370591458753 ], [ -90.900745131603415, 32.313619905505398 ], [ -90.900906290651719, 32.313536282660472 ], [ -90.901156103195646, 32.313210956897272 ], [ -90.901354123267737, 32.313010050790531 ], [ -90.9014826628989, 32.312744228030695 ], [ -90.901616562205689, 32.31255321017008 ], [ -90.90181098909224, 32.312613467533502 ], [ -90.902225301623716, 32.312180166208336 ], [ -90.902360166619701, 32.31205665301664 ], [ -90.902513056865629, 32.311887439594543 ], [ -90.902773683645975, 32.311620828202088 ], [ -90.903031359166206, 32.311411958396256 ], [ -90.90327746694453, 32.311279970039649 ], [ -90.903370888310178, 32.311102391683939 ], [ -90.903610928009783, 32.310931426921996 ], [ -90.90376892348624, 32.310750014747072 ], [ -90.904056309306199, 32.310541466316401 ], [ -90.906017667537157, 32.308187789876342 ], [ -90.907039884683726, 32.307813777288985 ], [ -90.908072354615868, 32.306818199644198 ], [ -90.908363806587403, 32.306547993057841 ], [ -90.908481644585734, 32.306396364818077 ], [ -90.908519803939157, 32.305798378601061 ], [ -90.908860458070876, 32.305544945619062 ], [ -90.908901316274338, 32.305416122585576 ], [ -90.909298364251967, 32.304825076171298 ], [ -90.909299550636703, 32.304597887154095 ], [ -90.91088977383238, 32.302556886435433 ], [ -90.911371290858355, 32.300704054271563 ], [ -90.913178843114892, 32.298273470253392 ], [ -90.914362317143599, 32.294384538111487 ], [ -90.915570688955825, 32.291083414558315 ], [ -90.916782465986103, 32.28377905551578 ], [ -90.917893602852857, 32.273788869422127 ], [ -90.918472988583417, 32.264687351051798 ], [ -90.918799643845801, 32.262588666508478 ], [ -90.919795863848961, 32.257594229622818 ], [ -90.920579712629916, 32.254159037148405 ], [ -90.921750837338649, 32.249077308626056 ], [ -90.921040581282554, 32.246550325386657 ], [ -90.920801003734283, 32.243700875062572 ], [ -90.9200426302138, 32.242030793678033 ], [ -90.919973594908996, 32.239718097525866 ], [ -90.920161604811398, 32.238461324059344 ], [ -90.920271120152492, 32.237066936780849 ], [ -90.921272544387804, 32.236286232640815 ], [ -90.92099365351342, 32.235573769237902 ], [ -90.921185756732172, 32.234452589873754 ], [ -90.922952729089886, 32.230255053196991 ], [ -90.9235602077934, 32.2291978779392 ], [ -90.923044782799721, 32.228806797950959 ], [ -90.92163649735474, 32.228862750334258 ], [ -90.917188337292799, 32.229143313603949 ], [ -90.919024068991291, 32.224066560909492 ], [ -90.925142505265356, 32.224054600735037 ], [ -90.925847893774346, 32.223803652263562 ], [ -90.926436663558505, 32.22303964565625 ], [ -90.929397016078894, 32.222361277266252 ], [ -90.929868608484796, 32.221740424398106 ], [ -90.931009517587484, 32.220787778336039 ], [ -90.933043200578922, 32.220407883112046 ], [ -90.935362391946171, 32.222291110565422 ], [ -90.935773048437497, 32.222486694068081 ], [ -90.936802141568919, 32.222976809542544 ], [ -90.937146269733219, 32.22298443741699 ], [ -90.937677405268502, 32.22297985745697 ], [ -90.938085484287512, 32.222824159810699 ], [ -90.938246176383458, 32.222529524276517 ], [ -90.938168390618515, 32.222051962418526 ], [ -90.940724369381414, 32.219166783340583 ], [ -90.941336532664593, 32.219049526363108 ], [ -90.941648143990662, 32.218630614490401 ], [ -90.941627846884231, 32.218081549738365 ], [ -90.940044309972876, 32.218022484431174 ], [ -90.937978475648578, 32.21726292249798 ], [ -90.937290615210756, 32.217148964530821 ], [ -90.938488951424915, 32.214115005060613 ], [ -90.939233595255359, 32.21419989910067 ], [ -90.939474421810445, 32.214137191880134 ], [ -90.940126315307538, 32.213787520307726 ], [ -90.940346328640658, 32.213487015891808 ], [ -90.939430367244029, 32.212364253325525 ], [ -90.939488167223345, 32.211451710232936 ], [ -90.940217474636285, 32.211426890512911 ], [ -90.940683283735581, 32.21134479558814 ], [ -90.941957114387378, 32.211852552556643 ], [ -90.942876209745805, 32.211944534099018 ], [ -90.943641332768209, 32.212400703609994 ], [ -90.94386774199252, 32.21200885917159 ], [ -90.944138842330233, 32.211265950945915 ], [ -90.944475520673578, 32.210465060934652 ], [ -90.94422284597313, 32.209584847605399 ], [ -90.944708676418955, 32.209531252761373 ], [ -90.94451136119693, 32.208894919085765 ], [ -90.942607530728992, 32.206545711331863 ], [ -90.941830391904261, 32.205780389588497 ], [ -90.941616605678945, 32.205134783920656 ], [ -90.941453765172199, 32.204294369323712 ], [ -90.942117056644094, 32.203516564231371 ], [ -90.942749873074874, 32.20335146893342 ], [ -90.94270228836919, 32.203219245694598 ], [ -90.942449458321221, 32.202379236386321 ], [ -90.94236693051721, 32.202095395851465 ], [ -90.941564211820335, 32.201689887665729 ], [ -90.941166885931793, 32.201317658166438 ], [ -90.940607036582179, 32.200606807891461 ], [ -90.940416906479953, 32.200197701120814 ], [ -90.940902115388781, 32.199358287464065 ], [ -90.941076161001504, 32.198315280111693 ], [ -90.94082123545023, 32.197975001571926 ], [ -90.940680394387471, 32.197742115063704 ], [ -90.940384290620969, 32.197300908164991 ], [ -90.940097065501618, 32.196068167390465 ], [ -90.940240957897529, 32.195841303987663 ], [ -90.940453939219907, 32.195464479815101 ], [ -90.940528520690322, 32.195022851455654 ], [ -90.940810119758552, 32.193993586152338 ], [ -90.940626741484223, 32.192693359447709 ], [ -90.940649158145348, 32.191633178938176 ], [ -90.940790772817152, 32.190880327297776 ], [ -90.940403552001314, 32.189335624638467 ], [ -90.940396705607483, 32.188424788921587 ], [ -90.941544325087079, 32.18750665153911 ], [ -90.94025282101191, 32.185961427821468 ], [ -90.939967523952532, 32.185118683279924 ], [ -90.940570893249614, 32.18411728661043 ], [ -90.940294545550572, 32.183364790441843 ], [ -90.940437632241711, 32.181104385556246 ], [ -90.94051942765951, 32.179812165087341 ], [ -90.94055100728535, 32.179324914430403 ], [ -90.940752703425659, 32.178939051412982 ], [ -90.940837612864428, 32.178503911685752 ], [ -90.941162251926585, 32.177978311920974 ], [ -90.941008895432006, 32.177197232918161 ], [ -90.941499229851601, 32.177004370659439 ], [ -90.941376374767401, 32.176509479811919 ], [ -90.940655013436313, 32.175963943568718 ], [ -90.941063873121479, 32.174257377006327 ], [ -90.941021718474161, 32.173582141157496 ], [ -90.940624528081756, 32.173033386736691 ], [ -90.941336512221781, 32.170458950567664 ], [ -90.941482966525868, 32.170160809208035 ], [ -90.941508420799025, 32.169623555895946 ], [ -90.941794058248732, 32.169447078948785 ], [ -90.941805178810426, 32.169226324184542 ], [ -90.941558728466902, 32.168508534566698 ], [ -90.941595691627299, 32.16696780554917 ], [ -90.941827275144405, 32.165970651195039 ], [ -90.941905783912475, 32.164729746196116 ], [ -90.942281285868944, 32.163914130625855 ], [ -90.942747324778011, 32.161667072549776 ], [ -90.942946530855139, 32.160224521375284 ], [ -90.942465079684723, 32.159301914392827 ], [ -90.94145545780934, 32.158031780723647 ], [ -90.941453112869283, 32.157371359741916 ], [ -90.942670726029107, 32.156314035624796 ], [ -90.943416658128015, 32.154929735306958 ], [ -90.94341104220868, 32.154586762791361 ], [ -90.943540938269862, 32.154101415110695 ], [ -90.943646233246824, 32.153735004729725 ], [ -90.943493389574655, 32.153284564741142 ], [ -90.944675634625526, 32.15142971032656 ], [ -90.944237349533211, 32.150380110485123 ], [ -90.944034837948422, 32.14984326940958 ], [ -90.943277464991908, 32.149037192025396 ], [ -90.943116797785507, 32.148638959303923 ], [ -90.942944742668288, 32.148304143014443 ], [ -90.943069733433276, 32.148242981211304 ], [ -90.943511592834824, 32.148091973265103 ], [ -90.94391452548345, 32.14803475429234 ], [ -90.944187478812225, 32.147969218101366 ], [ -90.944616102960325, 32.147890774207127 ], [ -90.944812485751712, 32.147882533961415 ], [ -90.94495042353067, 32.14731301359933 ], [ -90.945003574305773, 32.14690909949416 ], [ -90.945018017502065, 32.146613902662935 ], [ -90.94521849830457, 32.146342320122486 ], [ -90.945111980590951, 32.145574313228487 ], [ -90.945145950000452, 32.145121946763119 ], [ -90.945586626526421, 32.144862555032859 ], [ -90.945821179386343, 32.144740599030541 ], [ -90.946355033012253, 32.144334440689782 ], [ -90.946678553263737, 32.14421576140203 ], [ -90.946962236975494, 32.1439734765776 ], [ -90.946920024249494, 32.143475429860523 ], [ -90.947633019778849, 32.14244085392891 ], [ -90.948145469455326, 32.141690644626813 ], [ -90.948172873090911, 32.141185062171417 ], [ -90.94799203098826, 32.140837425086318 ], [ -90.947538416396981, 32.140521244820903 ], [ -90.946989277487248, 32.14067101045427 ], [ -90.946565189548096, 32.140689999192091 ], [ -90.946350049888679, 32.140296426160738 ], [ -90.946645219254563, 32.13990051688463 ], [ -90.947052464628428, 32.139522417043239 ], [ -90.947134184669736, 32.139435159802069 ], [ -90.947795475114873, 32.139442073912114 ], [ -90.948037439217615, 32.139456116137779 ], [ -90.948295512310196, 32.13943039168857 ], [ -90.948576121744182, 32.139471736326861 ], [ -90.949013174939822, 32.139519380939724 ], [ -90.949549698286518, 32.139819812379876 ], [ -90.950686116039762, 32.136979992622095 ], [ -90.953673948997917, 32.130358827273895 ], [ -90.953557923775904, 32.129669408423545 ], [ -90.953756674809256, 32.129639595417146 ], [ -90.953937735681109, 32.129465858721467 ], [ -90.95401225088257, 32.129327129475399 ], [ -90.954105791986265, 32.129018773046965 ], [ -90.954261504769036, 32.128792401871628 ], [ -90.954260333599009, 32.1284801595245 ], [ -90.953720955416955, 32.128067457081301 ], [ -90.954364552148675, 32.127352558906644 ], [ -90.954601376745956, 32.127190196664124 ], [ -90.954923021756557, 32.127203531509878 ], [ -90.95508893485308, 32.126623159907695 ], [ -90.955277343770405, 32.126307683125461 ], [ -90.95567512704821, 32.125543058707763 ], [ -90.955884619928867, 32.125240733651218 ], [ -90.956347313810497, 32.124572997093786 ], [ -90.956394149881348, 32.123928955653781 ], [ -90.956758586633725, 32.122990688528539 ], [ -90.957242945344532, 32.120131569088002 ], [ -90.957069131165085, 32.118940363982894 ], [ -90.956972265018337, 32.118634844124699 ], [ -90.957387886463295, 32.117800325251977 ], [ -90.957834370198327, 32.117596193258009 ], [ -90.958262798022844, 32.117202955491209 ], [ -90.958328122386177, 32.117087688070015 ], [ -90.958695397671477, 32.116335149333842 ], [ -90.958703722961289, 32.116151187749978 ], [ -90.958736399802333, 32.115413537041064 ], [ -90.958836964196806, 32.115123598791122 ], [ -90.958668044464034, 32.114640464826969 ], [ -90.958856456519996, 32.113125202550833 ], [ -90.958664865834876, 32.112583869331402 ], [ -90.958406071600407, 32.111948603314936 ], [ -90.958885280484012, 32.106055298745261 ], [ -90.958761643480955, 32.104592824427748 ], [ -90.958107984151184, 32.102981246822388 ], [ -90.957372864439066, 32.102662778052064 ], [ -90.956881102096617, 32.101906605631072 ], [ -90.956776506337278, 32.101406445436496 ], [ -90.956896074740825, 32.100906730508761 ], [ -90.956756191123304, 32.100465015287398 ], [ -90.957106934397601, 32.100034964353128 ], [ -90.957477603924687, 32.099288626372967 ], [ -90.958040989162953, 32.098907871173132 ], [ -90.957765382488006, 32.098434862749301 ], [ -90.957646439259221, 32.097990177080504 ], [ -90.957733519606975, 32.096939180190482 ], [ -90.957667187888546, 32.096279830848367 ], [ -90.958023687425836, 32.095758039863931 ], [ -90.958424071296335, 32.094539562932567 ], [ -90.959270365446699, 32.093789283182097 ], [ -90.959197094864464, 32.093375409598835 ], [ -90.959168306987465, 32.092795523407176 ], [ -90.959302571467973, 32.091685875000906 ], [ -90.961466892675418, 32.088893864065014 ], [ -90.96283363291036, 32.086672441105605 ], [ -90.963889324731824, 32.084686743528039 ], [ -90.965735001235345, 32.08359231223627 ], [ -90.967473894618067, 32.0828497309572 ], [ -90.969114972118319, 32.082316744782105 ], [ -90.970710637351701, 32.082696733598645 ], [ -90.970656969124278, 32.082932314211874 ], [ -90.970781538366339, 32.083284897561285 ], [ -90.970981337787435, 32.083538190133275 ], [ -90.970581723539567, 32.084557826649061 ], [ -90.970024072912551, 32.08535321669531 ], [ -90.969912598292865, 32.086453850712232 ], [ -90.969974345697423, 32.087490889365377 ], [ -90.970342594229976, 32.088363290064244 ], [ -90.970684304982626, 32.088984849890444 ], [ -90.97136114514538, 32.089510224252578 ], [ -90.971822178752078, 32.089938204949732 ], [ -90.972100346476822, 32.090072806548939 ], [ -90.972292971426242, 32.090130420780774 ], [ -90.972786343691226, 32.090415990374666 ], [ -90.973182955596855, 32.090642185487759 ], [ -90.973519772359154, 32.090788990696126 ], [ -90.974064450795368, 32.090915234788902 ], [ -90.97429127948925, 32.091005272639002 ], [ -90.974815096016101, 32.091192028906001 ], [ -90.975914220288033, 32.091089398012691 ], [ -90.976544763030176, 32.090720426590579 ], [ -90.979482477462454, 32.090728162738166 ], [ -90.980070360449304, 32.090855948042829 ], [ -90.9806783944221, 32.090835451310021 ], [ -90.980880985813386, 32.09078800522196 ], [ -90.981139281177619, 32.090609847287915 ], [ -90.982068514405427, 32.090665093100306 ], [ -90.982922160389947, 32.090594383689975 ], [ -90.983090402488003, 32.090580447041596 ], [ -90.983913741272957, 32.090588527336685 ], [ -90.984555585450607, 32.090459065041564 ], [ -90.985692531123775, 32.090268151458048 ], [ -90.986667034729265, 32.09008101817696 ], [ -90.987441414862346, 32.09024647472819 ], [ -90.988285418785665, 32.090321753430587 ], [ -90.988608872839023, 32.090335790267105 ], [ -90.989095387659475, 32.090398636954802 ], [ -90.989370504860133, 32.090313201352863 ], [ -90.989885767856222, 32.090317297835377 ], [ -90.990135004405232, 32.090473653309949 ], [ -90.990723050534044, 32.090646142535533 ], [ -90.990925882358596, 32.090574537040318 ], [ -90.991149659380469, 32.090445968099147 ], [ -90.99159665139031, 32.089835122655892 ], [ -90.991986581705916, 32.089445698734458 ], [ -90.992786081813421, 32.089547494543503 ], [ -90.992864712157271, 32.089528479630388 ], [ -90.993271782904088, 32.089284044594812 ], [ -90.993715244991222, 32.089092068561108 ], [ -90.994342958210822, 32.088677411630172 ], [ -90.994613272079349, 32.088631530359038 ], [ -90.995068538383009, 32.088589249970553 ], [ -90.995552908378215, 32.088467279526256 ], [ -90.996104062209895, 32.088407589443136 ], [ -90.998226009908407, 32.087638104553214 ], [ -90.99843962669955, 32.087539334850774 ], [ -90.99898360271591, 32.086977658968344 ], [ -90.999534106810458, 32.086280727242944 ], [ -91.000635922235261, 32.085838069051455 ], [ -91.001195076186235, 32.085498115931919 ], [ -91.002078763894815, 32.084886285240998 ], [ -91.002821477893292, 32.084430155861654 ], [ -91.003749577928019, 32.083858997544418 ], [ -91.004374941572948, 32.083677891192387 ], [ -91.004789928731611, 32.083394392736459 ], [ -91.005096214912626, 32.083019762285659 ], [ -91.0053868227793, 32.082898036364853 ], [ -91.005668762485001, 32.082486450982728 ], [ -91.005948117878432, 32.082367776449203 ], [ -91.005957735572963, 32.082048182669794 ], [ -91.006127201594566, 32.081671743906576 ], [ -91.006449238746555, 32.081493513959551 ], [ -91.006592109915317, 32.081443729775593 ], [ -91.007064964472491, 32.081206476086074 ], [ -91.007634190606453, 32.080940460533782 ], [ -91.007941843196733, 32.080764785358085 ], [ -91.007850881463256, 32.08035548818615 ], [ -91.007973838132585, 32.079876822359374 ], [ -91.008393837458684, 32.079558013905753 ], [ -91.008875532917884, 32.079489501932933 ], [ -91.009246926876301, 32.079193399054098 ], [ -91.009459270099057, 32.078775877165604 ], [ -91.009794789924925, 32.078308404121373 ], [ -91.010059335786053, 32.077800135357577 ], [ -91.01042498346078, 32.077427053572606 ], [ -91.010557037878812, 32.077087664081603 ], [ -91.010626026866277, 32.076768212017967 ], [ -91.010948099451355, 32.076359099664622 ], [ -91.011132781662042, 32.07615026285719 ], [ -91.01202433321231, 32.075006986233738 ], [ -91.012477912522471, 32.074664075652336 ], [ -91.013056728224257, 32.074246437243296 ], [ -91.01419446733604, 32.0737437913969 ], [ -91.015007752512233, 32.073156089108352 ], [ -91.015922642708617, 32.072463979054142 ], [ -91.016525431074754, 32.071544231979217 ], [ -91.01691079343162, 32.071343966736322 ], [ -91.017485048206737, 32.070621003481214 ], [ -91.017789607072245, 32.070426339078018 ], [ -91.017458914092472, 32.070191489722035 ], [ -91.017754652259072, 32.070009932194871 ], [ -91.018800969731316, 32.06903718697658 ], [ -91.019192738452304, 32.068813344039967 ], [ -91.019529708374662, 32.068217678970981 ], [ -91.019843538472131, 32.067552082203548 ], [ -91.020254602760616, 32.066689391541608 ], [ -91.02056832128126, 32.065448022253307 ], [ -91.02049005591094, 32.065106419015592 ], [ -91.020358921326618, 32.064793734101634 ], [ -91.021342358679718, 32.064585038451241 ], [ -91.022105756607544, 32.064941305605778 ], [ -91.022275347059264, 32.065221589905704 ], [ -91.022651053518317, 32.064347735312531 ], [ -91.023122776523721, 32.06369763121554 ], [ -91.023719489255996, 32.063313404713696 ], [ -91.023953175788975, 32.063148623442103 ], [ -91.024193449298565, 32.06294222014931 ], [ -91.024141591896836, 32.062653288445361 ], [ -91.024375170678653, 32.062200440606638 ], [ -91.024628106497246, 32.062030825420905 ], [ -91.024974999349425, 32.061874241265315 ], [ -91.025239844208016, 32.061570533004506 ], [ -91.025593574010443, 32.061134357273914 ], [ -91.02563286768806, 32.06068322250534 ], [ -91.026248316476696, 32.060249372492592 ], [ -91.026441838875115, 32.059768110182276 ], [ -91.026704794948543, 32.059325078589218 ], [ -91.027303286047427, 32.058659932375832 ], [ -91.027641178682828, 32.057991611425756 ], [ -91.029287977909519, 32.056017460515847 ], [ -91.030162207672618, 32.054637260609184 ], [ -91.031439353250363, 32.053540860626917 ], [ -91.032578075132591, 32.051285559966082 ], [ -91.034467438949008, 32.049639746781452 ], [ -91.03710982179814, 32.047716737958332 ], [ -91.041299671008716, 32.045418468042129 ], [ -91.044769965372765, 32.044551520384395 ], [ -91.047341308661998, 32.044620349994382 ], [ -91.050533507763717, 32.044849435289485 ], [ -91.05175233471698, 32.043838916465148 ], [ -91.051682496625943, 32.042417036156586 ], [ -91.051714252587317, 32.040201534306107 ], [ -91.052454212777548, 32.036731348308123 ], [ -91.052634759533518, 32.035196324399571 ], [ -91.052086359697995, 32.034709813442007 ], [ -91.050761049263826, 32.033860799053869 ], [ -91.051341418452807, 32.032383589388964 ], [ -91.051359031476238, 32.031857832719616 ], [ -91.052322356380401, 32.031381616301729 ], [ -91.052423219947627, 32.030229143256022 ], [ -91.052384199147284, 32.029887849968731 ], [ -91.052112825576486, 32.029046509893597 ], [ -91.052111817309694, 32.028727133853302 ], [ -91.052717316106637, 32.027984373915018 ], [ -91.053200568826554, 32.027791071998926 ], [ -91.053497955470419, 32.027560116095152 ], [ -91.053209581351354, 32.026994025292588 ], [ -91.053697153726176, 32.02607948180983 ], [ -91.053534639324539, 32.025220546199556 ], [ -91.053216054193967, 32.023938796718099 ], [ -91.053231579617133, 32.023503280470536 ], [ -91.053378778493538, 32.022036334929261 ], [ -91.053381400815795, 32.021884774775536 ], [ -91.053228419075523, 32.021452860829505 ], [ -91.053040785958629, 32.021000951832953 ], [ -91.053305270091556, 32.020305350886289 ], [ -91.053169028607144, 32.019626232617142 ], [ -91.053270357653489, 32.018597266165237 ], [ -91.053259462690875, 32.018404336842423 ], [ -91.05261201596629, 32.018030632001192 ], [ -91.052037140512212, 32.018057214977922 ], [ -91.053030401517091, 32.016216118556791 ], [ -91.053484075253621, 32.016084292940157 ], [ -91.053748918217437, 32.015323436107593 ], [ -91.053899349056877, 32.015111236075079 ], [ -91.05397363859845, 32.01486585056454 ], [ -91.053801322192498, 32.014287505400013 ], [ -91.053691347508419, 32.013860966050764 ], [ -91.053900245174461, 32.013238573726753 ], [ -91.054017896538454, 32.012698131942088 ], [ -91.054102747406262, 32.012527094949718 ], [ -91.054265350373115, 32.012288076971352 ], [ -91.054267787648115, 32.01204912255993 ], [ -91.054300372160924, 32.011553604961463 ], [ -91.054360825697458, 32.011418082514162 ], [ -91.054510127973941, 32.011259824165336 ], [ -91.05461658222977, 32.010890458538029 ], [ -91.054916809782853, 32.010518598008531 ], [ -91.055090752617673, 32.010087192871161 ], [ -91.054965418891996, 32.009557025505089 ], [ -91.05534545378552, 32.008694915852217 ], [ -91.055533266978827, 32.008553622725913 ], [ -91.055672214267446, 32.008215166001335 ], [ -91.055865818800598, 32.00803114517057 ], [ -91.055956994167659, 32.007690943670767 ], [ -91.056265254925748, 32.007168107352989 ], [ -91.056387626367467, 32.006893570914229 ], [ -91.05652225060328, 32.006715482262706 ], [ -91.056662862451404, 32.006448851304718 ], [ -91.056868279945363, 32.00612610089761 ], [ -91.057120451524128, 32.006014274264217 ], [ -91.057559634116998, 32.005595553056686 ], [ -91.058830872053989, 32.003224822642522 ], [ -91.063087532830735, 31.994676532315104 ], [ -91.066534430266259, 31.98476221439681 ], [ -91.066188137386405, 31.983372983387344 ], [ -91.065809581248743, 31.98261115471232 ], [ -91.065300578890941, 31.982134121637284 ], [ -91.065184903597569, 31.981843082013828 ], [ -91.065025338832356, 31.981171435584923 ], [ -91.06528925728685, 31.980455494499502 ], [ -91.064971310896496, 31.979884675203454 ], [ -91.064987492783914, 31.979262513894362 ], [ -91.065391129287306, 31.978870638477236 ], [ -91.065648171829935, 31.978652434376365 ], [ -91.066083851857201, 31.978464447272522 ], [ -91.06622243676496, 31.978131986842147 ], [ -91.066917536571466, 31.97761861315637 ], [ -91.06718702047705, 31.977579280195638 ], [ -91.067559119645111, 31.977352619506224 ], [ -91.068041965174487, 31.976941473267708 ], [ -91.068715988052389, 31.976423256349431 ], [ -91.070210998793129, 31.975835644572729 ], [ -91.070522809131916, 31.975075485211054 ], [ -91.070990482695763, 31.974476095073062 ], [ -91.072162360092506, 31.974328167780534 ], [ -91.072897968878166, 31.97441467136418 ], [ -91.073704034351323, 31.974135327137667 ], [ -91.073842971227066, 31.973627029003911 ], [ -91.076639621505876, 31.972269850928505 ], [ -91.076525337983767, 31.97169016287625 ], [ -91.076094211273201, 31.971380344213642 ], [ -91.075779896715616, 31.97104721995726 ], [ -91.081453221270863, 31.968958051730503 ], [ -91.081514966212154, 31.969707110711941 ], [ -91.081892499426189, 31.970451863897349 ], [ -91.081976536739049, 31.970961043883385 ], [ -91.082431733566196, 31.971813274533236 ], [ -91.082597502919697, 31.972428690491867 ], [ -91.083207351201281, 31.973328530165141 ], [ -91.083545011789226, 31.973483967414079 ], [ -91.084028462180612, 31.973414518326521 ], [ -91.08434817416051, 31.973224589146163 ], [ -91.084587935112964, 31.972969708299495 ], [ -91.08530359593945, 31.972680921344118 ], [ -91.085770733075279, 31.972542901769078 ], [ -91.086532141101856, 31.972286656743719 ], [ -91.087372602843956, 31.972029242345872 ], [ -91.08795669187262, 31.971793304630097 ], [ -91.088654031136315, 31.97159889982975 ], [ -91.08970444451036, 31.971399230915463 ], [ -91.090652584571473, 31.971107493267496 ], [ -91.090996364618121, 31.971049678611177 ], [ -91.091397353329796, 31.970532900171332 ], [ -91.094153504154505, 31.968588302236075 ], [ -91.101355791745888, 31.96415764617576 ], [ -91.107939181600273, 31.961251603721688 ], [ -91.113164427602101, 31.959084328755321 ], [ -91.121560716474633, 31.958296060878826 ], [ -91.122959899829368, 31.957735967056465 ], [ -91.125021078655124, 31.956320439218381 ], [ -91.124687914895389, 31.955756220953905 ], [ -91.125281707107007, 31.955553905928376 ], [ -91.125741089574532, 31.95550419723353 ], [ -91.126224990010584, 31.955376331163205 ], [ -91.126555522831381, 31.955145544751748 ], [ -91.127324256147361, 31.954332685214411 ], [ -91.128008330360771, 31.953983647310544 ], [ -91.128323113663313, 31.953648442883157 ], [ -91.128475104185085, 31.95331009082453 ], [ -91.12844814849386, 31.952957589722377 ], [ -91.129078185973526, 31.952613308330463 ], [ -91.129455164303167, 31.952462323299489 ], [ -91.12975996711738, 31.952363983015019 ], [ -91.1304343235971, 31.952286393511695 ], [ -91.131094101501546, 31.951747509971636 ], [ -91.13229900886158, 31.950623589399502 ], [ -91.132174121187631, 31.949722885719876 ], [ -91.132326493708248, 31.949365715815812 ], [ -91.132689491638047, 31.949067044278014 ], [ -91.133359412250996, 31.949022869154522 ], [ -91.133922639375115, 31.948771511203006 ], [ -91.135455980936555, 31.94648213331627 ], [ -91.136844003678249, 31.944369363878938 ], [ -91.138288547917384, 31.942513852053885 ], [ -91.138029536514793, 31.941716169435612 ], [ -91.138643528937124, 31.940999551524396 ], [ -91.139055586336497, 31.940773318301115 ], [ -91.139650110626334, 31.94049742403892 ], [ -91.139795189213444, 31.940355204397555 ], [ -91.140166975698207, 31.94024694387274 ], [ -91.14032328908408, 31.940108406532193 ], [ -91.140325344147143, 31.939822877019118 ], [ -91.140983733578238, 31.939384547214846 ], [ -91.141213220075471, 31.939273683922643 ], [ -91.14130720456663, 31.939147015830233 ], [ -91.141532485846255, 31.93898232779194 ], [ -91.141731328067053, 31.939082098083709 ], [ -91.141623472731865, 31.935662950583453 ], [ -91.142566012623703, 31.934484404248629 ], [ -91.144698270597004, 31.932558701413683 ], [ -91.148126268020349, 31.931420762472907 ], [ -91.155957312246869, 31.927851835928312 ], [ -91.156608693974135, 31.927554934801822 ], [ -91.159395424859355, 31.926616711740927 ], [ -91.161738108487938, 31.92567592470084 ], [ -91.162798836527998, 31.925009739903302 ], [ -91.164906817546694, 31.921903541530391 ], [ -91.166617386015389, 31.918958587725058 ], [ -91.166560565915091, 31.918726243233433 ], [ -91.166694209645158, 31.918207304179468 ], [ -91.167007316051382, 31.917831742663747 ], [ -91.16718127684274, 31.917515586960331 ], [ -91.167411057124625, 31.917251567460102 ], [ -91.167810046466116, 31.917156821230535 ], [ -91.167927709841265, 31.917197762181964 ], [ -91.168069970884176, 31.916795335507551 ], [ -91.168363684244355, 31.91680121590861 ], [ -91.168822454998221, 31.916636919799192 ], [ -91.168962742684258, 31.916595347304437 ], [ -91.169625662552633, 31.916358637115266 ], [ -91.170066766946647, 31.916190924271433 ], [ -91.170331186380096, 31.916054858964127 ], [ -91.170716240712935, 31.91557806417817 ], [ -91.170817467574096, 31.915505610468433 ], [ -91.172367482077831, 31.915373238560996 ], [ -91.178188924996974, 31.912404915417035 ], [ -91.17911964697015, 31.911246602644162 ], [ -91.179504364728544, 31.91093556201902 ], [ -91.17977716642288, 31.910395195569773 ], [ -91.179932200029, 31.910163823957291 ], [ -91.180192238243194, 31.909776380025477 ], [ -91.180537831142686, 31.909411434077249 ], [ -91.180932981737527, 31.90913991413483 ], [ -91.181819673026723, 31.908090496763627 ], [ -91.182404342006322, 31.907779494312173 ], [ -91.182929968562277, 31.907520667246889 ], [ -91.182957790300961, 31.906789315125714 ], [ -91.183450815969351, 31.906352168298035 ], [ -91.183887372090553, 31.906024150073307 ], [ -91.183976536767688, 31.905573239455585 ], [ -91.183915475316041, 31.905443793894751 ], [ -91.184458134810285, 31.905222991995892 ], [ -91.184792785151217, 31.904960943432556 ], [ -91.185144242199868, 31.904427484456708 ], [ -91.185326247145227, 31.904022826913728 ], [ -91.18550918075843, 31.903910943841222 ], [ -91.186064234968285, 31.903563837179217 ], [ -91.186263818038455, 31.903367048365652 ], [ -91.1865668874336, 31.90307593061468 ], [ -91.186629086995524, 31.902867570357071 ], [ -91.186510806643014, 31.902544543252134 ], [ -91.186118210327123, 31.902805890675662 ], [ -91.186032396044865, 31.902288504824973 ], [ -91.185720645501846, 31.901901054174719 ], [ -91.185391685434652, 31.901667403903375 ], [ -91.184788047852436, 31.901796634206352 ], [ -91.185506413866264, 31.900810472356724 ], [ -91.186003033211904, 31.901138328099766 ], [ -91.186356618093171, 31.901276755842499 ], [ -91.186523138505081, 31.901436653948387 ], [ -91.186750385012985, 31.901523127489142 ], [ -91.18718355708306, 31.901545239011408 ], [ -91.18732966844378, 31.90149003828795 ], [ -91.187484012569243, 31.901155598602529 ], [ -91.187689849494717, 31.900912180072517 ], [ -91.187811487606353, 31.900685049014918 ], [ -91.187867888373688, 31.90038229434268 ], [ -91.187930287613909, 31.900231849007106 ], [ -91.188268068453368, 31.899973120595956 ], [ -91.188561153699169, 31.899585292569977 ], [ -91.188606954789648, 31.899427741065512 ], [ -91.188531342061879, 31.899220226026852 ], [ -91.188560204935925, 31.898905277696606 ], [ -91.18899065310697, 31.898828858257971 ], [ -91.18924068053991, 31.89848785504612 ], [ -91.189494670372525, 31.898170113003069 ], [ -91.189640525192388, 31.897896410906402 ], [ -91.189848785803875, 31.897428209129782 ], [ -91.189880325279489, 31.897114084840084 ], [ -91.19061627503774, 31.89651748863476 ], [ -91.190863538424438, 31.89631882389385 ], [ -91.191206084298713, 31.895824038690208 ], [ -91.191500675994504, 31.895345673194154 ], [ -91.191685200166503, 31.895171676181302 ], [ -91.19190732229481, 31.894613824973842 ], [ -91.192383189629425, 31.893859358193172 ], [ -91.192797027128989, 31.893698371040575 ], [ -91.193132466376824, 31.893486777026226 ], [ -91.19332502908172, 31.893059105593121 ], [ -91.193706843539672, 31.892711650868968 ], [ -91.193779086169513, 31.892491279315379 ], [ -91.193567985532752, 31.892219704104932 ], [ -91.193508654439043, 31.892038465925662 ], [ -91.193800289289314, 31.892042418666644 ], [ -91.194157358589607, 31.892166053161024 ], [ -91.194489830788029, 31.892189869949057 ], [ -91.194985769002272, 31.892010872905558 ], [ -91.195092686770224, 31.891891656861649 ], [ -91.197353382732942, 31.888865895860313 ], [ -91.198061745136272, 31.88633822142787 ], [ -91.200023068016776, 31.880816638374782 ], [ -91.20028729870964, 31.878175686636723 ], [ -91.2008243244032, 31.871860172973097 ], [ -91.199715614136096, 31.865052651251652 ], [ -91.199334472949616, 31.863864549819105 ], [ -91.199221172159909, 31.863054275836269 ], [ -91.198872883023853, 31.862727352639723 ], [ -91.19809639888669, 31.862095936293052 ], [ -91.197848229614976, 31.861679585939729 ], [ -91.197208041149153, 31.860482955358268 ], [ -91.197060055848198, 31.860212646732833 ], [ -91.196737617897938, 31.85980554987276 ], [ -91.196305760692027, 31.859568571435208 ], [ -91.195817766405156, 31.859406286386363 ], [ -91.195395922484423, 31.85926708139748 ], [ -91.194963888892417, 31.859022628683707 ], [ -91.194847677368372, 31.858691855730285 ], [ -91.194599909626319, 31.858192018853728 ], [ -91.195212468018411, 31.858032775631834 ], [ -91.195457177391376, 31.857588478766072 ], [ -91.195567053799081, 31.857189572714695 ], [ -91.195824148042604, 31.856555724786201 ], [ -91.195951214186749, 31.85637676699892 ], [ -91.195963920939931, 31.855972991173925 ], [ -91.195714903381656, 31.855732817759669 ], [ -91.195446772373046, 31.855148615256674 ], [ -91.195421286466043, 31.854837355963618 ], [ -91.195256375762895, 31.854409633889581 ], [ -91.19560725680104, 31.85347886579261 ], [ -91.195886384125004, 31.852866208567463 ], [ -91.197512410703013, 31.85128758220581 ], [ -91.197391612879301, 31.849667252383824 ], [ -91.197379678657001, 31.849473462099297 ], [ -91.197315755036428, 31.84911827582129 ], [ -91.197313136544395, 31.848842455675364 ], [ -91.197340624579411, 31.848561883468928 ], [ -91.197346571197428, 31.848228871802913 ], [ -91.197439439960121, 31.848008654245412 ], [ -91.197431845146184, 31.847626387521682 ], [ -91.197356271827729, 31.847337852368536 ], [ -91.197315527940859, 31.847030555349651 ], [ -91.19741221569889, 31.846737665240017 ], [ -91.197529631732323, 31.846489718400044 ], [ -91.197523618042652, 31.846307549774078 ], [ -91.197489722502965, 31.846033232466429 ], [ -91.197420591493156, 31.845730049666763 ], [ -91.197271570858547, 31.845205296523183 ], [ -91.197181433619605, 31.844928572103715 ], [ -91.197060735606229, 31.844741495763245 ], [ -91.197336982082959, 31.844176313566347 ], [ -91.197363448146888, 31.844009390431658 ], [ -91.197263013971096, 31.843567722166842 ], [ -91.1975701753409, 31.842845398390732 ], [ -91.197512333052273, 31.842486914989802 ], [ -91.197461490737979, 31.842185223244062 ], [ -91.197290731433355, 31.84196971201019 ], [ -91.196956510092932, 31.841409671872668 ], [ -91.196812258893701, 31.841365482033407 ], [ -91.196578754455942, 31.841289759102768 ], [ -91.196406385438976, 31.841166199594117 ], [ -91.19640518958046, 31.841138790379429 ], [ -91.196592055051269, 31.840988324034068 ], [ -91.196646505699874, 31.840943399450556 ], [ -91.196673115225266, 31.84087241244384 ], [ -91.196477373743491, 31.840623497890295 ], [ -91.196273027376336, 31.84046055237518 ], [ -91.196232241134766, 31.840405156531936 ], [ -91.196284333705393, 31.840317139896626 ], [ -91.196360156486733, 31.840292316286941 ], [ -91.196420004167777, 31.840257215845185 ], [ -91.19711480710798, 31.838507606113811 ], [ -91.197183543250944, 31.838367716548351 ], [ -91.197103297919682, 31.837911629255689 ], [ -91.196985429528453, 31.837097919305553 ], [ -91.197002038408954, 31.836916715585865 ], [ -91.196915493163985, 31.836731097378905 ], [ -91.1969967425307, 31.836576820347609 ], [ -91.197131637826857, 31.836415601068428 ], [ -91.197169784622702, 31.836163903053198 ], [ -91.197101827004104, 31.835813153911754 ], [ -91.1970226512816, 31.835664091610862 ], [ -91.197288101252141, 31.835221019019521 ], [ -91.197427910121377, 31.835160204782589 ], [ -91.197621497067075, 31.834958504472738 ], [ -91.197719588446631, 31.834796419951413 ], [ -91.197856250699402, 31.834679332659189 ], [ -91.197928279550013, 31.834433347104838 ], [ -91.1978859150978, 31.834205916850898 ], [ -91.197741789795614, 31.834056207361314 ], [ -91.197626143734581, 31.833884976832636 ], [ -91.197716622921746, 31.833672823805845 ], [ -91.197784011783313, 31.833504450914845 ], [ -91.197691392586833, 31.833229035572309 ], [ -91.197520844200795, 31.833099868343112 ], [ -91.197230322274137, 31.832975515184739 ], [ -91.197078228396833, 31.832936318312594 ], [ -91.196900949336381, 31.83288112058316 ], [ -91.196708307425226, 31.832902010800876 ], [ -91.196540790808641, 31.832934635205767 ], [ -91.1966495321373, 31.832515411030766 ], [ -91.196799610471714, 31.832560207167866 ], [ -91.196986103248733, 31.832556108273717 ], [ -91.197105793810195, 31.832475246880101 ], [ -91.197553410367036, 31.83218102343923 ], [ -91.197865214195531, 31.832360292973682 ], [ -91.197979428184226, 31.832323609402895 ], [ -91.19807922675399, 31.832233013236941 ], [ -91.198163188954311, 31.832145647744586 ], [ -91.198205598749695, 31.832056149013077 ], [ -91.198162866810236, 31.831690843847809 ], [ -91.198066919374625, 31.831351685850954 ], [ -91.197947958907321, 31.8309760122801 ], [ -91.197847892179595, 31.830598659611937 ], [ -91.197659538868137, 31.830203671673836 ], [ -91.197415664418813, 31.829748747440604 ], [ -91.197164375705327, 31.829389792969742 ], [ -91.19689611837903, 31.829161930189592 ], [ -91.196670628865718, 31.828965032333116 ], [ -91.196363184827078, 31.828713106354574 ], [ -91.196082912734013, 31.828631824103059 ], [ -91.195857813123368, 31.828570668398051 ], [ -91.195732535178408, 31.828472925327159 ], [ -91.195592307242023, 31.828340787832886 ], [ -91.195397800516801, 31.82822977655605 ], [ -91.195188236259668, 31.82817745659764 ], [ -91.195053068611372, 31.828146797688554 ], [ -91.194832999161548, 31.828141993801086 ], [ -91.194635060235086, 31.828234070242949 ], [ -91.194511858180988, 31.828310515400084 ], [ -91.194308281274914, 31.828407324153428 ], [ -91.194153720340637, 31.828549934492358 ], [ -91.194026680692872, 31.828718594759049 ], [ -91.193564643505539, 31.828492372948041 ], [ -91.193595413675524, 31.82825705575117 ], [ -91.193595325182528, 31.827947933916668 ], [ -91.193517827874018, 31.827757011915502 ], [ -91.193335072445663, 31.827591782580896 ], [ -91.192995861937789, 31.827497308406485 ], [ -91.192780159281767, 31.827509031661094 ], [ -91.192661548810406, 31.827464866669143 ], [ -91.192570262312557, 31.827176353702701 ], [ -91.192402255836527, 31.826896278930157 ], [ -91.192183793926588, 31.826790986059393 ], [ -91.192051695413696, 31.826805579077426 ], [ -91.193012881328684, 31.825291566641855 ], [ -91.193260298886486, 31.825318153884709 ], [ -91.193452514681198, 31.825254969897866 ], [ -91.193541059782092, 31.82519800450023 ], [ -91.193629817132944, 31.825079579490218 ], [ -91.193842879588061, 31.82500307533337 ], [ -91.193928309627552, 31.825024499730613 ], [ -91.194058058135283, 31.825098276136664 ], [ -91.194167543951465, 31.825187884157657 ], [ -91.194309619240968, 31.825303048766649 ], [ -91.194496180871639, 31.825325605845933 ], [ -91.194615428922887, 31.825353807531162 ], [ -91.194732872826748, 31.825415686243169 ], [ -91.194813314378436, 31.82547313788514 ], [ -91.194939095223916, 31.825562376867072 ], [ -91.195066262573292, 31.825645990099144 ], [ -91.19511654264997, 31.825739102187661 ], [ -91.195164578960672, 31.82598383519553 ], [ -91.195199636657179, 31.826043606959111 ], [ -91.195809950123589, 31.826702541898165 ], [ -91.195958033672198, 31.826589142402291 ], [ -91.196098981097521, 31.826347526082479 ], [ -91.196083927180496, 31.826191967004892 ], [ -91.195995419585586, 31.825867334056991 ], [ -91.19590522863264, 31.82558491055806 ], [ -91.195758299331715, 31.825220823709781 ], [ -91.195662873287503, 31.824910106020436 ], [ -91.19541477048439, 31.824461386456239 ], [ -91.195273156833565, 31.824108540264756 ], [ -91.195179071213815, 31.823831633297655 ], [ -91.195193812563602, 31.823392034554459 ], [ -91.195247082212674, 31.823106868939242 ], [ -91.195376718413215, 31.822892837420909 ], [ -91.195427730130874, 31.822748988700823 ], [ -91.195411672759391, 31.822504912946901 ], [ -91.195245034655528, 31.822244085474441 ], [ -91.195377882145849, 31.821751626760875 ], [ -91.19553357922608, 31.82169860087291 ], [ -91.195767139464422, 31.821582820457134 ], [ -91.195785737278925, 31.821401696996272 ], [ -91.195812772477836, 31.821193575683981 ], [ -91.195820943269482, 31.821039364713069 ], [ -91.195654572349156, 31.820788141955951 ], [ -91.19544067998639, 31.82066457312358 ], [ -91.195207471334797, 31.82058316953534 ], [ -91.195023118021567, 31.820562484108383 ], [ -91.194770013902129, 31.820571542983835 ], [ -91.194519681751117, 31.820365755736642 ], [ -91.194521179454739, 31.820175727439374 ], [ -91.194452551414372, 31.820034926845828 ], [ -91.195187704288159, 31.819607699668957 ], [ -91.195369525358885, 31.819593455828031 ], [ -91.195510706741814, 31.81959879038715 ], [ -91.195638580822546, 31.81964761382639 ], [ -91.195912707247189, 31.819697724512416 ], [ -91.196095039576008, 31.819731113331571 ], [ -91.196255621110467, 31.819724486243043 ], [ -91.19632289169391, 31.819563211537815 ], [ -91.19648600623465, 31.819466798361919 ], [ -91.196592035061656, 31.819491234866192 ], [ -91.196673923738317, 31.819508597565019 ], [ -91.196736860712846, 31.819586618088465 ], [ -91.196798330401933, 31.819636506028722 ], [ -91.196904825623321, 31.819653145297199 ], [ -91.196960662312662, 31.819489959560403 ], [ -91.196903620030156, 31.819244838998678 ], [ -91.197001407245423, 31.818037405605349 ], [ -91.197102416179575, 31.817898182464873 ], [ -91.197091768926114, 31.81763728147827 ], [ -91.197016876094807, 31.817467788593955 ], [ -91.196886589011115, 31.817217044531269 ], [ -91.196733603562265, 31.816905280300052 ], [ -91.196545615712438, 31.816671607712099 ], [ -91.19628909275859, 31.816465912910072 ], [ -91.195837642903101, 31.816521910931353 ], [ -91.195645464953415, 31.816533935266516 ], [ -91.195709622008906, 31.816271972511686 ], [ -91.195993982156395, 31.816134915508897 ], [ -91.196386550212182, 31.815982237500908 ], [ -91.19657971947143, 31.815897414733062 ], [ -91.196817216752507, 31.815724239145194 ], [ -91.196878501649906, 31.815582249243008 ], [ -91.196887217883344, 31.815301212385133 ], [ -91.196854374258649, 31.81510260613388 ], [ -91.19693458380668, 31.815058427445635 ], [ -91.197071589427409, 31.815065002930201 ], [ -91.197165793337305, 31.815102790458351 ], [ -91.19729120132186, 31.815104960749057 ], [ -91.197520189450387, 31.814752695457713 ], [ -91.197662141470417, 31.813919514467468 ], [ -91.197729903408643, 31.813886883160226 ], [ -91.197856310883168, 31.813708950212941 ], [ -91.19792951091415, 31.813499248536317 ], [ -91.197915663638199, 31.813198768498783 ], [ -91.19788475257991, 31.812648125294416 ], [ -91.197923785627978, 31.812397165323596 ], [ -91.197971681277451, 31.812292975374042 ], [ -91.198124228311357, 31.812223821730658 ], [ -91.19822744589753, 31.812149358823003 ], [ -91.198280257693014, 31.81195761567497 ], [ -91.198372930873404, 31.811806663356272 ], [ -91.198454682401831, 31.811704988013965 ], [ -91.198560638067349, 31.811730486238481 ], [ -91.198615279731285, 31.811650390930041 ], [ -91.198621650187889, 31.811517419379875 ], [ -91.198606666164821, 31.811316734153387 ], [ -91.198568108607915, 31.811173312169533 ], [ -91.198580717061333, 31.811043094692245 ], [ -91.198657747109138, 31.810923806453371 ], [ -91.198749906533223, 31.810818312375211 ], [ -91.198868285504318, 31.810737746564367 ], [ -91.198979926371152, 31.810650496557091 ], [ -91.199008962309065, 31.810533418056359 ], [ -91.199038479269646, 31.810322200707308 ], [ -91.199163972510576, 31.810152398705323 ], [ -91.199345337054041, 31.810034731871923 ], [ -91.199478922827197, 31.809783907753772 ], [ -91.199607620830307, 31.809609623147466 ], [ -91.199782622085053, 31.809485998198817 ], [ -91.199851614413404, 31.80932550335493 ], [ -91.199889833296098, 31.809123185408062 ], [ -91.19993539051832, 31.8090018388211 ], [ -91.200020960671566, 31.808848448791029 ], [ -91.20018357810396, 31.808638661341064 ], [ -91.200218662542966, 31.808457172830149 ], [ -91.200173881096404, 31.808319524874687 ], [ -91.200031780456101, 31.808212179157874 ], [ -91.199420861436408, 31.808125635230308 ], [ -91.19915083169974, 31.808174484708925 ], [ -91.199020373027111, 31.808005810120196 ], [ -91.198885878039903, 31.807799298632006 ], [ -91.198590362989748, 31.807635285222187 ], [ -91.198327293180228, 31.807548342864905 ], [ -91.198096219444665, 31.807551244173528 ], [ -91.197781412688201, 31.807618782388694 ], [ -91.197482563850912, 31.807619491952529 ], [ -91.197300621958917, 31.807636220421355 ], [ -91.197281188525821, 31.807548690255274 ], [ -91.197364476071996, 31.807370331524286 ], [ -91.197443471103512, 31.807191788934642 ], [ -91.197549220802017, 31.807203066940584 ], [ -91.19768247038165, 31.807202019821641 ], [ -91.197716471469207, 31.807112513139163 ], [ -91.197731210205646, 31.807022181896798 ], [ -91.19767163058637, 31.806823139021404 ], [ -91.197470576650943, 31.806590680100555 ], [ -91.197843132126081, 31.806359324393892 ], [ -91.197942143271561, 31.806457012034929 ], [ -91.198052173823569, 31.806545932877569 ], [ -91.19822111231889, 31.806620319548752 ], [ -91.198408139667521, 31.806665988502527 ], [ -91.19860034071813, 31.80664614417773 ], [ -91.198711393593612, 31.80664769910366 ], [ -91.198893110553513, 31.806682125014753 ], [ -91.199078071757256, 31.806718466060612 ], [ -91.199313225924996, 31.806747360991221 ], [ -91.199556959860715, 31.806783728960578 ], [ -91.1999235846734, 31.806906367603585 ], [ -91.200026410445176, 31.806938482091525 ], [ -91.200146695012108, 31.806943628443985 ], [ -91.200282552925927, 31.806858478893769 ], [ -91.200361375497579, 31.806774086965682 ], [ -91.200486403330189, 31.806696290879525 ], [ -91.201007000982557, 31.806760844693699 ], [ -91.201436641919244, 31.806765009674841 ], [ -91.201496655634529, 31.806854985419829 ], [ -91.201533280975283, 31.806946447991411 ], [ -91.201598412385351, 31.806690560579185 ], [ -91.201619627767499, 31.806416094618633 ], [ -91.201837387512441, 31.806237088396017 ], [ -91.20200112863742, 31.806022371315912 ], [ -91.202039352823959, 31.805833909461857 ], [ -91.202025052663487, 31.80549858551117 ], [ -91.201812531081487, 31.805141636608099 ], [ -91.201887559338118, 31.804391208502008 ], [ -91.202080105678391, 31.804244167956131 ], [ -91.20222883135294, 31.804296720492847 ], [ -91.20231117914885, 31.804327246711605 ], [ -91.202444597321772, 31.804282852095316 ], [ -91.202571201526226, 31.804050200666943 ], [ -91.202558204028122, 31.803772138346609 ], [ -91.202584871201495, 31.80351176163343 ], [ -91.202629800602651, 31.803242572066214 ], [ -91.202744415702398, 31.803129861720198 ], [ -91.202805009437512, 31.803023724212551 ], [ -91.202852828089775, 31.80278699227852 ], [ -91.202856830538167, 31.802610923356514 ], [ -91.203025210228176, 31.801908565190967 ], [ -91.203216368021216, 31.801492816945306 ], [ -91.203372570172746, 31.801335074606417 ], [ -91.203545252626952, 31.801225818764369 ], [ -91.203623679342485, 31.800812022064065 ], [ -91.20380437913991, 31.800223159155063 ], [ -91.203774973875184, 31.799998402963421 ], [ -91.20366766598201, 31.799739047238852 ], [ -91.203866577157214, 31.799706689637606 ], [ -91.204009027775626, 31.799737652800648 ], [ -91.204271481002962, 31.799702681292832 ], [ -91.204436688195187, 31.799578156535112 ], [ -91.20476040801509, 31.799509322163846 ], [ -91.205103433807892, 31.799346322957426 ], [ -91.205399808988744, 31.799226454992425 ], [ -91.205654410183101, 31.799117237207696 ], [ -91.205970207118938, 31.799006014980616 ], [ -91.206097264903718, 31.798899162434687 ], [ -91.206257867274687, 31.798745419110219 ], [ -91.206489697826271, 31.798618526090372 ], [ -91.206620525751205, 31.798432596619879 ], [ -91.206825456203262, 31.798262269750552 ], [ -91.207020727675953, 31.798141275267845 ], [ -91.207090441876105, 31.798031616013063 ], [ -91.207231453472247, 31.797900130262466 ], [ -91.207444007014118, 31.797795507731934 ], [ -91.207635902742396, 31.79768005313829 ], [ -91.207751884802065, 31.797567040253735 ], [ -91.207977458096778, 31.797425308479678 ], [ -91.208239834203582, 31.797208398141329 ], [ -91.208502171326657, 31.797022043479625 ], [ -91.208616650191814, 31.796935970178055 ], [ -91.208780176625822, 31.796740064240346 ], [ -91.209004778686136, 31.796567020233788 ], [ -91.20925869658501, 31.796340507682626 ], [ -91.209481431946031, 31.796209311394442 ], [ -91.209702709117693, 31.796102569865944 ], [ -91.209910626107387, 31.796001653239497 ], [ -91.210065184125526, 31.795931502982967 ], [ -91.210185915272362, 31.795853156876785 ], [ -91.210303674973034, 31.795771841151637 ], [ -91.210595798268969, 31.795656041936045 ], [ -91.210853242100015, 31.795519929044975 ], [ -91.211033611776401, 31.795407529751795 ], [ -91.211183060308656, 31.795254013552526 ], [ -91.211299625411655, 31.795171579795603 ], [ -91.211450251444319, 31.794964814570204 ], [ -91.211576459097415, 31.794856142697064 ], [ -91.211757557552033, 31.794705042765699 ], [ -91.211870727833556, 31.794501652532688 ], [ -91.212001734642769, 31.794296536223342 ], [ -91.212103692098509, 31.7942003309577 ], [ -91.212216488370089, 31.794114182057235 ], [ -91.212248849517167, 31.793953179124369 ], [ -91.212256453843992, 31.793816702943012 ], [ -91.212275845469989, 31.793635603354133 ], [ -91.21231522887048, 31.793455357033277 ], [ -91.212360159562436, 31.793275347424906 ], [ -91.212456480762768, 31.793101084521133 ], [ -91.212497633214824, 31.792982740433924 ], [ -91.212511003469842, 31.792826967119421 ], [ -91.212572104172821, 31.792627393768161 ], [ -91.212660353414464, 31.792518166266284 ], [ -91.212834878758329, 31.792394499262343 ], [ -91.212891304628059, 31.792248735904906 ], [ -91.212883536343057, 31.792081400359589 ], [ -91.21282514166947, 31.791930736402819 ], [ -91.212824761159808, 31.791810264018469 ], [ -91.212989073885907, 31.791676566958444 ], [ -91.213085561640767, 31.791626319730639 ], [ -91.213196539856455, 31.791567096976582 ], [ -91.213339940060052, 31.791430374933711 ], [ -91.213443134041682, 31.791320363147328 ], [ -91.213563408365417, 31.791256562144721 ], [ -91.213658601543116, 31.791154025939896 ], [ -91.213927683415946, 31.791023021618567 ], [ -91.214157907890282, 31.790855536492405 ], [ -91.214225831940325, 31.790823257221689 ], [ -91.214319606645617, 31.790751573472551 ], [ -91.214324734163995, 31.790665447467475 ], [ -91.214415339615229, 31.790521852066345 ], [ -91.21449667574808, 31.790502226046055 ], [ -91.214644611133025, 31.790461989757841 ], [ -91.214769417753132, 31.790415436594113 ], [ -91.214887650880229, 31.790234288683074 ], [ -91.214936379435642, 31.789928652985786 ], [ -91.214882457328798, 31.789653459985281 ], [ -91.214598348301635, 31.789210324413105 ], [ -91.21433247144725, 31.788730655966681 ], [ -91.2140400446591, 31.788228178282544 ], [ -91.213865198834469, 31.78755553898251 ], [ -91.213865651106843, 31.78707348335023 ], [ -91.213775246370218, 31.786409620783925 ], [ -91.214262058713146, 31.786234837458345 ], [ -91.214632495608271, 31.786097299221655 ], [ -91.214675417829525, 31.786081362666742 ], [ -91.214863342771892, 31.786077158430558 ], [ -91.215330559249423, 31.786231536917658 ], [ -91.215699154171304, 31.786345039484139 ], [ -91.216108048202145, 31.786509148898713 ], [ -91.21615269927419, 31.786486608849472 ], [ -91.216306130626407, 31.786334263292968 ], [ -91.216553215520634, 31.786063688876681 ], [ -91.216716800917808, 31.785740663458867 ], [ -91.216706861543273, 31.785422459377198 ], [ -91.216524016204815, 31.785341327046439 ], [ -91.216164355841556, 31.785030931847594 ], [ -91.216184824085445, 31.784898555523483 ], [ -91.216142059254182, 31.784666831713597 ], [ -91.215999876392289, 31.784183911157275 ], [ -91.216193478388945, 31.783860547963222 ], [ -91.216377018534317, 31.78364177100287 ], [ -91.2166997058074, 31.783256495798177 ], [ -91.216918934469263, 31.783183408692739 ], [ -91.217492556801503, 31.782770457020284 ], [ -91.217133717484799, 31.782372854159476 ], [ -91.216750122081052, 31.782026489582329 ], [ -91.216535693048627, 31.78174845097308 ], [ -91.216599418136042, 31.780920045175066 ], [ -91.217014303285538, 31.78049773342789 ], [ -91.21737376427717, 31.780036389059237 ], [ -91.217453116887441, 31.779673100051031 ], [ -91.217393557945925, 31.77921832953502 ], [ -91.217212283114776, 31.778868369742209 ], [ -91.217060516433847, 31.778717276302135 ], [ -91.216994234438616, 31.778651288079974 ], [ -91.217170665970428, 31.778519684768817 ], [ -91.217493321524231, 31.778269232108752 ], [ -91.21784396327763, 31.77819862801633 ], [ -91.218293322250801, 31.777924450134343 ], [ -91.218644789056995, 31.777597206753061 ], [ -91.219070520820097, 31.776992011173363 ], [ -91.219531467137898, 31.776522762271814 ], [ -91.219901043552795, 31.775890723944144 ], [ -91.219995503570047, 31.775515852515159 ], [ -91.220191473664869, 31.775133085136762 ], [ -91.220352750958739, 31.775091069306409 ], [ -91.220593265302384, 31.774930205191055 ], [ -91.220677575189995, 31.774726015560329 ], [ -91.220623703114924, 31.774418156127574 ], [ -91.220612404230749, 31.77437211570108 ], [ -91.220553984181464, 31.774134066144526 ], [ -91.220729753008001, 31.773848216500987 ], [ -91.220844935405097, 31.773853125583287 ], [ -91.221058823415987, 31.773654457842916 ], [ -91.221140232313289, 31.773499034084995 ], [ -91.221830152643321, 31.772819526020854 ], [ -91.222065677770715, 31.772499552494242 ], [ -91.221947691467392, 31.772298963905268 ], [ -91.221687086897504, 31.772312304227388 ], [ -91.221291107783188, 31.772417655475355 ], [ -91.221124858736573, 31.772300567181592 ], [ -91.220970121220248, 31.772146151800396 ], [ -91.221304244432986, 31.771953757143542 ], [ -91.221541124783997, 31.771853848637139 ], [ -91.221716067727627, 31.771824635850145 ], [ -91.222022036454263, 31.771776560742403 ], [ -91.222225049485942, 31.771760765831413 ], [ -91.222591396747973, 31.771832732078348 ], [ -91.222717985678742, 31.77157197639098 ], [ -91.222740142510645, 31.771304994580607 ], [ -91.222887276580863, 31.771173391347517 ], [ -91.223030224916542, 31.771098108558693 ], [ -91.223152949514301, 31.770925311713487 ], [ -91.223306719305029, 31.770727897424763 ], [ -91.223510360347532, 31.770589816986458 ], [ -91.224010365007715, 31.770100136443062 ], [ -91.22411397283534, 31.769943580449066 ], [ -91.224109238440576, 31.769717737885138 ], [ -91.224406551657182, 31.769272367433736 ], [ -91.224866030340479, 31.768770651562438 ], [ -91.225425348998428, 31.768396488265488 ], [ -91.225506066455011, 31.768148344079396 ], [ -91.225599344979855, 31.767948350294429 ], [ -91.225837979297282, 31.767833786574553 ], [ -91.225956060384433, 31.767747846945714 ], [ -91.226064704798745, 31.767527541810892 ], [ -91.226255161830125, 31.767413413338719 ], [ -91.226415153761067, 31.767345958596611 ], [ -91.226491054927109, 31.767224820539329 ], [ -91.22682420449469, 31.766945846703951 ], [ -91.227007112468456, 31.766872259834205 ], [ -91.22710187116131, 31.766673748931044 ], [ -91.227342722451169, 31.766611866913788 ], [ -91.227599961220022, 31.766544285753163 ], [ -91.2279058726985, 31.766420144232963 ], [ -91.227985668212767, 31.766351761392304 ], [ -91.22914269267909, 31.765489192188319 ], [ -91.229507207112292, 31.765094992601103 ], [ -91.229631979787271, 31.764924406950211 ], [ -91.229799324514758, 31.764727560331611 ], [ -91.229977432794669, 31.764577365853114 ], [ -91.230043818560375, 31.764480338923494 ], [ -91.230140877176552, 31.764251718758093 ], [ -91.230259391749513, 31.764075180542815 ], [ -91.230511981526107, 31.764135318388711 ], [ -91.230723745924919, 31.764186967548749 ], [ -91.230874401236122, 31.764172410695128 ], [ -91.231049569930207, 31.764126560143897 ], [ -91.231308084559359, 31.763858611755154 ], [ -91.231363575333248, 31.763642791523722 ], [ -91.231426741333905, 31.763444354084921 ], [ -91.231402582660436, 31.763158341583168 ], [ -91.23131256106258, 31.762902219182266 ], [ -91.231386470319535, 31.76283216202377 ], [ -91.231460873291226, 31.762699494663924 ], [ -91.231622673277812, 31.762478691814113 ], [ -91.232138166071721, 31.762307136533778 ], [ -91.232285046927515, 31.762417314213096 ], [ -91.232392397496582, 31.762421879168869 ], [ -91.232532991979227, 31.762373490106992 ], [ -91.232621369202278, 31.762264604231969 ], [ -91.232654799697826, 31.762045491978469 ], [ -91.232791498787421, 31.76192146964306 ], [ -91.233003028427788, 31.761875275124403 ], [ -91.233222981978003, 31.761890422765806 ], [ -91.233491477202392, 31.761834322597327 ], [ -91.233618599169219, 31.761761906756529 ], [ -91.23373777071626, 31.761682045915435 ], [ -91.233771961329509, 31.761499408303543 ], [ -91.233925698576613, 31.761355301256629 ], [ -91.233905571571071, 31.761247131846627 ], [ -91.234646918861486, 31.760658214177937 ], [ -91.235123929506017, 31.760625186556155 ], [ -91.235461054736447, 31.760373716604917 ], [ -91.235803259445817, 31.760036468176981 ], [ -91.23586197638825, 31.75993591347715 ], [ -91.236029084631909, 31.759850624922439 ], [ -91.236349794748023, 31.759722114507657 ], [ -91.236506743039769, 31.759581670528444 ], [ -91.236591984461441, 31.759414016264046 ], [ -91.236848147362437, 31.759231237000574 ], [ -91.23715227804955, 31.759228522561695 ], [ -91.237379461456371, 31.75924990006974 ], [ -91.237536410430536, 31.759205042325807 ], [ -91.237684007772003, 31.759148060762243 ], [ -91.237897764262215, 31.759128712964259 ], [ -91.237993775311324, 31.758981059038017 ], [ -91.238095262575314, 31.758866684645735 ], [ -91.238573025976521, 31.758643565424077 ], [ -91.239193530425908, 31.758213298978259 ], [ -91.239792997892991, 31.758056817356678 ], [ -91.240343544682446, 31.757729111553083 ], [ -91.240848795098216, 31.757326634462427 ], [ -91.24101018530834, 31.757353740162497 ], [ -91.241129789393028, 31.757374452397734 ], [ -91.241361198914731, 31.757370416654716 ], [ -91.241513504009333, 31.757426984953401 ], [ -91.241575859561564, 31.757433185056993 ], [ -91.241856883925323, 31.757416685007698 ], [ -91.241945330355492, 31.757442825516495 ], [ -91.242097436691068, 31.757586088645372 ], [ -91.24213874899938, 31.757701552170591 ], [ -91.242131907691416, 31.757857968741362 ], [ -91.242033630907514, 31.757957203142979 ], [ -91.242212969234828, 31.75803728732404 ], [ -91.242553293133497, 31.758060985518579 ], [ -91.242683288339038, 31.757991168843603 ], [ -91.242906267276993, 31.757982507972208 ], [ -91.243208369051885, 31.757928877016525 ], [ -91.243390317355775, 31.757886848648916 ], [ -91.243608156397045, 31.757803701394185 ], [ -91.243693626244124, 31.75769219597985 ], [ -91.243669498518457, 31.757507814696371 ], [ -91.24366690729785, 31.757475368425148 ], [ -91.24388514247552, 31.757392592780231 ], [ -91.244123898375832, 31.757370740441409 ], [ -91.244341771916822, 31.757340184203407 ], [ -91.24451715188043, 31.757256655473732 ], [ -91.24470276116493, 31.757200566537193 ], [ -91.24501492704519, 31.757109691198941 ], [ -91.2452391454527, 31.757014374339768 ], [ -91.245409964366957, 31.756905065993649 ], [ -91.245659478089138, 31.756830720373117 ], [ -91.245917922320089, 31.756805790441781 ], [ -91.246193265702075, 31.756885337046523 ], [ -91.246358886038891, 31.756879922736985 ], [ -91.246409106483469, 31.756867838397955 ], [ -91.246623690182602, 31.756871606691355 ], [ -91.246740197199131, 31.756905684697799 ], [ -91.246943795631708, 31.756907209893942 ], [ -91.247162757472637, 31.756836895849304 ], [ -91.24793710053747, 31.756455745358885 ], [ -91.247911604521022, 31.756249986305278 ], [ -91.24851870840898, 31.755889104144249 ], [ -91.248722136780358, 31.755893461771976 ], [ -91.249031614385473, 31.755810634438205 ], [ -91.249159213923434, 31.755767004330735 ], [ -91.249414705702591, 31.755674781268542 ], [ -91.249583608737296, 31.755661683829143 ], [ -91.249713828080658, 31.755468919422398 ], [ -91.249904243606238, 31.755366830886622 ], [ -91.25004502452974, 31.755316651404282 ], [ -91.250348871627409, 31.755162157670821 ], [ -91.250702662256089, 31.755092574250483 ], [ -91.251027534460349, 31.755047349523277 ], [ -91.251269378888068, 31.754976575547147 ], [ -91.251365693138951, 31.7550115702741 ], [ -91.251570249947775, 31.754950587239453 ], [ -91.251797446363298, 31.754918279603324 ], [ -91.252001165682259, 31.754844823266865 ], [ -91.253202735018306, 31.754145929604139 ], [ -91.253445286834747, 31.754116400959674 ], [ -91.25373805540417, 31.754037472884615 ], [ -91.253842130629309, 31.753978272434477 ], [ -91.254056537346827, 31.753880035411463 ], [ -91.25421444966976, 31.753822047762085 ], [ -91.254337606918412, 31.753761167251003 ], [ -91.254369325399466, 31.753671541695486 ], [ -91.254474591613501, 31.753585029520483 ], [ -91.254760917430545, 31.753661467129874 ], [ -91.254888114777003, 31.753676090129169 ], [ -91.255168287346066, 31.753687948818687 ], [ -91.255337519306764, 31.753654957506175 ], [ -91.255517065268677, 31.7535875786741 ], [ -91.255738603277294, 31.753473294451268 ], [ -91.257286947360569, 31.75270339457138 ], [ -91.25743313024951, 31.752527642383487 ], [ -91.25758224181746, 31.752352013871114 ], [ -91.257739188542459, 31.752329870339434 ], [ -91.258163202241775, 31.752278514292513 ], [ -91.258324603997153, 31.752237725109008 ], [ -91.258480538393457, 31.752117107152838 ], [ -91.258590833633676, 31.751939835492522 ], [ -91.258643504184633, 31.751750887474653 ], [ -91.258875757203342, 31.751267846344863 ], [ -91.259263398539815, 31.751201800202946 ], [ -91.259486910639083, 31.751068048059704 ], [ -91.25964933100218, 31.750988567416112 ], [ -91.259841128290915, 31.750919567733977 ], [ -91.25993156955478, 31.750813945554626 ], [ -91.259929099347673, 31.750580023602904 ], [ -91.259915623247338, 31.750342438055871 ], [ -91.259902787854358, 31.750241687737994 ], [ -91.259743136676917, 31.749957011753203 ], [ -91.259608607863299, 31.749766587149018 ], [ -91.25950855378737, 31.749528182687094 ], [ -91.259422977329223, 31.749271912231002 ], [ -91.259276185041699, 31.749057826405778 ], [ -91.259139794374761, 31.748870120520589 ], [ -91.259315920901244, 31.748378306393832 ], [ -91.260073095287638, 31.748225545106536 ], [ -91.260325796356966, 31.748208513093026 ], [ -91.26060343245922, 31.748147405664422 ], [ -91.260935423673487, 31.748075092346166 ], [ -91.261220100827089, 31.747933617258017 ], [ -91.261631752724895, 31.747769436425656 ], [ -91.261924967873924, 31.7476610124336 ], [ -91.262320534585683, 31.747552649445442 ], [ -91.262760586326493, 31.747562525468982 ], [ -91.263129173086526, 31.747619160141639 ], [ -91.263277119887164, 31.747651707613173 ], [ -91.263432557422959, 31.747687058832728 ], [ -91.263558946017483, 31.747510461590878 ], [ -91.263565120372036, 31.747377111939603 ], [ -91.263788842731273, 31.746596683584823 ], [ -91.264660430632546, 31.746044284263217 ], [ -91.264913301376168, 31.7459583118581 ], [ -91.265242083642747, 31.745787063774234 ], [ -91.265396186931738, 31.745739915432164 ], [ -91.265471276790421, 31.745618715299241 ], [ -91.265512102926778, 31.74540971829272 ], [ -91.26558371730323, 31.745149785414693 ], [ -91.265807221155683, 31.744880276916227 ], [ -91.265968102019684, 31.744839099625757 ], [ -91.266131822224338, 31.744763928570485 ], [ -91.266346553633085, 31.744714719873794 ], [ -91.266422149526875, 31.744629430545725 ], [ -91.266482406974959, 31.744528568787423 ], [ -91.266625128480143, 31.744496573468037 ], [ -91.26690787766421, 31.744462317819956 ], [ -91.267038062138056, 31.744404562852459 ], [ -91.267077214121201, 31.744332658878168 ], [ -91.267212988619974, 31.74418523654824 ], [ -91.267342001212086, 31.744129563838257 ], [ -91.267486363145395, 31.744037582784028 ], [ -91.267518914178851, 31.743801584152187 ], [ -91.267384050800914, 31.743557450912579 ], [ -91.267288277926568, 31.743360097239151 ], [ -91.267295300848659, 31.743212213153193 ], [ -91.267410829855834, 31.743221710622247 ], [ -91.267654432340194, 31.743196816179573 ], [ -91.267818109693337, 31.743141895739953 ], [ -91.267856062488349, 31.74304222351407 ], [ -91.267833086071278, 31.742799971290907 ], [ -91.268210589154549, 31.74259701303782 ], [ -91.268333743035029, 31.742553529066345 ], [ -91.268376621963171, 31.742402183513359 ], [ -91.268325275484898, 31.742160865645278 ], [ -91.268224900814474, 31.741825590368332 ], [ -91.268238278102444, 31.741698436331315 ], [ -91.268280823887707, 31.741451131977335 ], [ -91.26852989766617, 31.741301028135176 ], [ -91.268596489165517, 31.741201142923771 ], [ -91.268820413729003, 31.741045357250464 ], [ -91.269050244724809, 31.740926421519195 ], [ -91.270523403442979, 31.740965138894133 ], [ -91.270552776956833, 31.741061256791337 ], [ -91.270699635105942, 31.741129995009487 ], [ -91.270839622641645, 31.741069451099367 ], [ -91.270918509565135, 31.741047549674633 ], [ -91.271092877038598, 31.741019371454303 ], [ -91.271216845035795, 31.740985157806694 ], [ -91.271400614266014, 31.740993266112245 ], [ -91.271617073692909, 31.740964375393112 ], [ -91.271830291659143, 31.740855038444117 ], [ -91.272027776748956, 31.740745748145084 ], [ -91.272177898456889, 31.740557348716084 ], [ -91.272280289625371, 31.7403282026056 ], [ -91.272252804930261, 31.740094644209183 ], [ -91.272205364497637, 31.739954411822666 ], [ -91.272230006698123, 31.739861638729653 ], [ -91.272453018676117, 31.739863938362745 ], [ -91.272650226379426, 31.739828903457152 ], [ -91.272828815465616, 31.739714550505166 ], [ -91.272887326817212, 31.73953969832948 ], [ -91.272935082412886, 31.739355153336238 ], [ -91.273043208599375, 31.739151477963421 ], [ -91.273237448002334, 31.738972399782483 ], [ -91.27348264255329, 31.738852326207187 ], [ -91.273815700838085, 31.738732403619117 ], [ -91.274318101243821, 31.73859474560453 ], [ -91.274774063848596, 31.738405023124734 ], [ -91.275253836871485, 31.738088376163599 ], [ -91.275865849839292, 31.737732171481106 ], [ -91.275972625527515, 31.737663825000734 ], [ -91.275971765125348, 31.737512409084033 ], [ -91.275958696216406, 31.737390328068372 ], [ -91.276030794441269, 31.737207162752586 ], [ -91.276263055160797, 31.736819668875949 ], [ -91.276594442508653, 31.735779661215208 ], [ -91.276903409409456, 31.735057102281466 ], [ -91.276943096061217, 31.734793681527464 ], [ -91.277123501902039, 31.734792755558928 ], [ -91.277249039365728, 31.734799467086464 ], [ -91.27742852243432, 31.734791039332002 ], [ -91.277610135104027, 31.734769552970512 ], [ -91.277781452210476, 31.734737682642184 ], [ -91.277998452586587, 31.734693878057595 ], [ -91.278104727361651, 31.734712569744303 ], [ -91.278141747747227, 31.734692808299023 ], [ -91.278614046708753, 31.733890063777675 ], [ -91.279148885034999, 31.733720703200127 ], [ -91.279572411884757, 31.733488018532441 ], [ -91.279751747003687, 31.733423079769434 ], [ -91.279783468090343, 31.73320231992323 ], [ -91.279774371484947, 31.732965982056069 ], [ -91.279794329176852, 31.732847423804518 ], [ -91.279918938541471, 31.732717992932375 ], [ -91.280075100718378, 31.732672688193993 ], [ -91.280173212509226, 31.732381876483117 ], [ -91.2802496154832, 31.732166196087494 ], [ -91.280367985953461, 31.732026907324087 ], [ -91.280644782540193, 31.731387199350348 ], [ -91.280879447195545, 31.731340579681444 ], [ -91.280986238009987, 31.731350406780304 ], [ -91.281098012692965, 31.731141189920137 ], [ -91.281398953365311, 31.730944202029118 ], [ -91.281519622208151, 31.73086577431712 ], [ -91.281773430942209, 31.730721525605844 ], [ -91.282045101604496, 31.730687477536755 ], [ -91.282231663150583, 31.73067081192394 ], [ -91.28252063309094, 31.730749427654533 ], [ -91.282637895196743, 31.730848887973767 ], [ -91.282728772893819, 31.730929825192796 ], [ -91.282835348356798, 31.731034521091686 ], [ -91.282971624727978, 31.73107614786581 ], [ -91.283037215166175, 31.731162772156626 ], [ -91.28305040423956, 31.731245414085837 ], [ -91.283076995454351, 31.731365932260545 ], [ -91.283077996694615, 31.731413236485984 ], [ -91.283189910541694, 31.731471605232059 ], [ -91.283320120568078, 31.731402105764296 ], [ -91.283453261024746, 31.731338059785177 ], [ -91.283581895370844, 31.731359819672214 ], [ -91.283756739615256, 31.731331997754253 ], [ -91.283975267982385, 31.731269057047157 ], [ -91.284144193081787, 31.731243828281158 ], [ -91.284263591959942, 31.731238902575257 ], [ -91.284385255502528, 31.731195338460481 ], [ -91.28454454727752, 31.731091170537937 ], [ -91.284643662351272, 31.73094751362914 ], [ -91.284725085193855, 31.730971550029214 ], [ -91.284894259450311, 31.730943843161402 ], [ -91.284892326351624, 31.73076750623175 ], [ -91.284849278720529, 31.730616446328018 ], [ -91.284740852229547, 31.73043953754398 ], [ -91.28458844684674, 31.730342154285147 ], [ -91.284665000009099, 31.729597709151111 ], [ -91.28473603129143, 31.729376824223785 ], [ -91.28491081119266, 31.729253407390758 ], [ -91.285293742921453, 31.729133061879985 ], [ -91.285518521422745, 31.729127948680087 ], [ -91.28649001592828, 31.728924329750946 ], [ -91.286581228947426, 31.728806279374062 ], [ -91.286771279700446, 31.728792595969352 ], [ -91.286985242626741, 31.728544317480491 ], [ -91.287198863639617, 31.728427150225798 ], [ -91.287469959794265, 31.728202239382323 ], [ -91.287770838602555, 31.728115036641491 ], [ -91.287889734255472, 31.728023734755457 ], [ -91.288064284030511, 31.727823546586958 ], [ -91.288213502360165, 31.727717528310887 ], [ -91.288330007641548, 31.727475454680974 ], [ -91.288524893837831, 31.727291401020178 ], [ -91.288839397926893, 31.727186289808465 ], [ -91.289134236379581, 31.726983694274487 ], [ -91.289358868679599, 31.726810839544136 ], [ -91.289442735721394, 31.72669816355916 ], [ -91.289716963668951, 31.726621917508428 ], [ -91.289825869292628, 31.726602686202639 ], [ -91.289902528108485, 31.726554026315373 ], [ -91.290079418859364, 31.726412211589953 ], [ -91.290301517769663, 31.726286155460073 ], [ -91.290365178977666, 31.726221313327972 ], [ -91.290478066296473, 31.726175241684135 ], [ -91.290499872235287, 31.726021222844512 ], [ -91.290516941866585, 31.725980363541776 ], [ -91.290541480907365, 31.725811889898381 ], [ -91.2905482377612, 31.725637338546985 ], [ -91.290683784070282, 31.725562369008337 ], [ -91.29088287199373, 31.72552489445561 ], [ -91.290991399007069, 31.725504935430127 ], [ -91.291118084051419, 31.725490003594263 ], [ -91.291293917311535, 31.72546292254389 ], [ -91.29146456094432, 31.725431358889278 ], [ -91.291606493560892, 31.725372647632419 ], [ -91.291660310798022, 31.725327291078564 ], [ -91.291856383045868, 31.725327000535472 ], [ -91.292051903730055, 31.725311050799057 ], [ -91.292217398685452, 31.725274294718378 ], [ -91.29251833815546, 31.725173223099997 ], [ -91.292906840998356, 31.724962470149936 ], [ -91.293135226410811, 31.72479331900611 ], [ -91.293329675163491, 31.724688127595705 ], [ -91.293432576820038, 31.724551017681019 ], [ -91.2934795428678, 31.724445317231787 ], [ -91.293664511256821, 31.724373130572776 ], [ -91.293852745822264, 31.724307832559568 ], [ -91.294044267345257, 31.72416840272772 ], [ -91.294155295192922, 31.724055442264081 ], [ -91.294293214613077, 31.723970262709685 ], [ -91.294431447491448, 31.723885096147143 ], [ -91.294498278028058, 31.723771345443218 ], [ -91.294715867393464, 31.723688089377518 ], [ -91.294856827827061, 31.723660249275394 ], [ -91.29507545012045, 31.723593382310955 ], [ -91.295189300418173, 31.723482316088088 ], [ -91.29523660298608, 31.723464046760128 ], [ -91.29536880697286, 31.723412029470637 ], [ -91.295500821643628, 31.723397316558223 ], [ -91.295618823454745, 31.723306679535696 ], [ -91.295691870024569, 31.723165471202382 ], [ -91.2959690652131, 31.723039940060485 ], [ -91.296208066096426, 31.723027940664203 ], [ -91.296412817667402, 31.723074558484225 ], [ -91.296596679918295, 31.723055268808253 ], [ -91.296830294878134, 31.722986540270544 ], [ -91.296968844979105, 31.722990933876485 ], [ -91.297096928854998, 31.722905338109811 ], [ -91.297220599382058, 31.722857580172846 ], [ -91.297373075473999, 31.722855095235843 ], [ -91.297553939802867, 31.722861974612016 ], [ -91.297749074469905, 31.72284173468811 ], [ -91.297907636168986, 31.722763813383001 ], [ -91.298583775642129, 31.722345144344491 ], [ -91.298654160177676, 31.722204533113132 ], [ -91.298830493640523, 31.722082581119917 ], [ -91.298900209491677, 31.721980320221689 ], [ -91.299040163322658, 31.721883493424972 ], [ -91.299104674630129, 31.721715983645019 ], [ -91.299121626227361, 31.721589121485348 ], [ -91.299169475623117, 31.721507619830934 ], [ -91.299355262580178, 31.721424797508774 ], [ -91.299774193194992, 31.72133860632032 ], [ -91.300017154798923, 31.721278436525431 ], [ -91.300200850426549, 31.721163187574508 ], [ -91.300342542531013, 31.721040135579713 ], [ -91.300609325578719, 31.720875422411787 ], [ -91.300687893243477, 31.720716674315174 ], [ -91.300901633378047, 31.720517753689339 ], [ -91.301074050806321, 31.720434012511141 ], [ -91.301215198664281, 31.720348959828161 ], [ -91.301387476283054, 31.720174240681988 ], [ -91.301560404056545, 31.720024094741635 ], [ -91.30173592920309, 31.719840600704945 ], [ -91.301953831731765, 31.719785772533164 ], [ -91.302214652329283, 31.719697918202318 ], [ -91.30236207401822, 31.719548451912331 ], [ -91.302637427143139, 31.719423537901477 ], [ -91.302819211065625, 31.719340897419261 ], [ -91.303061465802031, 31.719201091277021 ], [ -91.303329478476485, 31.71911389122349 ], [ -91.303588482769811, 31.719040916026369 ], [ -91.303896687846589, 31.718974555203701 ], [ -91.304044785076542, 31.718906847412782 ], [ -91.30423708046456, 31.718814695157487 ], [ -91.304373204722779, 31.71879765677512 ], [ -91.30448157452966, 31.718780165888901 ], [ -91.304590357984239, 31.718755585067797 ], [ -91.304753820152357, 31.718677859463345 ], [ -91.304981711560401, 31.718554149200887 ], [ -91.305106817332316, 31.718479790922746 ], [ -91.30539390287241, 31.718365667211135 ], [ -91.3056243995985, 31.718294302491383 ], [ -91.305755175735953, 31.718225156076716 ], [ -91.30591994844076, 31.718045851172135 ], [ -91.306141234405843, 31.717932877951785 ], [ -91.306436299711365, 31.717809491199567 ], [ -91.306688434542465, 31.717667248277927 ], [ -91.306731240443142, 31.717435520089413 ], [ -91.306849687472564, 31.717372728648094 ], [ -91.30681717352833, 31.717217781435576 ], [ -91.306741557767396, 31.717110494047876 ], [ -91.306579470768057, 31.716986791607862 ], [ -91.306375289031081, 31.716871275618871 ], [ -91.306125153880316, 31.71671687677485 ], [ -91.306079258902287, 31.716641039389959 ], [ -91.306242116902382, 31.716575368463555 ], [ -91.306440138719253, 31.716489138010569 ], [ -91.306554893695562, 31.716362106596574 ], [ -91.306618842002663, 31.716257822051698 ], [ -91.306799354716887, 31.716043994166021 ], [ -91.306935045503607, 31.715858138799053 ], [ -91.30695435358102, 31.715710407129048 ], [ -91.306888451727602, 31.715492298694379 ], [ -91.306723712602505, 31.715308073660687 ], [ -91.306653433359983, 31.714924183605671 ], [ -91.306667944316516, 31.714826356603382 ], [ -91.306642123868698, 31.714652569813193 ], [ -91.306517196640428, 31.714422038054277 ], [ -91.306322294224501, 31.714224821489786 ], [ -91.306145278259734, 31.714096583123137 ], [ -91.305915634598961, 31.714016956220572 ], [ -91.305731054420818, 31.713991454951202 ], [ -91.308516637198068, 31.712173186003625 ], [ -91.308623550623579, 31.712180505657987 ], [ -91.308785946245351, 31.712246650831052 ], [ -91.30882078400623, 31.71247980532344 ], [ -91.308947858369606, 31.712576453813991 ], [ -91.309129809644702, 31.712702762528949 ], [ -91.309237137083542, 31.712702991665466 ], [ -91.309316111162317, 31.712533236993202 ], [ -91.309208198785981, 31.712356013379853 ], [ -91.309174967479152, 31.712237352735013 ], [ -91.309241385122988, 31.712203886550853 ], [ -91.309385195950739, 31.712220212836655 ], [ -91.309524838759231, 31.712286470432357 ], [ -91.309580669031632, 31.712333938624923 ], [ -91.309591009539261, 31.712435294187589 ], [ -91.309609470645071, 31.712604152988181 ], [ -91.309687390331348, 31.712716866216233 ], [ -91.309736127600857, 31.712817696892508 ], [ -91.309817889253139, 31.713067740177156 ], [ -91.309869100946656, 31.713235837513434 ], [ -91.309947839130572, 31.713438846293375 ], [ -91.310082911676773, 31.713660914951571 ], [ -91.310166254969999, 31.713810101350798 ], [ -91.310207963353477, 31.713993791683919 ], [ -91.310227530177514, 31.714127515446361 ], [ -91.310259799942003, 31.714359850267737 ], [ -91.310243978336032, 31.714577379095342 ], [ -91.310169089379968, 31.714698620470934 ], [ -91.310077229328272, 31.714864637466611 ], [ -91.310013319999015, 31.714986338276056 ], [ -91.310004580155606, 31.715076944528764 ], [ -91.310103963227505, 31.715222537608522 ], [ -91.31034081095892, 31.715361214708455 ], [ -91.310791607900796, 31.715500069927369 ], [ -91.311059979819547, 31.715532267406271 ], [ -91.311374901858187, 31.715443813255735 ], [ -91.31163771161971, 31.71530698099194 ], [ -91.311816556720302, 31.715121504270329 ], [ -91.311953465964834, 31.71493249581275 ], [ -91.3122258802278, 31.71483408747461 ], [ -91.312475301859735, 31.714725477214337 ], [ -91.312618800898221, 31.714597865433134 ], [ -91.312660658560816, 31.71438675615958 ], [ -91.312669209516613, 31.714187757090766 ], [ -91.312579612872952, 31.713879824463913 ], [ -91.312386339039676, 31.713470533143564 ], [ -91.31229785530401, 31.713191782185508 ], [ -91.312315239644533, 31.712974318139686 ], [ -91.312339439724553, 31.71272622278228 ], [ -91.312383337760963, 31.712559263014459 ], [ -91.312550307458466, 31.712332776508109 ], [ -91.312702999545579, 31.712171434187567 ], [ -91.312738290502679, 31.711934463271746 ], [ -91.31263665753265, 31.711717705272537 ], [ -91.312482670985148, 31.711489161943401 ], [ -91.312418206225274, 31.711278578268342 ], [ -91.312477352233685, 31.711116164997144 ], [ -91.312567161056876, 31.710904217768629 ], [ -91.312562493836765, 31.710647806482374 ], [ -91.313002570036105, 31.710713836019281 ], [ -91.313048788277285, 31.710881368158635 ], [ -91.313099982289813, 31.711102057268114 ], [ -91.31315151093284, 31.711322404889639 ], [ -91.313259648277565, 31.711483287525258 ], [ -91.313345527281442, 31.711606992062855 ], [ -91.313561069750094, 31.711788358281694 ], [ -91.313712022559187, 31.711845844291908 ], [ -91.314034881624281, 31.711903412813442 ], [ -91.314427040643579, 31.711816759127309 ], [ -91.314552279942646, 31.711750569080586 ], [ -91.314808935652039, 31.71157509282817 ], [ -91.315638472786674, 31.711202890382626 ], [ -91.315872217017571, 31.711203068267302 ], [ -91.316057355779023, 31.711172074044512 ], [ -91.316193718863914, 31.711211889477134 ], [ -91.316436237321838, 31.711279240861117 ], [ -91.31662782491199, 31.711362586140563 ], [ -91.316822245778226, 31.71139441652851 ], [ -91.317149581899727, 31.711386882516564 ], [ -91.318224158852331, 31.711366404578939 ], [ -91.318969562071729, 31.71146897764481 ], [ -91.319182729174187, 31.711494940903165 ], [ -91.319441925834568, 31.711520694525632 ], [ -91.319593886625455, 31.71155369474597 ], [ -91.319818487438383, 31.711572316487867 ], [ -91.320038223194771, 31.711550223504133 ], [ -91.321088576900792, 31.711643487494616 ], [ -91.32157370196343, 31.711648820713787 ], [ -91.322281004601379, 31.711674799582966 ], [ -91.322573211046731, 31.711661057709442 ], [ -91.322696088845788, 31.711604710319218 ], [ -91.322827276038424, 31.711580336683049 ], [ -91.32314902736627, 31.711584883949548 ], [ -91.323364977155791, 31.711562981806722 ], [ -91.324926465595425, 31.711278830547997 ], [ -91.32539255954481, 31.711332037441355 ], [ -91.325813125685983, 31.711246885053551 ], [ -91.326304868954381, 31.71110571063819 ], [ -91.326574613022984, 31.711002181604396 ], [ -91.32675839381524, 31.710864505453642 ], [ -91.326823726226309, 31.710706963425928 ], [ -91.326936701031158, 31.710575572924043 ], [ -91.327062329107591, 31.710513294433856 ], [ -91.327348800583337, 31.710477268810553 ], [ -91.327530350065686, 31.710461031261154 ], [ -91.327721426187708, 31.71047930521166 ], [ -91.32787712279314, 31.710547275220936 ], [ -91.328116752891802, 31.710648239781069 ], [ -91.328492570954737, 31.710663910355407 ], [ -91.328659587089419, 31.710560357360329 ], [ -91.328767075974326, 31.710469247335958 ], [ -91.328889036728498, 31.710334676015769 ], [ -91.329021850745875, 31.710265943151672 ], [ -91.329190884390925, 31.710196232602943 ], [ -91.329476323435514, 31.710176149737077 ], [ -91.329690184827541, 31.71018470942245 ], [ -91.329804189327092, 31.7101727597726 ], [ -91.329971458145792, 31.7101605427025 ], [ -91.330245058504673, 31.710160219896785 ], [ -91.330361685688942, 31.710157262977038 ], [ -91.330558536674815, 31.710135617217517 ], [ -91.330750823847978, 31.71006616279367 ], [ -91.330864132784058, 31.70996321114497 ], [ -91.330976721609971, 31.709872666937517 ], [ -91.331075421283359, 31.709757734739689 ], [ -91.331088168299686, 31.709512712628655 ], [ -91.331044863491783, 31.709346731887923 ], [ -91.331295295733682, 31.709266906677922 ], [ -91.331390190690627, 31.709367518822837 ], [ -91.33157987504616, 31.709482030708553 ], [ -91.331775622118414, 31.709551664214004 ], [ -91.332002899540583, 31.709572860774099 ], [ -91.332090881639047, 31.7094493078847 ], [ -91.332187671745004, 31.709350997034608 ], [ -91.332273595906386, 31.709093032359796 ], [ -91.332432943933782, 31.708731163225259 ], [ -91.332675453369831, 31.708343263306418 ], [ -91.33283765844449, 31.708206810526384 ], [ -91.33303469368262, 31.708124046329377 ], [ -91.333124165999706, 31.708009083149751 ], [ -91.333276047255012, 31.707797574035787 ], [ -91.333575811415116, 31.707600753019374 ], [ -91.333804575751799, 31.707381073893114 ], [ -91.334110615217512, 31.707168166202166 ], [ -91.334522988927858, 31.70695435546968 ], [ -91.33477279595806, 31.706805556618818 ], [ -91.335085167026676, 31.706714798576662 ], [ -91.335216485353328, 31.70664635146721 ], [ -91.335274939143915, 31.706509483989503 ], [ -91.335492085287939, 31.706406941939193 ], [ -91.335758156159898, 31.7062360749559 ], [ -91.336025659551822, 31.706096538719706 ], [ -91.336350902345188, 31.706040427700017 ], [ -91.336578720260988, 31.706006912435054 ], [ -91.33697131927569, 31.705991271622302 ], [ -91.337213230397253, 31.70597682042899 ], [ -91.337426491525804, 31.706000976737201 ], [ -91.337548953187763, 31.706023841361613 ], [ -91.337747461572889, 31.706018598877325 ], [ -91.337985035565453, 31.70603559261032 ], [ -91.338147298866332, 31.706084277353025 ], [ -91.338399787537796, 31.706164078874959 ], [ -91.338595600832903, 31.706199944524528 ], [ -91.338884111075259, 31.706153669380139 ], [ -91.339316747924002, 31.706052978247936 ], [ -91.339512787783363, 31.706162766625109 ], [ -91.33968865441814, 31.706200998809329 ], [ -91.339883693926637, 31.706197740393456 ], [ -91.340160372643268, 31.706098731928279 ], [ -91.340460850414374, 31.706097370543002 ], [ -91.340792401891861, 31.706133192007389 ], [ -91.34106785405541, 31.706136829332866 ], [ -91.341416066386358, 31.706129277178146 ], [ -91.34182046016268, 31.706114465220825 ], [ -91.342055799321273, 31.706057797905491 ], [ -91.342287534043223, 31.705938436942574 ], [ -91.342551047951034, 31.705851312952273 ], [ -91.342844503767125, 31.705743045383016 ], [ -91.342977404867142, 31.705676076636529 ], [ -91.343078088985706, 31.70557898439392 ], [ -91.343212576830581, 31.705417555602747 ], [ -91.343264933485813, 31.705264439612325 ], [ -91.343485639702223, 31.705159898228889 ], [ -91.34363940883236, 31.704668785303795 ], [ -91.34377493284002, 31.704317280904888 ], [ -91.343779380691032, 31.703925147625558 ], [ -91.343678726650353, 31.703677541914175 ], [ -91.343594447500337, 31.703559968028184 ], [ -91.343468730847263, 31.703597030541058 ], [ -91.343322964398197, 31.703582087511769 ], [ -91.343235342865441, 31.703429904341554 ], [ -91.343268908714393, 31.703340682493756 ], [ -91.343394674532632, 31.703291895322852 ], [ -91.34357004817177, 31.703360307013476 ], [ -91.343641739970607, 31.703423698260043 ], [ -91.343972685401269, 31.703449890957454 ], [ -91.344058277009452, 31.703434258738955 ], [ -91.34419795523857, 31.703373255900441 ], [ -91.344432436044428, 31.703305887208518 ], [ -91.34464734524478, 31.703257960307379 ], [ -91.344802825670541, 31.703173804203299 ], [ -91.344789055343284, 31.703036773318455 ], [ -91.344577337708202, 31.702986042698075 ], [ -91.344255045354345, 31.702991483101812 ], [ -91.344133023611576, 31.702930264820179 ], [ -91.344097136339187, 31.702853081353172 ], [ -91.344172671279978, 31.702674275546784 ], [ -91.344288051738104, 31.702596626839611 ], [ -91.344443616992393, 31.702550853742096 ], [ -91.344552165963307, 31.702460838568388 ], [ -91.344725926918471, 31.702272610503439 ], [ -91.344835536930475, 31.702233100490727 ], [ -91.345088855005983, 31.702075540618743 ], [ -91.345290182339056, 31.702003238934267 ], [ -91.345564556414104, 31.701972706299561 ], [ -91.345788834836227, 31.701947554328413 ], [ -91.346012412221754, 31.701949024913866 ], [ -91.346138386203506, 31.701974513929265 ], [ -91.346343051307443, 31.702147193152602 ], [ -91.346703174134277, 31.701487320749834 ], [ -91.34692274292567, 31.701423947214963 ], [ -91.347252831834055, 31.701261753286214 ], [ -91.347272959681661, 31.701165575463651 ], [ -91.347413275455864, 31.700959252051796 ], [ -91.3476876745043, 31.700141232590159 ], [ -91.348233921373961, 31.699590006382802 ], [ -91.348498419773165, 31.699071854161627 ], [ -91.348620208879012, 31.698730787487424 ], [ -91.348835134573989, 31.697958622614919 ], [ -91.348926312549651, 31.697777263863454 ], [ -91.349115681568875, 31.697735730828192 ], [ -91.349262673315863, 31.697682132534069 ], [ -91.349475558850145, 31.697618121232239 ], [ -91.34960506137557, 31.697453633607914 ], [ -91.349733346298805, 31.697337424763955 ], [ -91.349867627802482, 31.697338734817347 ], [ -91.350054837454266, 31.697345440080735 ], [ -91.350193389168183, 31.697212954795358 ], [ -91.350326192217778, 31.696205679073646 ], [ -91.350451726482234, 31.696048132784377 ], [ -91.350715774114533, 31.695883897731786 ], [ -91.350771993898761, 31.695863132445531 ], [ -91.35089595617373, 31.695789031104759 ], [ -91.350967517785264, 31.695678639803958 ], [ -91.351073559274525, 31.695501094022735 ], [ -91.351255591088659, 31.695432245216146 ], [ -91.351476247493153, 31.695351495143132 ], [ -91.351705012287269, 31.695182950594095 ], [ -91.35190329760492, 31.695070354588829 ], [ -91.35209359899018, 31.694876403695243 ], [ -91.352296068405082, 31.694733063826266 ], [ -91.352534777891535, 31.69456102114475 ], [ -91.353056530106826, 31.694342085212835 ], [ -91.35329207057643, 31.694179504307431 ], [ -91.353596464743831, 31.693986019317581 ], [ -91.35414883715444, 31.692920445699908 ], [ -91.354371152020349, 31.692836205087122 ], [ -91.354704892525177, 31.692740593643034 ], [ -91.355028246156124, 31.692550733831013 ], [ -91.355330239096389, 31.692220683753227 ], [ -91.355660429436568, 31.691870479948467 ], [ -91.355859338708967, 31.691603318235014 ], [ -91.355919636756468, 31.691375540689886 ], [ -91.355826611680115, 31.691240553307388 ], [ -91.355681808893479, 31.691325523222687 ], [ -91.355577360049352, 31.691412166225565 ], [ -91.35544087926344, 31.691416457265042 ], [ -91.355294130267126, 31.691582369605012 ], [ -91.355201212425015, 31.69167801920555 ], [ -91.355078674562535, 31.691598666086673 ], [ -91.354959801382833, 31.691343202802102 ], [ -91.354919366550448, 31.691114091037225 ], [ -91.354846023619501, 31.690835995184816 ], [ -91.354635552407601, 31.690495353173766 ], [ -91.354540020017239, 31.690276748972263 ], [ -91.354386117075151, 31.689845701125645 ], [ -91.354421333836228, 31.689687601508655 ], [ -91.354571517068095, 31.689560212001904 ], [ -91.354686940458691, 31.689604800349393 ], [ -91.35480755298174, 31.689570356683596 ], [ -91.354753644978501, 31.689333222547358 ], [ -91.354844475037055, 31.689126611465905 ], [ -91.3549913249567, 31.688977050247168 ], [ -91.355134038082738, 31.688846507166524 ], [ -91.355298924896474, 31.688594991959899 ], [ -91.355572083099673, 31.68837213122108 ], [ -91.355640168079262, 31.688218236798026 ], [ -91.355744789360173, 31.6880086428874 ], [ -91.355779947158084, 31.687677119854992 ], [ -91.355933113918752, 31.687370745864399 ], [ -91.35617241664896, 31.687211512224252 ], [ -91.3563620686391, 31.687006509086146 ], [ -91.356468261671495, 31.686818656889717 ], [ -91.356427906393023, 31.686571778646069 ], [ -91.356550991678318, 31.686448948557224 ], [ -91.35679963902075, 31.686372902080706 ], [ -91.356945505156148, 31.686212991386149 ], [ -91.357070492487367, 31.686042619966528 ], [ -91.357311213893723, 31.685789624853367 ], [ -91.357366224303249, 31.685649757080018 ], [ -91.357374996257079, 31.685466749612363 ], [ -91.357359168347841, 31.685208805291538 ], [ -91.357417890587143, 31.68503000045644 ], [ -91.357516897157211, 31.68483403073882 ], [ -91.357637401888098, 31.684659563501743 ], [ -91.357690674195027, 31.68442260701153 ], [ -91.357759100286444, 31.684295377455705 ], [ -91.357954455450013, 31.684191177398588 ], [ -91.358150019179035, 31.684086985645873 ], [ -91.358340478790325, 31.68393318541986 ], [ -91.35845543257301, 31.683800420897747 ], [ -91.358560023782601, 31.683847400029542 ], [ -91.358685198094904, 31.683808166106278 ], [ -91.358710557367118, 31.683602746310378 ], [ -91.358798366561203, 31.683448244941836 ], [ -91.358959522935265, 31.683364658913433 ], [ -91.359160029525711, 31.68319101738647 ], [ -91.359314320177191, 31.682975658847393 ], [ -91.359439381578255, 31.682805642623414 ], [ -91.360033347539087, 31.682411979665947 ], [ -91.360366012226379, 31.682299604543367 ], [ -91.360619758361423, 31.68218751298275 ], [ -91.360874690311249, 31.681947536050544 ], [ -91.361022772923732, 31.681737959122955 ], [ -91.361489761658234, 31.681418276614455 ], [ -91.361846660430956, 31.681421686105576 ], [ -91.362068460970519, 31.681342028624083 ], [ -91.362324501013987, 31.681199110838403 ], [ -91.362454247967648, 31.6810530950494 ], [ -91.362467637441284, 31.680800624329542 ], [ -91.362520734978588, 31.680600971438619 ], [ -91.36264111949572, 31.680442840335804 ], [ -91.362765548083487, 31.680429157866246 ], [ -91.362878343869795, 31.680484646635424 ], [ -91.363012608613303, 31.680554883728096 ], [ -91.363257256131746, 31.680536938591885 ], [ -91.363476214993653, 31.680461069797978 ], [ -91.363774479190624, 31.680288979372385 ], [ -91.364044899383089, 31.680209198535938 ], [ -91.364283435216137, 31.679946146440496 ], [ -91.364658315019881, 31.679746307601796 ], [ -91.365063850983148, 31.679614546375532 ], [ -91.365455652237486, 31.67943468270861 ], [ -91.365636980895957, 31.679365338691532 ], [ -91.365798408064222, 31.679262208526506 ], [ -91.365890247658854, 31.679102892680003 ], [ -91.365932973616978, 31.678833866376763 ], [ -91.366741745123377, 31.677785218228642 ], [ -91.366987218755185, 31.677619819323105 ], [ -91.367154915141029, 31.677489582666819 ], [ -91.367239385101371, 31.677281629652896 ], [ -91.3673139685623, 31.676986911618958 ], [ -91.367218389543225, 31.676792477051695 ], [ -91.367093474449618, 31.676636275228258 ], [ -91.367025677648257, 31.676412427484532 ], [ -91.367070774181727, 31.676167663180337 ], [ -91.367146776976753, 31.675901078003061 ], [ -91.367233911885393, 31.675701408325963 ], [ -91.367252717648981, 31.675520234290914 ], [ -91.367300609243003, 31.675330668333334 ], [ -91.367454674027897, 31.675187784202055 ], [ -91.367668281254993, 31.675066197804817 ], [ -91.367759523472486, 31.67490436720195 ], [ -91.367834013542122, 31.674678586694753 ], [ -91.367816056101375, 31.674473502897541 ], [ -91.367840280244124, 31.674209039231002 ], [ -91.36793121266318, 31.674007037987291 ], [ -91.368013981664618, 31.673797591420055 ], [ -91.368099722752348, 31.673591110673446 ], [ -91.368301870329546, 31.673397262903887 ], [ -91.368461999593222, 31.673259958585913 ], [ -91.368699805727104, 31.673123734373871 ], [ -91.368890668229895, 31.67299125425977 ], [ -91.368936196216396, 31.67278986175933 ], [ -91.36886311305993, 31.672583208448298 ], [ -91.368872699314039, 31.672447495597854 ], [ -91.368984275480358, 31.672372860973809 ], [ -91.369172761773513, 31.672203322816902 ], [ -91.369293466216533, 31.672124800848877 ], [ -91.369345076303659, 31.671981585900784 ], [ -91.36939602756334, 31.67178788009857 ], [ -91.369448889258052, 31.671528153035016 ], [ -91.369497488873378, 31.67142816943813 ], [ -91.369634464480242, 31.671385502260684 ], [ -91.369751352416088, 31.671256713714918 ], [ -91.369804879441531, 31.671167595030496 ], [ -91.370024655048681, 31.671071490689673 ], [ -91.37016361043365, 31.671025350957684 ], [ -91.37027768062498, 31.670914569587126 ], [ -91.370372639570292, 31.670742583741912 ], [ -91.370520620244861, 31.670594112558479 ], [ -91.370704689504564, 31.670439314825074 ], [ -91.371527561236263, 31.669144572208015 ], [ -91.371678576214521, 31.6689031154906 ], [ -91.371756083658582, 31.668792242609268 ], [ -91.371880343613512, 31.668649896459144 ], [ -91.371995294040204, 31.668516405225972 ], [ -91.372066973468662, 31.668310049646255 ], [ -91.372048128303135, 31.66807649747706 ], [ -91.371969933834038, 31.667836583010921 ], [ -91.371861715837241, 31.667590452086774 ], [ -91.371740107498326, 31.66733488294523 ], [ -91.371774830707082, 31.667155429925231 ], [ -91.371837241816976, 31.666915285186189 ], [ -91.37188901136183, 31.666701709353624 ], [ -91.372080737060756, 31.666601242965839 ], [ -91.372219703154968, 31.666540175148068 ], [ -91.373390491281413, 31.664771853506529 ], [ -91.373512603089054, 31.664513561837488 ], [ -91.373592497863697, 31.664410248714958 ], [ -91.373759378988737, 31.664249759470845 ], [ -91.373892675782756, 31.66411951130015 ], [ -91.373943324432361, 31.663943557840579 ], [ -91.374094456477309, 31.663721647070105 ], [ -91.374208398355705, 31.663605524824067 ], [ -91.3743222788152, 31.663490466058636 ], [ -91.374380986452962, 31.663351094143955 ], [ -91.374477170745777, 31.663199410533885 ], [ -91.374620273781829, 31.663046111274699 ], [ -91.375017323150061, 31.662595185778404 ], [ -91.375280756454757, 31.662420557844417 ], [ -91.375456092454982, 31.662121815897475 ], [ -91.375485658460136, 31.661911584514556 ], [ -91.37572801353349, 31.661786549151039 ], [ -91.375716097771573, 31.661634663995972 ], [ -91.376393760293794, 31.66054710392104 ], [ -91.37653715944468, 31.660523528947277 ], [ -91.376602020992436, 31.660258603754915 ], [ -91.376583598257213, 31.660075886627588 ], [ -91.376621766360202, 31.659848951110597 ], [ -91.376732144367892, 31.659718107935998 ], [ -91.376846755015507, 31.659581042506137 ], [ -91.37692412376353, 31.659444926814515 ], [ -91.376980383560834, 31.65922762261971 ], [ -91.377053492936739, 31.65909452935032 ], [ -91.377271321779943, 31.658834497859836 ], [ -91.377347436104671, 31.658685536115119 ], [ -91.377430014870441, 31.658500591984858 ], [ -91.377645049469493, 31.658300148833902 ], [ -91.37804025497141, 31.658019363474331 ], [ -91.378441646780203, 31.657820570551049 ], [ -91.378731417811821, 31.65769037807474 ], [ -91.378924973442409, 31.657603124307929 ], [ -91.379048204740471, 31.657463569114235 ], [ -91.37924781163899, 31.657331075291118 ], [ -91.379432756107946, 31.657191223651672 ], [ -91.38021439988276, 31.655585865031718 ], [ -91.380226205054356, 31.655281431021159 ], [ -91.380170018512402, 31.655050243751838 ], [ -91.380041507420302, 31.654821757889415 ], [ -91.379925789188988, 31.654713564959962 ], [ -91.379730842851657, 31.654682774875681 ], [ -91.379555516380208, 31.654543690499981 ], [ -91.379457882845557, 31.654545702492108 ], [ -91.378954391634721, 31.653900861215597 ], [ -91.378747170066148, 31.653676942649671 ], [ -91.378686667254641, 31.65286202887161 ], [ -91.378849935098316, 31.652751135176683 ], [ -91.379073249762669, 31.652499143062521 ], [ -91.37932800162227, 31.652146451601592 ], [ -91.380083335657758, 31.652416091237246 ], [ -91.380167725288501, 31.652524413286297 ], [ -91.380378268572954, 31.652681298455523 ], [ -91.380516205928089, 31.652754514130166 ], [ -91.380726276647721, 31.652784505660424 ], [ -91.380911862407828, 31.652766575357862 ], [ -91.381164551774674, 31.652670740398264 ], [ -91.381279992630382, 31.652528017417886 ], [ -91.381397791342238, 31.652344166593718 ], [ -91.381579358935923, 31.652219097713107 ], [ -91.381699808805124, 31.652164361692588 ], [ -91.381784284684073, 31.652051990207109 ], [ -91.381999592054186, 31.651895616821861 ], [ -91.382086356042848, 31.651841978492303 ], [ -91.382213086977103, 31.65175622687433 ], [ -91.382297234164852, 31.651622162731933 ], [ -91.38234594003265, 31.651488768923524 ], [ -91.382422773107038, 31.651303227030223 ], [ -91.382526979893001, 31.651142625157377 ], [ -91.382642177376937, 31.651046091016234 ], [ -91.382678173733638, 31.650975431882809 ], [ -91.382711956728315, 31.650815478918879 ], [ -91.382826077840889, 31.650635383834938 ], [ -91.382972303572359, 31.650485399208051 ], [ -91.383083953567208, 31.650302714153842 ], [ -91.383090860408956, 31.650154801852143 ], [ -91.383028192987169, 31.649976299688149 ], [ -91.382976561526817, 31.649786169356943 ], [ -91.382867770528364, 31.649579110411182 ], [ -91.382866307285639, 31.649178881509936 ], [ -91.383003238926221, 31.649059432109201 ], [ -91.383111454893665, 31.648989618926102 ], [ -91.383264735634299, 31.648888257583298 ], [ -91.383277461093485, 31.64879780263156 ], [ -91.383320454702243, 31.648623302415615 ], [ -91.383398208316393, 31.648492882483549 ], [ -91.383415267590806, 31.648317667969383 ], [ -91.383427142756332, 31.648167116912877 ], [ -91.383464396802964, 31.648100063001664 ], [ -91.383480082639224, 31.647979877214603 ], [ -91.384378046215474, 31.6475694700374 ], [ -91.385885790316507, 31.646132946654507 ], [ -91.38612761509512, 31.646028833974761 ], [ -91.386212108605861, 31.645959816836108 ], [ -91.386252198696099, 31.645614607405776 ], [ -91.386288907954409, 31.645297334338025 ], [ -91.386333312366546, 31.645021248304591 ], [ -91.386316214975707, 31.64484249231656 ], [ -91.386263170133503, 31.644709877113389 ], [ -91.386097374643981, 31.644490518815307 ], [ -91.386016242529635, 31.644292419641371 ], [ -91.386064996456838, 31.644181769927741 ], [ -91.386186638706121, 31.6440236588574 ], [ -91.38623251318154, 31.643915733483485 ], [ -91.386254560730109, 31.643552720244728 ], [ -91.386290948204831, 31.643281278420396 ], [ -91.386356957177213, 31.643130824842011 ], [ -91.38647693952278, 31.642955941345253 ], [ -91.386531054537571, 31.642815659158632 ], [ -91.38655896653637, 31.642650130186233 ], [ -91.386571385895522, 31.642303422758363 ], [ -91.386518070396605, 31.64210789117816 ], [ -91.386514758540571, 31.641913354333262 ], [ -91.386468974387711, 31.641610093244847 ], [ -91.386380180988411, 31.641465341915627 ], [ -91.386256397411117, 31.641187296921689 ], [ -91.386316402231884, 31.64041749803922 ], [ -91.386329172402938, 31.640331663490038 ], [ -91.38626615839857, 31.640195792968004 ], [ -91.386217483199289, 31.639911958291307 ], [ -91.38613391805319, 31.639516868037429 ], [ -91.38612354760555, 31.639374282370149 ], [ -91.386179242275162, 31.639330732196804 ], [ -91.386327084926833, 31.63931479191341 ], [ -91.386387334482947, 31.639321540156367 ], [ -91.386515485179459, 31.639287373546253 ], [ -91.386488397916779, 31.639156893069558 ], [ -91.386398984428084, 31.639052275135896 ], [ -91.386512274007444, 31.638877114653486 ], [ -91.386606243076358, 31.638869259870209 ], [ -91.386810253915527, 31.638869139148838 ], [ -91.386922617516362, 31.63887839045714 ], [ -91.387028173696862, 31.638915081947488 ], [ -91.387128250553005, 31.638948704345353 ], [ -91.387337439255603, 31.638883758664051 ], [ -91.387645794813494, 31.638758572600263 ], [ -91.387703144404924, 31.63856902224309 ], [ -91.387636350436551, 31.638360140167364 ], [ -91.3875077693816, 31.638198822532868 ], [ -91.387967249510638, 31.637751477366411 ], [ -91.388003362815766, 31.637620047269291 ], [ -91.388021375894098, 31.637323678134361 ], [ -91.387998166576125, 31.637127253647677 ], [ -91.388075868730439, 31.636865684934001 ], [ -91.388323226152579, 31.63681439368894 ], [ -91.388401685431745, 31.636729843494727 ], [ -91.388452891617177, 31.63660365508888 ], [ -91.388478686289446, 31.636412803550865 ], [ -91.388546810363934, 31.636270963840754 ], [ -91.388671527972804, 31.636088097350143 ], [ -91.388705610775048, 31.635955516846405 ], [ -91.388668895201548, 31.635729748384968 ], [ -91.388720669291487, 31.635557025988941 ], [ -91.388857054912748, 31.635380681607103 ], [ -91.388980537674229, 31.635160802314232 ], [ -91.389067768803727, 31.635051024239367 ], [ -91.389097745093849, 31.634887710004556 ], [ -91.389124833586649, 31.634721788959236 ], [ -91.389215647852282, 31.634520110217817 ], [ -91.389353607640672, 31.634361955169066 ], [ -91.389442039679849, 31.63422201731559 ], [ -91.390253200631363, 31.632799717937548 ], [ -91.39034937236633, 31.632740418090762 ], [ -91.390549158923989, 31.632515504949907 ], [ -91.390688480229187, 31.632435947230743 ], [ -91.390813321583039, 31.632367876566118 ], [ -91.390893223184733, 31.632263481252945 ], [ -91.391025435590691, 31.632169058964532 ], [ -91.39129330095669, 31.632073825633768 ], [ -91.391377262734636, 31.632046718824579 ], [ -91.391870272331644, 31.630882117161335 ], [ -91.391971896235674, 31.630619396069566 ], [ -91.392037187364608, 31.63046464210559 ], [ -91.392087286550151, 31.630247778283056 ], [ -91.392085937598154, 31.629963757719263 ], [ -91.391979740937572, 31.629636325802156 ], [ -91.391830969097043, 31.629333795518157 ], [ -91.391732695309599, 31.629177281753851 ], [ -91.391652163192049, 31.629107860939612 ], [ -91.391707375233082, 31.629008489722338 ], [ -91.391854349728746, 31.628924980660194 ], [ -91.392004692726317, 31.628868620609651 ], [ -91.392177373105, 31.628778706154073 ], [ -91.392253986870017, 31.628696919709764 ], [ -91.39229372293623, 31.628516590223015 ], [ -91.3922885790424, 31.628357513918665 ], [ -91.392228125705486, 31.628240940879927 ], [ -91.392111525566506, 31.628177854016197 ], [ -91.392025118427213, 31.62814159918144 ], [ -91.391841755967519, 31.628094243882835 ], [ -91.391588935461897, 31.627941316829268 ], [ -91.391598121786018, 31.627780697970643 ], [ -91.391424179103709, 31.627634572591614 ], [ -91.391270129854689, 31.627406101983624 ], [ -91.391188357075819, 31.627197311616513 ], [ -91.391031971702958, 31.62698224952802 ], [ -91.390942565819273, 31.626877632852416 ], [ -91.390887839367934, 31.626712248903388 ], [ -91.390912927135034, 31.626637936753436 ], [ -91.390875855284762, 31.626509886376525 ], [ -91.390847779943158, 31.626292289475728 ], [ -91.390925854904012, 31.626173957244113 ], [ -91.39102776334353, 31.626078286160045 ], [ -91.391159964264261, 31.626068093181637 ], [ -91.391240029847879, 31.625990003278986 ], [ -91.391271781501928, 31.625843107707599 ], [ -91.391290964717243, 31.625652335234001 ], [ -91.391393340609909, 31.625477072594961 ], [ -91.391400089773043, 31.625223592235823 ], [ -91.391435550678423, 31.624999015717048 ], [ -91.391397579636433, 31.624749379872537 ], [ -91.391363635814784, 31.624557485251181 ], [ -91.391334578372351, 31.624109900514487 ], [ -91.391288923192221, 31.623813389689161 ], [ -91.39129636564023, 31.623683262617746 ], [ -91.39143559833812, 31.623634264495912 ], [ -91.391516765986879, 31.623578965456719 ], [ -91.39158285143931, 31.622423421120018 ], [ -91.391610351456976, 31.622319708968597 ], [ -91.391616317286662, 31.622230036994456 ], [ -91.391711118091095, 31.622207285713991 ], [ -91.391760690293097, 31.622255885359973 ], [ -91.391837633947517, 31.622283577012038 ], [ -91.391942795004439, 31.622248102171536 ], [ -91.391999770107844, 31.622072034692973 ], [ -91.391999209917955, 31.621953661460765 ], [ -91.392041506630065, 31.621902447740691 ], [ -91.392153619936792, 31.621816791342066 ], [ -91.392319793764386, 31.621693910828334 ], [ -91.392397148931224, 31.621525790332534 ], [ -91.392439668278257, 31.621278401364336 ], [ -91.392469172902295, 31.62110297929393 ], [ -91.392637223586689, 31.620859337296277 ], [ -91.393055367044596, 31.619696958162663 ], [ -91.392967737582211, 31.619445986761598 ], [ -91.393013619034477, 31.619295406013748 ], [ -91.393136581881336, 31.619157239381018 ], [ -91.393218884200607, 31.619001405235363 ], [ -91.393312797606043, 31.618843916579269 ], [ -91.39332845226653, 31.618705596630505 ], [ -91.393356505865484, 31.618502392043684 ], [ -91.393397500421912, 31.618305406682197 ], [ -91.393524286798069, 31.618180902381347 ], [ -91.393711350673456, 31.618111835194966 ], [ -91.393871434513287, 31.618023886649652 ], [ -91.393985607601707, 31.617902061250668 ], [ -91.394342735270143, 31.61728093603681 ], [ -91.394568812854217, 31.617245460054093 ], [ -91.394742004863787, 31.617153429446713 ], [ -91.394853207289287, 31.616924147372178 ], [ -91.394918630656619, 31.616711817673607 ], [ -91.39500850959557, 31.616544209672309 ], [ -91.395036753874763, 31.616392546216613 ], [ -91.395028677980619, 31.616255381335918 ], [ -91.395255326334194, 31.61631979748039 ], [ -91.395361431693871, 31.616339091275044 ], [ -91.395578545110112, 31.616291871325984 ], [ -91.395739200142273, 31.616140680732219 ], [ -91.395831617779265, 31.615910269023193 ], [ -91.395897413137973, 31.61568586988006 ], [ -91.395892144607018, 31.615472052006357 ], [ -91.395779327925311, 31.615343016317812 ], [ -91.395638347227731, 31.61524516377353 ], [ -91.395526681005592, 31.615081344925134 ], [ -91.395554359691943, 31.615082483964585 ], [ -91.395829551412774, 31.615077814900499 ], [ -91.395953704507974, 31.615098206305941 ], [ -91.396077834138708, 31.615058532358098 ], [ -91.396124216298489, 31.614935692017127 ], [ -91.396106550342751, 31.614762946723499 ], [ -91.396102181514181, 31.614573688828838 ], [ -91.396175393576883, 31.614444844147584 ], [ -91.396287047963767, 31.614262492564826 ], [ -91.396374326038156, 31.614103661174674 ], [ -91.396408997344835, 31.613903570034402 ], [ -91.396393961210208, 31.613741594991481 ], [ -91.39636581707795, 31.61350302266489 ], [ -91.396375369961888, 31.613308295193871 ], [ -91.396362135421896, 31.613125780250744 ], [ -91.396328614228949, 31.613010669450642 ], [ -91.396265603504347, 31.612885815341663 ], [ -91.396192507960436, 31.612739576927851 ], [ -91.396097251398999, 31.612581764179101 ], [ -91.395966829062615, 31.612381631894944 ], [ -91.39585562698116, 31.612195085115296 ], [ -91.395848005846844, 31.612079262681537 ], [ -91.395794939708878, 31.611919631486344 ], [ -91.395806704692575, 31.611805317582654 ], [ -91.39594760422716, 31.611708401697616 ], [ -91.396059698636606, 31.611657570116531 ], [ -91.396168330420821, 31.611597710640858 ], [ -91.396244220313534, 31.611449427837979 ], [ -91.396360330321613, 31.611366774094911 ], [ -91.396516662173767, 31.611303901212999 ], [ -91.396683142983477, 31.611228295435868 ], [ -91.396731190789041, 31.611127558186606 ], [ -91.396702541127084, 31.610921661926746 ], [ -91.396646944334847, 31.610725674629695 ], [ -91.396615187208326, 31.610533866828458 ], [ -91.396477729196874, 31.610205851587889 ], [ -91.396404032137113, 31.610002366248104 ], [ -91.39629496139186, 31.609756552675897 ], [ -91.396069276758936, 31.609578444505718 ], [ -91.395898181285261, 31.609524133684197 ], [ -91.395712687336598, 31.609406677247502 ], [ -91.395657145634431, 31.609286749560031 ], [ -91.395660455787294, 31.60918665912531 ], [ -91.395669319655354, 31.609073646922816 ], [ -91.395652869069409, 31.60898411644563 ], [ -91.395598812251862, 31.608818045912898 ], [ -91.395705706890027, 31.608746386557279 ], [ -91.395812093756916, 31.608635966069016 ], [ -91.395829827698037, 31.608554595227844 ], [ -91.39582991075531, 31.608448685228314 ], [ -91.395758177149858, 31.608278688413126 ], [ -91.395695127507665, 31.608094121467051 ], [ -91.395776035168311, 31.607856124734504 ], [ -91.395947912497277, 31.607729917627502 ], [ -91.396098202379207, 31.607679236048099 ], [ -91.396248254920295, 31.607519076777926 ], [ -91.396517285091875, 31.60736523469841 ], [ -91.396654769225648, 31.607243653314871 ], [ -91.396681833199494, 31.607042891246277 ], [ -91.396822614450329, 31.606826904877572 ], [ -91.396922315337477, 31.606729002951997 ], [ -91.397119560517368, 31.606530622174752 ], [ -91.397133952494485, 31.606229111279522 ], [ -91.397017942231301, 31.606106695664963 ], [ -91.396505464066266, 31.605765023953225 ], [ -91.396332117228752, 31.605544996605069 ], [ -91.396257057359961, 31.605429596331458 ], [ -91.396271069760985, 31.605206260765154 ], [ -91.3963677022941, 31.605028264149688 ], [ -91.396422664965343, 31.604848552688647 ], [ -91.396394174087817, 31.604542788270876 ], [ -91.396381520485619, 31.604205332447204 ], [ -91.396424657075784, 31.603847780955753 ], [ -91.396441672305855, 31.603575520722099 ], [ -91.396637169230488, 31.60331415906893 ], [ -91.396828034343116, 31.603102720287765 ], [ -91.396990839556551, 31.602827217648361 ], [ -91.397369011795035, 31.602461058775827 ], [ -91.397599294987756, 31.602349335644135 ], [ -91.397510910237827, 31.601165710515669 ], [ -91.397556511673955, 31.600429381514878 ], [ -91.397441165400807, 31.60006815019398 ], [ -91.397499154890085, 31.599809658164229 ], [ -91.397712986667273, 31.59956610782293 ], [ -91.397872982625543, 31.599324962649145 ], [ -91.397982616024336, 31.599089564526356 ], [ -91.398158590140127, 31.598896702436484 ], [ -91.398326554181367, 31.598767130738231 ], [ -91.398386134676358, 31.598651226754537 ], [ -91.398319416224169, 31.598331091810518 ], [ -91.398213193881006, 31.597322302876485 ], [ -91.398144684966027, 31.597119737761155 ], [ -91.397930061642271, 31.596851095013644 ], [ -91.397756835206863, 31.596550389806509 ], [ -91.397795163192157, 31.596357551018425 ], [ -91.397854811821645, 31.596222101434662 ], [ -91.397874699794542, 31.596145082266787 ], [ -91.398014683804078, 31.596159016167189 ], [ -91.398159425067519, 31.596124452798769 ], [ -91.398212169422663, 31.596005423790825 ], [ -91.398140418407067, 31.595834001898996 ], [ -91.398146489080247, 31.595634148945834 ], [ -91.398177604449103, 31.5954722901925 ], [ -91.398167097255438, 31.595366652890988 ], [ -91.397962065840758, 31.595203253425566 ], [ -91.397944353601972, 31.595062488182705 ], [ -91.398067587259803, 31.594891268579239 ], [ -91.398191225355887, 31.594943981807731 ], [ -91.398275546078764, 31.594849354080882 ], [ -91.398284542600877, 31.594581735359494 ], [ -91.39830147865149, 31.593012526661322 ], [ -91.398418868305782, 31.592833601843438 ], [ -91.398551884523059, 31.592762302384589 ], [ -91.398759883359944, 31.592653568967368 ], [ -91.398835036496905, 31.59254896696282 ], [ -91.398860982618672, 31.592382274033625 ], [ -91.398953642025575, 31.59208646286006 ], [ -91.399065676862733, 31.591904118076314 ], [ -91.399155539028399, 31.591701312741876 ], [ -91.399160810424135, 31.591476901114998 ], [ -91.399127744500319, 31.591242026805386 ], [ -91.399059011898572, 31.591006751512907 ], [ -91.398862084801848, 31.590701515204451 ], [ -91.398758325623874, 31.590311610093689 ], [ -91.398842359122227, 31.590073377510745 ], [ -91.398897225793093, 31.589929909956147 ], [ -91.398933211779493, 31.589198501556837 ], [ -91.399021853146294, 31.588980361853139 ], [ -91.399075973248429, 31.588851791167723 ], [ -91.399113107800957, 31.588672406555933 ], [ -91.399162004343765, 31.588037492891953 ], [ -91.399212602714456, 31.587878921193365 ], [ -91.399195968939651, 31.587631214970578 ], [ -91.399150344868104, 31.587528396793868 ], [ -91.399313581797372, 31.58725929983364 ], [ -91.399517854322525, 31.587142236397305 ], [ -91.399644395211936, 31.586995318281129 ], [ -91.399764145640631, 31.586846343563089 ], [ -91.399869830079794, 31.58670176614957 ], [ -91.400007455912984, 31.586474265898751 ], [ -91.400021665593044, 31.585693263542396 ], [ -91.399951818410784, 31.585486730151676 ], [ -91.399797923542764, 31.585151984095823 ], [ -91.399569683884053, 31.584913344238476 ], [ -91.399439641721486, 31.58475302788834 ], [ -91.399597939282373, 31.584561209812396 ], [ -91.399807159592982, 31.584333455089919 ], [ -91.399856912606737, 31.584171293081809 ], [ -91.399844414434241, 31.584062017546092 ], [ -91.399758247279451, 31.5838132267635 ], [ -91.399655020501996, 31.583632332039411 ], [ -91.399712500274262, 31.583310899592618 ], [ -91.399777111720525, 31.583007531809233 ], [ -91.399741593685405, 31.582800987469525 ], [ -91.399608585025959, 31.582626686737573 ], [ -91.399431595454445, 31.582493228248296 ], [ -91.399423499815867, 31.582198598458184 ], [ -91.399568881999613, 31.582071647725357 ], [ -91.399705508683439, 31.581872539555839 ], [ -91.399747293133231, 31.581692277557949 ], [ -91.39978905539796, 31.581488556108447 ], [ -91.399773024399792, 31.581285300763856 ], [ -91.39967110440459, 31.58105221036487 ], [ -91.399577419491351, 31.58091506966954 ], [ -91.39947440563418, 31.580734182387022 ], [ -91.399281852174752, 31.580490254233705 ], [ -91.39934599694638, 31.580343611556923 ], [ -91.399413251046241, 31.580276358122582 ], [ -91.399571791799985, 31.580142484309679 ], [ -91.399727240664674, 31.580053622983979 ], [ -91.399742384765489, 31.579920247930538 ], [ -91.399707874480669, 31.579773101017413 ], [ -91.39963082243051, 31.579619583416143 ], [ -91.399558584757628, 31.579541260063795 ], [ -91.398761660769651, 31.577563186362251 ], [ -91.398865634937849, 31.577494244931245 ], [ -91.398936264610143, 31.577343958774676 ], [ -91.398988686426449, 31.577215671206964 ], [ -91.398920140106213, 31.576995680494235 ], [ -91.398838013670513, 31.576885315620157 ], [ -91.398717485266744, 31.576736405351454 ], [ -91.3985464455087, 31.57650260013801 ], [ -91.398420599039028, 31.576252527007082 ], [ -91.398287539334405, 31.576007843721538 ], [ -91.39815605635772, 31.57580338922638 ], [ -91.398061755634757, 31.575378317328941 ], [ -91.398145348739973, 31.575169562221035 ], [ -91.398189801839806, 31.574894862379708 ], [ -91.39818950267545, 31.574694739530859 ], [ -91.398191524004062, 31.574530966604289 ], [ -91.398162423631831, 31.574347785634171 ], [ -91.398067867696767, 31.574161910874921 ], [ -91.39794171953254, 31.574065727574993 ], [ -91.397998015000681, 31.573920893599094 ], [ -91.398166221883713, 31.573850330714212 ], [ -91.398234783328647, 31.573723417769383 ], [ -91.398419089392661, 31.573539421784208 ], [ -91.398561977869093, 31.573426585738055 ], [ -91.39866321289864, 31.57318549992543 ], [ -91.398669462678839, 31.572982447031698 ], [ -91.398742627646001, 31.572793166091429 ], [ -91.398812498348804, 31.572652444429369 ], [ -91.398850436849926, 31.572482684640967 ], [ -91.398875085444658, 31.572375290408278 ], [ -91.39895929426379, 31.572106134649076 ], [ -91.398951048483553, 31.572003073833507 ], [ -91.398892487644417, 31.571830054018246 ], [ -91.39887111591807, 31.571764484905405 ], [ -91.398925482595658, 31.571697411546829 ], [ -91.39905969599765, 31.571626514814191 ], [ -91.399245000439208, 31.571512934851857 ], [ -91.399317702333903, 31.571449103752645 ], [ -91.399408067152422, 31.571282922233955 ], [ -91.399493019589769, 31.571171255427817 ], [ -91.399607933757792, 31.571084635591081 ], [ -91.39977429844555, 31.570958190599768 ], [ -91.399834905272783, 31.570867914535466 ], [ -91.39989836846128, 31.570661527538245 ], [ -91.400052812489704, 31.570512909921788 ], [ -91.400272262418596, 31.570339952840623 ], [ -91.400577909211123, 31.570018768544013 ], [ -91.400771934409633, 31.569814552297238 ], [ -91.400928747745226, 31.569503239716131 ], [ -91.40111073659547, 31.56928253293939 ], [ -91.401248131410711, 31.569106198875101 ], [ -91.401348398792877, 31.568891016519267 ], [ -91.401615630616575, 31.568731395774314 ], [ -91.401867016900326, 31.568515674192732 ], [ -91.402063786739745, 31.56838798782017 ], [ -91.402344043144382, 31.56815034870899 ], [ -91.402512606172323, 31.56803287576572 ], [ -91.402831921398388, 31.567897430869799 ], [ -91.402973903122998, 31.567721283069815 ], [ -91.403182826318613, 31.567552863313399 ], [ -91.403312365460835, 31.567477503919285 ], [ -91.403436946384844, 31.567307393469601 ], [ -91.403480557562489, 31.567252671309276 ], [ -91.403673688044407, 31.567146514277621 ], [ -91.403845459835082, 31.567205824962222 ], [ -91.403883629601495, 31.567121732877251 ], [ -91.403918232230495, 31.566894607139581 ], [ -91.403941857300737, 31.566669162708742 ], [ -91.404053726888819, 31.566545802510252 ], [ -91.404238426740676, 31.566431478233252 ], [ -91.404384530884926, 31.56627469163185 ], [ -91.404441974344024, 31.566138786201215 ], [ -91.404526924458381, 31.566032446522122 ], [ -91.40476097599921, 31.565964579824644 ], [ -91.404926497105023, 31.565832405001832 ], [ -91.405038064465117, 31.565650028115215 ], [ -91.405159719526864, 31.565503609739181 ], [ -91.405356577827035, 31.565374143800636 ], [ -91.40548027234685, 31.565202927966489 ], [ -91.405659606572186, 31.565101887544785 ], [ -91.405892591083287, 31.565111460850119 ], [ -91.405930390046819, 31.564954842612895 ], [ -91.40598201865599, 31.564869525388403 ], [ -91.406055654879154, 31.564754188972334 ], [ -91.406111299233856, 31.564574489233078 ], [ -91.406322738531344, 31.564310197370425 ], [ -91.406346670171928, 31.563910242296984 ], [ -91.406341993918389, 31.563724154023966 ], [ -91.406397819357124, 31.563585337134647 ], [ -91.406510213370623, 31.563489364689126 ], [ -91.406701532779238, 31.563381706040545 ], [ -91.406830491059594, 31.563215325315674 ], [ -91.407019132462096, 31.563105067999714 ], [ -91.407193297673089, 31.562978931684224 ], [ -91.40724772379285, 31.562840767661012 ], [ -91.407301271166148, 31.562712519877191 ], [ -91.407373088087397, 31.562575780996752 ], [ -91.407440933671182, 31.562393026808181 ], [ -91.407551978740628, 31.562324366902764 ], [ -91.407665527399089, 31.562211734814678 ], [ -91.407783416850876, 31.562022860675356 ], [ -91.407882951568155, 31.561928491203872 ], [ -91.408035712805329, 31.561832753315656 ], [ -91.408135729141264, 31.561663760347646 ], [ -91.408171889231014, 31.561601976594279 ], [ -91.408326833746614, 31.561480736050616 ], [ -91.408519049351867, 31.561397636569833 ], [ -91.408634650383817, 31.561311390496542 ], [ -91.408724052069985, 31.561224068407128 ], [ -91.408883442007593, 31.561157037006357 ], [ -91.409013705006629, 31.56105397589425 ], [ -91.409271051246762, 31.560909214338338 ], [ -91.409595676890405, 31.560830483504432 ], [ -91.409854240488485, 31.560690035922502 ], [ -91.410148507442685, 31.560554607926417 ], [ -91.410384685707513, 31.560421415325074 ], [ -91.410669679110015, 31.560252193580446 ], [ -91.410828196350423, 31.560178370180541 ], [ -91.410893513077227, 31.56008401514816 ], [ -91.41103809165682, 31.559981183815459 ], [ -91.411332099449723, 31.559907233834938 ], [ -91.411550282339121, 31.559838346375823 ], [ -91.411879502636964, 31.559700793943513 ], [ -91.412121924083962, 31.559560745016174 ], [ -91.412273304485339, 31.559415537953139 ], [ -91.412436746039404, 31.559321298612105 ], [ -91.412589366344548, 31.559233368445259 ], [ -91.41367217262966, 31.558319160765059 ], [ -91.414187990315583, 31.558108570352754 ], [ -91.414272609728215, 31.558035265310128 ], [ -91.414335741674279, 31.557905629509186 ], [ -91.414664074117638, 31.55765464567888 ], [ -91.41475097258315, 31.557500747793032 ], [ -91.414859317164172, 31.557341331375888 ], [ -91.415098604591222, 31.557278278860057 ], [ -91.415308360968496, 31.557217569249772 ], [ -91.41553257187303, 31.557110533283616 ], [ -91.415864113625773, 31.55694285154393 ], [ -91.416039413417423, 31.556792577382829 ], [ -91.416273227213694, 31.556656431751303 ], [ -91.416449562026941, 31.556574444798422 ], [ -91.416778418107825, 31.556442905629407 ], [ -91.417077978202315, 31.55635743874257 ], [ -91.417324655594086, 31.556256296421243 ], [ -91.417652038267974, 31.55615064180817 ], [ -91.417875020354543, 31.555996987508284 ], [ -91.41800625238632, 31.555887557445697 ], [ -91.418207034345741, 31.555809768734388 ], [ -91.41840473797015, 31.555686711970747 ], [ -91.418647051833574, 31.555607070089597 ], [ -91.419000912866878, 31.555438516520361 ], [ -91.419500175888146, 31.555181726435418 ], [ -91.419790292941812, 31.55497501405187 ], [ -91.420096961940402, 31.554598365116874 ], [ -91.420315761465574, 31.554415032527501 ], [ -91.420487395663585, 31.553523851557337 ], [ -91.420811518040964, 31.553333457998654 ], [ -91.420999823678031, 31.553202547151482 ], [ -91.421230602731697, 31.55300157544805 ], [ -91.421340995874957, 31.552792829008371 ], [ -91.421451328854928, 31.552555644197852 ], [ -91.421526689637332, 31.552392737057801 ], [ -91.421582358128234, 31.552145493278985 ], [ -91.42153013779631, 31.551996554902253 ], [ -91.421369297916414, 31.551875868815614 ], [ -91.421114685904797, 31.551766981240203 ], [ -91.421394267343402, 31.551769546439765 ], [ -91.421479017339394, 31.551774794814243 ], [ -91.421729115688478, 31.551721768205219 ], [ -91.422017113428979, 31.551577876826382 ], [ -91.422239608762879, 31.551530116735744 ], [ -91.422396619878782, 31.551517352130357 ], [ -91.422593691894093, 31.551478858255621 ], [ -91.422773145407064, 31.551360022448328 ], [ -91.422858849445532, 31.551234148793188 ], [ -91.423081626948758, 31.551083674309751 ], [ -91.423299514401066, 31.551019372905419 ], [ -91.423518447709483, 31.550936630632631 ], [ -91.423824476000519, 31.550814088744939 ], [ -91.423899424536359, 31.550745001013226 ], [ -91.424003617708479, 31.550599267343646 ], [ -91.424135405698138, 31.550435468946695 ], [ -91.424361829971659, 31.550264880631431 ], [ -91.424554536651058, 31.54995286530572 ], [ -91.424871426526039, 31.549690363155083 ], [ -91.424963022932261, 31.549423615941098 ], [ -91.425042168395393, 31.549180884906306 ], [ -91.425041548908112, 31.548988917405214 ], [ -91.425171576568545, 31.547430263418164 ], [ -91.425246212271631, 31.547148958301797 ], [ -91.425345101982998, 31.546985944048433 ], [ -91.425615806035253, 31.546720482378721 ], [ -91.425688233875974, 31.546675460575511 ], [ -91.425783106529082, 31.54652792126263 ], [ -91.425811467555718, 31.546391167220985 ], [ -91.425965896028529, 31.546220827828105 ], [ -91.426074400153027, 31.546249793828963 ], [ -91.426156095107871, 31.546360482602882 ], [ -91.426176690391955, 31.54651381336819 ], [ -91.426133783554235, 31.546650683158344 ], [ -91.426152569311981, 31.546797186255329 ], [ -91.426322491316469, 31.54682404418465 ], [ -91.426519972078381, 31.546739351861977 ], [ -91.426559594165766, 31.546570001644017 ], [ -91.426573617637089, 31.54629865622088 ], [ -91.426608824644973, 31.546124148915322 ], [ -91.426649334864493, 31.545979716342075 ], [ -91.426656023340485, 31.545762098974269 ], [ -91.426604337846882, 31.545631311248407 ], [ -91.426562057456152, 31.545535742423159 ], [ -91.426557161777964, 31.545443124972834 ], [ -91.426763993989567, 31.545370544633965 ], [ -91.426941395099263, 31.545353987386306 ], [ -91.427160188699645, 31.545273364874113 ], [ -91.427375403898168, 31.545255865757589 ], [ -91.42742362799072, 31.545098952078114 ], [ -91.427504036452476, 31.544876174714787 ], [ -91.427591080799843, 31.54468210474209 ], [ -91.427802601651862, 31.544569192886428 ], [ -91.427795391006811, 31.544401125066198 ], [ -91.427814765390778, 31.544212462123934 ], [ -91.427825014992223, 31.543944871125397 ], [ -91.427818324611792, 31.543747321917575 ], [ -91.427836083188723, 31.543535488298328 ], [ -91.427874309536151, 31.543446056312735 ], [ -91.427960299630413, 31.543449573667228 ], [ -91.428006616538184, 31.543568056324244 ], [ -91.428042647141069, 31.543725928756036 ], [ -91.428058696052403, 31.543850637746598 ], [ -91.428119181255823, 31.543977519699855 ], [ -91.42819214384717, 31.54407434312219 ], [ -91.428252520258084, 31.544007499596177 ], [ -91.428263772731256, 31.543779404638887 ], [ -91.428231093515649, 31.543464559803418 ], [ -91.428166307772088, 31.543212382866116 ], [ -91.428115531039822, 31.543000944831878 ], [ -91.428037847795267, 31.542825017676726 ], [ -91.428054261961933, 31.542551990913338 ], [ -91.428116950733042, 31.542416639600489 ], [ -91.428198087372991, 31.542367351358369 ], [ -91.428285492773838, 31.542427087870049 ], [ -91.428392553884294, 31.542427912253711 ], [ -91.428392224358163, 31.542276831540885 ], [ -91.428379999144227, 31.542010808533767 ], [ -91.428346980868668, 31.54182746631286 ], [ -91.428296466706939, 31.541496961822695 ], [ -91.428226061978449, 31.541260904943528 ], [ -91.428230435268731, 31.541026840193435 ], [ -91.428192388469512, 31.540795661122949 ], [ -91.428114396199106, 31.540544008964368 ], [ -91.428048987909293, 31.540330549455945 ], [ -91.428092749915663, 31.540158167171434 ], [ -91.428205736341994, 31.540054375345711 ], [ -91.428251306946862, 31.539946048623296 ], [ -91.428237861538037, 31.5397421789602 ], [ -91.428221426308497, 31.539535698739904 ], [ -91.428306786521574, 31.539328761322306 ], [ -91.428437000088962, 31.539192261087862 ], [ -91.428549417508151, 31.53910586279531 ], [ -91.42857767017982, 31.538817678350263 ], [ -91.428553099490486, 31.538603400547107 ], [ -91.428647039688357, 31.538274537008878 ], [ -91.428873003474578, 31.538209133302775 ], [ -91.429027919919065, 31.538033476096246 ], [ -91.42915177526983, 31.537920530292677 ], [ -91.429355877599036, 31.537773898697292 ], [ -91.429461315288009, 31.537646336589383 ], [ -91.429492707525924, 31.537535296454404 ], [ -91.429632761379679, 31.537330238618168 ], [ -91.429758966840893, 31.537214544529185 ], [ -91.429916763633983, 31.537202157795463 ], [ -91.429964186742453, 31.537055516500772 ], [ -91.429990573348007, 31.536803866461931 ], [ -91.430079997319865, 31.536711549871985 ], [ -91.430222294796934, 31.536597934996237 ], [ -91.430344810337346, 31.536551047734889 ], [ -91.430441715204552, 31.536369106358752 ], [ -91.430481286924262, 31.536296433971295 ], [ -91.430591475884356, 31.536186482199358 ], [ -91.430689173358232, 31.536108721572209 ], [ -91.43081204808486, 31.536083175847111 ], [ -91.430879219019687, 31.536016252552205 ], [ -91.4309095214102, 31.535809904965028 ], [ -91.430976874673206, 31.535608626554939 ], [ -91.431082955558992, 31.53542528225092 ], [ -91.431261463475707, 31.535268714159912 ], [ -91.431295739309846, 31.535123311747284 ], [ -91.431252145222786, 31.534962285067383 ], [ -91.431242216804122, 31.53475713607304 ], [ -91.431317184080541, 31.534593135913635 ], [ -91.431524140858258, 31.53441249275722 ], [ -91.431627434748492, 31.534309722485997 ], [ -91.431681969677172, 31.534022609493952 ], [ -91.431724893996048, 31.533731822627203 ], [ -91.431788619746726, 31.533524352037368 ], [ -91.43187534641288, 31.533394600365231 ], [ -91.431955150810651, 31.533239328164129 ], [ -91.431970128548386, 31.533105932765626 ], [ -91.431971745367534, 31.532876017565297 ], [ -91.431928886731413, 31.532679830178047 ], [ -91.431799641209935, 31.532455940428218 ], [ -91.43117944242978, 31.531787562839369 ], [ -91.431297137133598, 31.53157447801588 ], [ -91.431323459037529, 31.531484556561608 ], [ -91.431288655939326, 31.531316067993757 ], [ -91.431172614513443, 31.531163808446561 ], [ -91.430993981759016, 31.531080792562051 ], [ -91.430907906486397, 31.530768734583468 ], [ -91.43110302832423, 31.530760005325803 ], [ -91.431300885482003, 31.530789777183415 ], [ -91.431533879068766, 31.530780818114504 ], [ -91.431624472222069, 31.530748975500817 ], [ -91.431736999224881, 31.530652980322657 ], [ -91.431894862355904, 31.530544975272463 ], [ -91.432102066450696, 31.530424412936881 ], [ -91.43220883337186, 31.530337779238476 ], [ -91.432262149474624, 31.530123838916577 ], [ -91.43233609790299, 31.530001739526515 ], [ -91.432516038814398, 31.529895346843251 ], [ -91.432570634827286, 31.52980658047413 ], [ -91.432601336992434, 31.52971683752439 ], [ -91.432620040069608, 31.529626604150199 ], [ -91.432630208954748, 31.529470972758574 ], [ -91.432610645564978, 31.529138528746543 ], [ -91.432559135911333, 31.528917815311246 ], [ -91.432592431258669, 31.528784101094985 ], [ -91.43270800552834, 31.528634199260509 ], [ -91.432742524120087, 31.528515819751739 ], [ -91.432743386931392, 31.528341679195609 ], [ -91.432634352164769, 31.528252267748254 ], [ -91.430449863592543, 31.525988957908435 ], [ -91.430187649229367, 31.525864131593814 ], [ -91.429923199123564, 31.52583234450837 ], [ -91.429760717789449, 31.525839207073098 ], [ -91.428036301330849, 31.522632405036862 ], [ -91.430887287762658, 31.519181558686221 ], [ -91.433303083766788, 31.518119362405901 ], [ -91.433242515305338, 31.517885121937869 ], [ -91.433186853187763, 31.517493964971923 ], [ -91.433041984107518, 31.517056860750021 ], [ -91.43320989893833, 31.516670931198753 ], [ -91.433332934800276, 31.516460901334195 ], [ -91.433360318218831, 31.516280020489283 ], [ -91.433316855019328, 31.516090911943106 ], [ -91.43321900973217, 31.515820666411233 ], [ -91.433087003469126, 31.515573907193097 ], [ -91.432993893781486, 31.515321628187515 ], [ -91.432964109693685, 31.515147652500062 ], [ -91.432873251217885, 31.514922125416863 ], [ -91.432769471768026, 31.514777117134603 ], [ -91.432623183242413, 31.514429885797295 ], [ -91.432508590023815, 31.514196989315828 ], [ -91.432511719841258, 31.513879326594584 ], [ -91.432473810840207, 31.513616150387588 ], [ -91.432469811737377, 31.513422610730256 ], [ -91.432504913190087, 31.513334467014285 ], [ -91.432607212075951, 31.513387348535851 ], [ -91.432672710965889, 31.513430905248406 ], [ -91.432794637427122, 31.513510182835653 ], [ -91.432911305447107, 31.513523483222237 ], [ -91.432928547753718, 31.513444207093038 ], [ -91.432905106012385, 31.513167403397436 ], [ -91.432851151406481, 31.512893973376823 ], [ -91.432817270277951, 31.512799810378912 ], [ -91.432755674894452, 31.512617068458912 ], [ -91.432745474000029, 31.512523873399303 ], [ -91.432709745627847, 31.512340411401411 ], [ -91.4326411951713, 31.512097665652121 ], [ -91.432557809812849, 31.511788195470835 ], [ -91.432514675276579, 31.511622914905185 ], [ -91.43246811705238, 31.511362938659939 ], [ -91.432470473877359, 31.511147618724433 ], [ -91.432510602867481, 31.510854217033945 ], [ -91.432589169554774, 31.510640946073114 ], [ -91.432568178963905, 31.510293146361978 ], [ -91.432451591714681, 31.509986583272728 ], [ -91.432350900109583, 31.509716928025369 ], [ -91.432201536151041, 31.509407602321101 ], [ -91.431990277890648, 31.509153687742099 ], [ -91.431819870985777, 31.50891139625648 ], [ -91.431768694300473, 31.508777422746604 ], [ -91.431663200811784, 31.508598215726938 ], [ -91.431582572771859, 31.508456283719052 ], [ -91.431560291255138, 31.508107362970112 ], [ -91.431538452675298, 31.507826355800489 ], [ -91.431487021549387, 31.507558357346184 ], [ -91.431478656617813, 31.507351484213778 ], [ -91.431427194756125, 31.507163466175729 ], [ -91.431323189438203, 31.506863812821649 ], [ -91.431145858562729, 31.506393020328719 ], [ -91.431042585849653, 31.506084153775358 ], [ -91.430855777694958, 31.505712505798584 ], [ -91.430701948137482, 31.505434274516279 ], [ -91.430652934272246, 31.505210452286718 ], [ -91.430630804509818, 31.504975287861321 ], [ -91.430524317570118, 31.504597681273474 ], [ -91.430411779858289, 31.504181079717874 ], [ -91.43025981031775, 31.503788814550745 ], [ -91.430113489155474, 31.503498091145246 ], [ -91.429927594601594, 31.503252671550239 ], [ -91.429892184528683, 31.503019451053831 ], [ -91.429840698957406, 31.502798725483888 ], [ -91.429751606149111, 31.502607032391943 ], [ -91.429548269846478, 31.502329971383247 ], [ -91.429294881665129, 31.501923244851245 ], [ -91.428985832043409, 31.50154872124569 ], [ -91.428650559305339, 31.501199784286989 ], [ -91.428401112948563, 31.500970955901124 ], [ -91.428071596202344, 31.500839806120887 ], [ -91.427916512376797, 31.500724326346614 ], [ -91.427730888090863, 31.500520503557926 ], [ -91.427564590506393, 31.500340933158874 ], [ -91.427414946278859, 31.500020562739042 ], [ -91.427233532652664, 31.499688937901549 ], [ -91.427081860913148, 31.499413629672279 ], [ -91.426906271331873, 31.499160092698748 ], [ -91.426756510939157, 31.498928586170443 ], [ -91.426640558725438, 31.498714815644224 ], [ -91.426498890841685, 31.498366330733923 ], [ -91.426344778374059, 31.498117581857439 ], [ -91.426201513797992, 31.497946771981653 ], [ -91.426154529427748, 31.497543508244693 ], [ -91.426065301069968, 31.497291727547196 ], [ -91.42592108872887, 31.497038050583363 ], [ -91.425734194536176, 31.496576445028762 ], [ -91.425524510241985, 31.496146254373208 ], [ -91.425316187994582, 31.495786149039581 ], [ -91.425196843434762, 31.495357523924628 ], [ -91.425001053676709, 31.49491652461278 ], [ -91.424675374045236, 31.494653634332785 ], [ -91.424296742732977, 31.494489531513334 ], [ -91.424092359160852, 31.494299861219531 ], [ -91.423849708577549, 31.494112177527278 ], [ -91.423424193429369, 31.494065238282861 ], [ -91.42320897299561, 31.494085214119668 ], [ -91.422869985373993, 31.494400147681766 ], [ -91.422496743588695, 31.494118949061015 ], [ -91.422679023463644, 31.493828166444739 ], [ -91.423264787951098, 31.493100672134542 ], [ -91.423514359500956, 31.492836107194321 ], [ -91.423668959328566, 31.492635192935648 ], [ -91.423735250366903, 31.492354586163781 ], [ -91.423833874648693, 31.492047575969647 ], [ -91.423825059688795, 31.491825035459023 ], [ -91.423727986487336, 31.491368878493404 ], [ -91.423563847822493, 31.490974671849393 ], [ -91.423441222239987, 31.490722227850949 ], [ -91.423357371256955, 31.490480970577899 ], [ -91.423222260736665, 31.490113191751924 ], [ -91.423168379134083, 31.489890936497524 ], [ -91.423036327051634, 31.489578027551584 ], [ -91.422993985230789, 31.489417744414666 ], [ -91.422922850792446, 31.489212200641386 ], [ -91.422904511611989, 31.489050768051303 ], [ -91.422929183711474, 31.488882921798172 ], [ -91.423010553695306, 31.488671896362284 ], [ -91.423134783156016, 31.488501375500892 ], [ -91.423255323327851, 31.488292665909995 ], [ -91.423328533644806, 31.488109389377943 ], [ -91.42342041319904, 31.487908392290915 ], [ -91.42349023188315, 31.487591312365105 ], [ -91.423529266063497, 31.487302831968012 ], [ -91.423529828047918, 31.487007087117497 ], [ -91.423515458543761, 31.486790360133078 ], [ -91.423650348577652, 31.486593968785687 ], [ -91.423826877210672, 31.48647251442236 ], [ -91.423878285778002, 31.486316071985094 ], [ -91.423896226556636, 31.486043790128111 ], [ -91.423862644342108, 31.485795347880632 ], [ -91.423746712155719, 31.485450747971935 ], [ -91.423589681533883, 31.485137879802316 ], [ -91.423473538958774, 31.484880010475461 ], [ -91.423324932408477, 31.484486790017201 ], [ -91.423329763936621, 31.484296444226874 ], [ -91.423373290859843, 31.484111239019889 ], [ -91.423392968991521, 31.48390052745113 ], [ -91.42335155825424, 31.483637187932167 ], [ -91.423295183741203, 31.4829150045753 ], [ -91.423193587968456, 31.482374757079107 ], [ -91.42309457452393, 31.481960459540399 ], [ -91.423024553895047, 31.481667151298943 ], [ -91.422971247568711, 31.48144775967042 ], [ -91.423015197070114, 31.481275368745994 ], [ -91.422996397338991, 31.481092585136402 ], [ -91.422911486783661, 31.480907091885157 ], [ -91.422901617827677, 31.480815680783639 ], [ -91.423033069576192, 31.480792273289811 ], [ -91.423124283596579, 31.480733800062026 ], [ -91.423162938028014, 31.480592119904802 ], [ -91.423106766251379, 31.480388252217988 ], [ -91.423046612205979, 31.480184576695187 ], [ -91.422861129148018, 31.479970076387048 ], [ -91.422796070612023, 31.479961721916798 ], [ -91.422783042547621, 31.480082767283537 ], [ -91.422843668169492, 31.480292861256363 ], [ -91.422839211084678, 31.480384396274314 ], [ -91.422739776187015, 31.480410893300849 ], [ -91.422485699651688, 31.480172962232292 ], [ -91.422356113039058, 31.479883254218457 ], [ -91.422290792532991, 31.479542144940044 ], [ -91.422402422221424, 31.479306050249104 ], [ -91.422551587356168, 31.479248530857443 ], [ -91.422602156862169, 31.479110538342677 ], [ -91.422617759629532, 31.478855576330886 ], [ -91.422561814562542, 31.478708596265566 ], [ -91.422456403525629, 31.47843125431913 ], [ -91.422356222263744, 31.478211005917284 ], [ -91.422251451157479, 31.478058824510011 ], [ -91.422322158933952, 31.47798777972962 ], [ -91.422486764627891, 31.47788645624377 ], [ -91.422523384593788, 31.477858095612294 ], [ -91.422632993850883, 31.477812463504424 ], [ -91.422737757798572, 31.477852307385337 ], [ -91.422827487635672, 31.47791215374491 ], [ -91.422913587074319, 31.477812944243635 ], [ -91.422933227403064, 31.477722742099417 ], [ -91.422963187917503, 31.47765144876379 ], [ -91.423014946446116, 31.477544077174787 ], [ -91.423244297680597, 31.477226064655127 ], [ -91.423322146445543, 31.47698289578674 ], [ -91.423334086851014, 31.476772219817203 ], [ -91.423455662737908, 31.476106023215884 ], [ -91.4235268150683, 31.475960696711152 ], [ -91.423548050999472, 31.475836787285328 ], [ -91.423450006791356, 31.475650754162945 ], [ -91.423155279608608, 31.475401912953892 ], [ -91.422909490997966, 31.475191337567807 ], [ -91.422648130885264, 31.475012118081271 ], [ -91.422436317949646, 31.474843816462094 ], [ -91.42233199571551, 31.474694851876141 ], [ -91.422298167286868, 31.474414042915605 ], [ -91.422220900188677, 31.474259788207977 ], [ -91.422092598552581, 31.474130103589296 ], [ -91.422847001322779, 31.474036960000763 ], [ -91.423100567804156, 31.474180310116243 ], [ -91.423189847837421, 31.47424618180467 ], [ -91.423299882162652, 31.474334944977706 ], [ -91.423401714749318, 31.47443012634789 ], [ -91.423559718929624, 31.474563159594489 ], [ -91.42366508461663, 31.474573876775015 ], [ -91.423696583538572, 31.474589743122326 ], [ -91.423877172009057, 31.474742898320066 ], [ -91.423891275833284, 31.474746675788417 ], [ -91.424081979578361, 31.474772976664202 ], [ -91.4241741149077, 31.4747884836599 ], [ -91.42433813143073, 31.474835731402177 ], [ -91.424525178895678, 31.474887833060613 ], [ -91.424736360670281, 31.474875511558619 ], [ -91.42494459532449, 31.474791613756882 ], [ -91.425056027571244, 31.474713703574029 ], [ -91.425149667755207, 31.474516327878359 ], [ -91.425157480159513, 31.47437658153283 ], [ -91.425085986889854, 31.474184882706847 ], [ -91.425017696269293, 31.474076857187054 ], [ -91.424964609828351, 31.473960567059439 ], [ -91.42513001045856, 31.473924328244703 ], [ -91.425360016690163, 31.473852697574365 ], [ -91.425463384415664, 31.473758459078969 ], [ -91.425505421281017, 31.473641800039537 ], [ -91.425577746534032, 31.473462747426733 ], [ -91.425687163529687, 31.47327277172262 ], [ -91.425789427642343, 31.473102055313056 ], [ -91.425832966608112, 31.47295701762048 ], [ -91.425809477326553, 31.472748088212203 ], [ -91.425681410415649, 31.472496125200824 ], [ -91.425515010863762, 31.472278852502292 ], [ -91.425348791109954, 31.472145129309762 ], [ -91.425164606391007, 31.472044442293427 ], [ -91.425031783208794, 31.471955813328666 ], [ -91.424983721324011, 31.471819109533506 ], [ -91.424965740828014, 31.471708523219018 ], [ -91.425034540017549, 31.471635975990491 ], [ -91.425136354387178, 31.471635525974381 ], [ -91.425228524380913, 31.471668808770549 ], [ -91.425319216613289, 31.47161564435433 ], [ -91.425349719035012, 31.471536550923851 ], [ -91.42532657421242, 31.471380604479371 ], [ -91.425313217320749, 31.471267719066869 ], [ -91.42529198210849, 31.471175840894702 ], [ -91.425480611778141, 31.470996931003427 ], [ -91.42574296576268, 31.470865123092967 ], [ -91.425715277310402, 31.470632557712133 ], [ -91.425557584704094, 31.470117730793191 ], [ -91.425433717386241, 31.469935616386383 ], [ -91.425304525060412, 31.469720221932956 ], [ -91.42519053725475, 31.46966258196144 ], [ -91.425124658100259, 31.469539723154849 ], [ -91.425251069805284, 31.469381727120648 ], [ -91.425299797494588, 31.469264985900459 ], [ -91.425277890534403, 31.469160992762259 ], [ -91.425198793366633, 31.469048257375018 ], [ -91.425167809919273, 31.468892344457306 ], [ -91.425142988800388, 31.46871250980525 ], [ -91.42512682355266, 31.468582800087688 ], [ -91.425097586772779, 31.468444022689454 ], [ -91.425142293607934, 31.468348446754504 ], [ -91.425130557843261, 31.468232783039962 ], [ -91.42510631802746, 31.468158911795019 ], [ -91.425195067234895, 31.468056963787244 ], [ -91.425235119039229, 31.467988215247249 ], [ -91.425124681786684, 31.467834734595545 ], [ -91.425024912460643, 31.467706931604436 ], [ -91.424980562445782, 31.467569312183286 ], [ -91.424934004168463, 31.467422714635521 ], [ -91.425059698708523, 31.46750607565394 ], [ -91.425292993481918, 31.467586379592934 ], [ -91.425561048864893, 31.467687659811428 ], [ -91.425762044667906, 31.467727534102142 ], [ -91.425922376120866, 31.467686465012022 ], [ -91.425996148831857, 31.46756292812918 ], [ -91.4261635264848, 31.467434338101729 ], [ -91.426365121480401, 31.46733630070403 ], [ -91.426502324572155, 31.467273664216016 ], [ -91.426629558996211, 31.467248658075533 ], [ -91.426822535788446, 31.467273270926118 ], [ -91.426989722773172, 31.467317801845287 ], [ -91.427077134996253, 31.467370441358199 ], [ -91.427170773378364, 31.467438622411166 ], [ -91.427203785771553, 31.467412956218812 ], [ -91.427230382339459, 31.467341878387369 ], [ -91.427274339855032, 31.467161661121054 ], [ -91.42738210316044, 31.46698405688112 ], [ -91.427475879790876, 31.466846762575113 ], [ -91.427575370838554, 31.466748807546491 ], [ -91.427654754655151, 31.466618389206634 ], [ -91.427558818213384, 31.466422844084406 ], [ -91.427369927442513, 31.466329787542147 ], [ -91.427201370255375, 31.46624858403862 ], [ -91.427036025671711, 31.466206617245611 ], [ -91.426925410392869, 31.466270343415683 ], [ -91.426817345577319, 31.466289024970209 ], [ -91.426782718619251, 31.466262010406609 ], [ -91.426743192922657, 31.466138809152344 ], [ -91.426619271874358, 31.466007529409033 ], [ -91.426897552800853, 31.465690086542729 ], [ -91.427184319287818, 31.465865008100504 ], [ -91.427475171712686, 31.466010233828655 ], [ -91.427538338215285, 31.466025974331469 ], [ -91.427891230955581, 31.46600380883455 ], [ -91.427942518343073, 31.465945117885834 ], [ -91.428037933973428, 31.465843440422482 ], [ -91.428061333625763, 31.465769742796677 ], [ -91.428046815951049, 31.465546247362568 ], [ -91.427967142260627, 31.465369854330827 ], [ -91.428091107244782, 31.465319471901541 ], [ -91.428107799810221, 31.465325487993816 ], [ -91.428189416288987, 31.465378956082056 ], [ -91.428240366300955, 31.465472051372871 ], [ -91.428315743569257, 31.465475137806962 ], [ -91.428431061565576, 31.46544644219988 ], [ -91.428581750420548, 31.465365158089632 ], [ -91.428697241441938, 31.465215242410721 ], [ -91.42881267180978, 31.465066390616403 ], [ -91.428980976824292, 31.464956320342388 ], [ -91.429108962987385, 31.464838555615387 ], [ -91.429183817135183, 31.464621918389792 ], [ -91.429240619625759, 31.464511904399931 ], [ -91.429310356496117, 31.464357981801225 ], [ -91.429350281647118, 31.464243366239561 ], [ -91.429403346930783, 31.464064586702289 ], [ -91.429397387016337, 31.463961246330197 ], [ -91.429363254816366, 31.463788851191584 ], [ -91.42936064458722, 31.463663251072834 ], [ -91.429311934808837, 31.463403160264235 ], [ -91.429180500046826, 31.463144304154159 ], [ -91.429059909304272, 31.463048357732831 ], [ -91.428997461662064, 31.463045801053429 ], [ -91.428930027984279, 31.4631276505099 ], [ -91.428809618698153, 31.463133741317208 ], [ -91.428603938229642, 31.46308265926876 ], [ -91.428508384809618, 31.46293761106179 ], [ -91.428447843768055, 31.462805372545063 ], [ -91.428410102175832, 31.462726326884834 ], [ -91.428521956106849, 31.462640608416216 ], [ -91.428822303460493, 31.46260313520261 ], [ -91.428926227094323, 31.462609523163326 ], [ -91.42904372352217, 31.462501638329918 ], [ -91.429315371718687, 31.462354559529327 ], [ -91.429471811758063, 31.462274931485233 ], [ -91.429581307559531, 31.462103438467093 ], [ -91.429662703995874, 31.461915152758305 ], [ -91.429758274318161, 31.461592710259367 ], [ -91.429893333415336, 31.461366448705551 ], [ -91.429907279195035, 31.46115691519104 ], [ -91.429868703806633, 31.460926389800608 ], [ -91.42978606985254, 31.460711836072807 ], [ -91.429628231449072, 31.460504157737716 ], [ -91.429366514486134, 31.460394612446105 ], [ -91.429420055791084, 31.460006101806687 ], [ -91.429979599919633, 31.459572180639878 ], [ -91.430042021203221, 31.45949759064624 ], [ -91.430050626669669, 31.459410132488134 ], [ -91.430302117856044, 31.45897639743194 ], [ -91.430384924934827, 31.458862824721081 ], [ -91.430440132409558, 31.458627604977238 ], [ -91.430576459826909, 31.458478538827247 ], [ -91.43069939591939, 31.45839256039708 ], [ -91.430746356095511, 31.458293873544186 ], [ -91.430794210326098, 31.458194156724513 ], [ -91.430814221768415, 31.457938298578444 ], [ -91.430724863357085, 31.457746577154861 ], [ -91.43147683636262, 31.457693452108586 ], [ -91.431624802982526, 31.457783762694419 ], [ -91.431721335253684, 31.457787712845136 ], [ -91.431902164718963, 31.457740363936889 ], [ -91.432056838209888, 31.457499614336808 ], [ -91.432083129629035, 31.456432385352734 ], [ -91.432619103687017, 31.455505459620344 ], [ -91.432734530561234, 31.454944209937821 ], [ -91.432926036594438, 31.454770734519336 ], [ -91.433018233587347, 31.454655410364133 ], [ -91.432841452255929, 31.454374434893065 ], [ -91.432743311776846, 31.454217905608488 ], [ -91.432532792487251, 31.454156676824496 ], [ -91.431913512230381, 31.453755917525221 ], [ -91.431868146697369, 31.453650962844449 ], [ -91.431850060533222, 31.453542147273208 ], [ -91.432371431630088, 31.453226100941084 ], [ -91.432424141509657, 31.453221502935225 ], [ -91.43253971619643, 31.453232275476381 ], [ -91.432688029109968, 31.453303402257273 ], [ -91.432792445381153, 31.453348913621504 ], [ -91.432918100854877, 31.453299661260345 ], [ -91.432929495455994, 31.45328661800195 ], [ -91.432915797580691, 31.453201801384843 ], [ -91.432969007812289, 31.4532345522959 ], [ -91.433013570991889, 31.453222510489955 ], [ -91.433041558812235, 31.453265250336223 ], [ -91.433171241123006, 31.453338813857165 ], [ -91.43325261742163, 31.453326144896394 ], [ -91.43326681866823, 31.453300418015186 ], [ -91.43329478074557, 31.453210550999774 ], [ -91.4333083575589, 31.453120095484429 ], [ -91.433343824405682, 31.4530582653362 ], [ -91.43346906689797, 31.452955313227235 ], [ -91.433613935746905, 31.452736200486591 ], [ -91.433630482570052, 31.452678217924806 ], [ -91.433586743500868, 31.452546311429796 ], [ -91.433543205203165, 31.452401614663973 ], [ -91.433471017794545, 31.452216639549611 ], [ -91.433420860213886, 31.452104023453394 ], [ -91.433320022210282, 31.452008176170821 ], [ -91.433146745277938, 31.451968380302585 ], [ -91.43308399714978, 31.451976834095834 ], [ -91.433014422533219, 31.451924926992664 ], [ -91.433093482055895, 31.451809064807993 ], [ -91.433127677573054, 31.451747538091407 ], [ -91.433170197215858, 31.451623781711287 ], [ -91.43315381436237, 31.451475573772054 ], [ -91.433114477046331, 31.451437702153033 ], [ -91.432995742858466, 31.451364586087472 ], [ -91.432855134142528, 31.451325415160966 ], [ -91.433039761179757, 31.450866891414339 ], [ -91.433142788604002, 31.450842665414367 ], [ -91.433155662035276, 31.450838570414202 ], [ -91.433232093830014, 31.450750685972981 ], [ -91.433272121040815, 31.450752323504648 ], [ -91.433362806550321, 31.450829980144366 ], [ -91.43341395825567, 31.450893576461169 ], [ -91.433528133562177, 31.450978948616747 ], [ -91.433627239484409, 31.451000067399114 ], [ -91.433781543750271, 31.450992869922366 ], [ -91.433960560574775, 31.450962508208725 ], [ -91.434149211343041, 31.450915120136447 ], [ -91.434314496865781, 31.450794962504997 ], [ -91.4344050237125, 31.450616642501164 ], [ -91.434500673633934, 31.450575048903545 ], [ -91.434556713276336, 31.450531835216015 ], [ -91.434628580856469, 31.450352751828888 ], [ -91.434679941579262, 31.45024073267615 ], [ -91.434783187775025, 31.45000924992781 ], [ -91.435128799550853, 31.449251208653049 ], [ -91.435298472320028, 31.448916498424378 ], [ -91.435471370933044, 31.448202941492102 ], [ -91.435493980319421, 31.448070903637117 ], [ -91.435493013205388, 31.447984474065741 ], [ -91.435417285172477, 31.44778264470164 ], [ -91.435221171868633, 31.447586913105564 ], [ -91.435120441598414, 31.447491070886905 ], [ -91.435119996057907, 31.447404662530346 ], [ -91.435140244557331, 31.447279282768328 ], [ -91.435129532013462, 31.447187832805508 ], [ -91.435086022140112, 31.447083309543149 ], [ -91.434995492474116, 31.446363243506173 ], [ -91.434798966878816, 31.446241440894887 ], [ -91.434594921174323, 31.446066002908797 ], [ -91.434508401091165, 31.445966474772732 ], [ -91.434394043534255, 31.445834522484258 ], [ -91.434362778391744, 31.445761073847052 ], [ -91.434367124128173, 31.445728544107279 ], [ -91.434507591612174, 31.445718291383947 ], [ -91.43463861011999, 31.445732893664992 ], [ -91.434800689428755, 31.445693305639672 ], [ -91.435015156941176, 31.445702788083132 ], [ -91.435105617431248, 31.445691911500262 ], [ -91.435243759203658, 31.44563036841685 ], [ -91.435371754305876, 31.445570898834802 ], [ -91.435480450790536, 31.445540503281173 ], [ -91.435587824546573, 31.445533517601593 ], [ -91.435693655231177, 31.445553843464268 ], [ -91.43575661371581, 31.445484248139728 ], [ -91.435813713478879, 31.445303847654237 ], [ -91.435766398199036, 31.445120599547408 ], [ -91.435730469444678, 31.445022429894504 ], [ -91.435769593359211, 31.444847693519009 ], [ -91.435783438074537, 31.444720984687386 ], [ -91.435640088567212, 31.444608467824963 ], [ -91.435220418700226, 31.444462608506285 ], [ -91.435173298594933, 31.444410909071422 ], [ -91.435119780413942, 31.444350415534707 ], [ -91.435004999463004, 31.444270351601471 ], [ -91.434874840880951, 31.444174015830836 ], [ -91.434935029134238, 31.444160834741133 ], [ -91.434986021147594, 31.444145855435931 ], [ -91.435079546647387, 31.444136170819657 ], [ -91.43516641748387, 31.444124080866143 ], [ -91.435225956214907, 31.444109450989199 ], [ -91.435316795511014, 31.444073348046707 ], [ -91.435412084269061, 31.444013962855291 ], [ -91.435571032448905, 31.443937271897621 ], [ -91.43562295373826, 31.443881801338385 ], [ -91.435701894268874, 31.443828857709462 ], [ -91.435795411787936, 31.443852590805111 ], [ -91.43587088970618, 31.443872030991212 ], [ -91.43596224928352, 31.443817461907333 ], [ -91.435988383784334, 31.443650726373892 ], [ -91.43597195233275, 31.443445987473542 ], [ -91.435880164424702, 31.443256654010579 ], [ -91.435721007264362, 31.443176198074468 ], [ -91.435661198768514, 31.442731488047162 ], [ -91.43579129799663, 31.442701256382794 ], [ -91.435964482748503, 31.442653588405911 ], [ -91.436019891077379, 31.442628834713812 ], [ -91.436101451628417, 31.442564621291588 ], [ -91.436140399183941, 31.442496532288498 ], [ -91.435893301590042, 31.442019988287068 ], [ -91.43583129369577, 31.441937816498683 ], [ -91.435886515124565, 31.44158461275283 ], [ -91.435877251083255, 31.441360245684546 ], [ -91.435885667374663, 31.441211264300012 ], [ -91.435917550068581, 31.441035243916911 ], [ -91.43600945446839, 31.440897743157894 ], [ -91.436917928466926, 31.441239212502804 ], [ -91.437150056872937, 31.441320517186046 ], [ -91.437405169504913, 31.44134445586036 ], [ -91.437502956910379, 31.441340631827799 ], [ -91.437773508889791, 31.441307606761306 ], [ -91.437918923169221, 31.441204050789139 ], [ -91.4380075350456, 31.441116659902516 ], [ -91.438134071313414, 31.440907098458393 ], [ -91.438196415887546, 31.440772416324215 ], [ -91.438592566698844, 31.439970913075754 ], [ -91.438632564937521, 31.439817541271299 ], [ -91.43866528964746, 31.4396283201961 ], [ -91.438662134652276, 31.43954357757967 ], [ -91.438607731854816, 31.439415500222392 ], [ -91.438543139496744, 31.439288428436232 ], [ -91.438454366318567, 31.439132637734293 ], [ -91.438513079805489, 31.43905113464934 ], [ -91.438672444390292, 31.438898374792018 ], [ -91.438801912006255, 31.438733016225388 ], [ -91.438817383746311, 31.438555177347705 ], [ -91.438771166176934, 31.438415346628659 ], [ -91.438670410340919, 31.438305283776398 ], [ -91.438573107721496, 31.438309839555508 ], [ -91.438161929285343, 31.438119539851961 ], [ -91.438259018671161, 31.438013296786618 ], [ -91.438383651488621, 31.43784845187793 ], [ -91.438400591256524, 31.43767422793859 ], [ -91.438409088205788, 31.437481171769932 ], [ -91.438307001739517, 31.437163429509745 ], [ -91.438061597554494, 31.43702327797434 ], [ -91.437780924759906, 31.43700824981449 ], [ -91.437231818117993, 31.436879856693398 ], [ -91.437254935611222, 31.436535234558114 ], [ -91.43732973639068, 31.436398216932279 ], [ -91.437420409812972, 31.436248338288753 ], [ -91.437455662241973, 31.436088372385402 ], [ -91.437413128009879, 31.435944424604429 ], [ -91.437825255634053, 31.43532773130076 ], [ -91.438024690943934, 31.435201496146746 ], [ -91.438197523985679, 31.435026533204471 ], [ -91.438274506148616, 31.434797167875704 ], [ -91.438219005288303, 31.434588695913146 ], [ -91.437947728980291, 31.434586850676915 ], [ -91.437655811967687, 31.434217971937453 ], [ -91.43755430758344, 31.434060236160914 ], [ -91.437484914544427, 31.434027535256824 ], [ -91.437288479030798, 31.433897204202445 ], [ -91.437239414382702, 31.43380418413712 ], [ -91.437235413518508, 31.433786244371735 ], [ -91.437205268370093, 31.433700397212842 ], [ -91.437248323632716, 31.433644562642659 ], [ -91.437328063974249, 31.433627202377576 ], [ -91.437435238710648, 31.433658603861385 ], [ -91.437513314560732, 31.433724367999243 ], [ -91.437584648074193, 31.433776346529001 ], [ -91.437744374185399, 31.433866779854149 ], [ -91.43780684814665, 31.43388142157735 ], [ -91.437981570977044, 31.433904207050805 ], [ -91.438167878645288, 31.433943819874415 ], [ -91.438300802855977, 31.433961341026151 ], [ -91.438484546342124, 31.434018624668006 ], [ -91.438592505261482, 31.434000994796776 ], [ -91.438766873625141, 31.433824671386262 ], [ -91.438889002555158, 31.433598572499552 ], [ -91.439001615363864, 31.43337635078133 ], [ -91.439006402913492, 31.433112036671396 ], [ -91.43895595711389, 31.432854708699391 ], [ -91.438838383561063, 31.432633744689724 ], [ -91.438692428080842, 31.432486280545756 ], [ -91.43853211065867, 31.432400801444665 ], [ -91.438771530371966, 31.431469868521017 ], [ -91.438896058991915, 31.431364034363142 ], [ -91.438934001464546, 31.431234040777483 ], [ -91.438910105760002, 31.431102230821711 ], [ -91.438943085221908, 31.431031138507937 ], [ -92.191782214179682, 31.459252030577098 ], [ -92.193082790690994, 31.475103247336047 ], [ -92.193068657637525, 31.476886928155164 ], [ -92.192275238546316, 31.478881927540783 ], [ -92.191476180458395, 31.480995665951394 ], [ -92.189146424757269, 31.482938239298932 ], [ -92.186626688068742, 31.484457976677962 ], [ -92.181584474626703, 31.486069876189074 ], [ -92.179723510726745, 31.488444567417005 ], [ -92.177599955006158, 31.490453411543342 ], [ -92.175685806638327, 31.492469379763438 ], [ -92.173635195563875, 31.492934402213585 ], [ -92.171215672970732, 31.492412994160254 ], [ -92.170756509198299, 31.492269326365268 ], [ -92.169806274370913, 31.491999369821848 ], [ -92.168551710159008, 31.490976052699271 ], [ -92.168445844072352, 31.490258769210691 ], [ -92.16776721257375, 31.489819194025504 ], [ -92.164143579653484, 31.491003198164648 ], [ -92.161858031848084, 31.491995179886199 ], [ -92.160755746326075, 31.493307042444489 ], [ -92.160640871003437, 31.495723117714391 ], [ -92.160762976195315, 31.497518336697439 ], [ -92.160540814223268, 31.500573158492092 ], [ -92.160284617868086, 31.504489369350203 ], [ -92.16043440618526, 31.506816359989852 ], [ -92.160285272955761, 31.507701754242284 ], [ -92.160056877499684, 31.510253517265706 ], [ -92.159690998825525, 31.512556788894617 ], [ -92.158633931381374, 31.514185582988276 ], [ -92.157934585209716, 31.515648256665845 ], [ -92.156760338331239, 31.516797250633147 ], [ -92.156161893823139, 31.517609226492016 ], [ -92.154073185128738, 31.517660073788921 ], [ -92.153502562636831, 31.517528856275547 ], [ -92.149459091650357, 31.517025738009995 ], [ -92.147706715362474, 31.515616081856688 ], [ -92.144796868676949, 31.513828035520824 ], [ -92.143847256831805, 31.51320058119396 ], [ -92.142427468311453, 31.513627333717196 ], [ -92.142289272943714, 31.514749419399632 ], [ -92.140891296783224, 31.516488277710149 ], [ -92.139853060276337, 31.518690716591575 ], [ -92.137998120932721, 31.521383701940096 ], [ -92.137161454447721, 31.522782027586477 ], [ -92.136601372898824, 31.52424937309522 ], [ -92.137675422357631, 31.526665209991762 ], [ -92.137403316557027, 31.52796409688445 ], [ -92.136150203553015, 31.529288541266251 ], [ -92.135135088335986, 31.530026524536048 ], [ -92.13397452766408, 31.530878402740647 ], [ -92.132511700997725, 31.532195549364317 ], [ -92.131739008077446, 31.533714960737452 ], [ -92.131671981773522, 31.533653174144632 ], [ -92.127449986557963, 31.538502218780735 ], [ -92.126912414945821, 31.539494529169243 ], [ -92.126028291682218, 31.540415360716352 ], [ -92.125959888088374, 31.54184018547064 ], [ -92.125410873382819, 31.543069952383249 ], [ -92.12530393402497, 31.543839307030087 ], [ -92.125331053619021, 31.544732238812273 ], [ -92.124877552353254, 31.545430113682176 ], [ -92.124351309172994, 31.546184930461308 ], [ -92.124319942020037, 31.546837968061912 ], [ -92.124181618450905, 31.548260352029754 ], [ -92.122907140877032, 31.550797911292928 ], [ -92.121913884934713, 31.551749652390452 ], [ -92.121518787270162, 31.552687393638898 ], [ -92.121126534596286, 31.553565765657503 ], [ -92.120804163021646, 31.554446559506108 ], [ -92.120548820145231, 31.555389141748105 ], [ -92.120019616490495, 31.556203289901759 ], [ -92.119344907324276, 31.557131314834834 ], [ -92.119319206709775, 31.557665606247017 ], [ -92.118946897543196, 31.558128403155379 ], [ -92.118280729319935, 31.558878321732458 ], [ -92.118142278696695, 31.56030066605517 ], [ -92.117420475612377, 31.560751323713262 ], [ -92.114399587095008, 31.566966820082765 ], [ -92.113983518619492, 31.566697295024213 ], [ -92.113214618448964, 31.566670575164146 ], [ -92.112498452872387, 31.567002466724063 ], [ -92.112338624612889, 31.567413158199063 ], [ -92.112310013181286, 31.568006802046256 ], [ -92.112366241472159, 31.568417708334973 ], [ -92.112465356614109, 31.569142013037538 ], [ -92.112500925956695, 31.569856813075141 ], [ -92.1109928987903, 31.570636875703684 ], [ -92.110944240335186, 31.571646063161594 ], [ -92.109915237405517, 31.574107737747507 ], [ -92.109333078304886, 31.57456319416395 ], [ -92.108678141463699, 31.575075578547928 ], [ -92.107891975242111, 31.57540500326316 ], [ -92.107022708102036, 31.577455956837657 ], [ -92.103409666242243, 31.579768126411196 ], [ -92.102824561014174, 31.580282906902767 ], [ -92.102521964767831, 31.580748065248045 ], [ -92.102778663234091, 31.581232709935765 ], [ -92.102062325499048, 31.581564525647959 ], [ -92.10106059074711, 31.582005314594525 ], [ -92.100964847778883, 31.582537140004877 ], [ -92.100041620841395, 31.582802268681014 ], [ -92.095756732003494, 31.587409784668491 ], [ -92.095148526564486, 31.588399411156036 ], [ -92.095894636079038, 31.588901147137491 ], [ -92.096774846547163, 31.589526479858222 ], [ -92.09548180820191, 31.590194900003116 ], [ -92.095863964630695, 31.590981239397578 ], [ -92.096106286069542, 31.591762696637058 ], [ -92.097018135479146, 31.59173505020761 ], [ -92.097407963208227, 31.590916186998985 ], [ -92.097786292493765, 31.590334767221911 ], [ -92.09858700564817, 31.589708614848664 ], [ -92.09951031639072, 31.589443501596755 ], [ -92.100547624166211, 31.58971750990797 ], [ -92.100862777821519, 31.590442034242511 ], [ -92.100965304268897, 31.591218607818305 ], [ -92.101003651794102, 31.591874020555981 ], [ -92.101464402203518, 31.59248469116698 ], [ -92.100332318173898, 31.594169613915749 ], [ -92.099447292453931, 31.595090140935952 ], [ -92.098977926695554, 31.594657548170769 ], [ -92.098474098680072, 31.594937285617529 ], [ -92.097903215637118, 31.595155220955409 ], [ -92.097340948958546, 31.59519507048411 ], [ -92.095020005286983, 31.596838460022692 ], [ -92.093886817824895, 31.597096209009379 ], [ -92.093374328512041, 31.597554004046142 ], [ -92.0928005366017, 31.597831272851796 ], [ -92.092465288899447, 31.597522259933143 ], [ -92.092491180044235, 31.596988014595311 ], [ -92.092301541559465, 31.596565163531054 ], [ -92.092123413123872, 31.59590486892974 ], [ -92.091703865093919, 31.595890213984934 ], [ -92.090139617448159, 31.596370711680361 ], [ -92.089501655513203, 31.596526799362007 ], [ -92.088566712195799, 31.597029268669274 ], [ -92.088405891855444, 31.596012805061218 ], [ -92.089352340520207, 31.595272893265392 ], [ -92.089590901177147, 31.594686617644786 ], [ -92.089203030170566, 31.594018984031493 ], [ -92.088247147450915, 31.593509874069881 ], [ -92.087559443866198, 31.593247980375317 ], [ -92.087445522570277, 31.592708841399638 ], [ -92.088033695912941, 31.592134792236877 ], [ -92.088059614673838, 31.591600542545166 ], [ -92.087952189091823, 31.591589146889813 ], [ -92.087223445468823, 31.59151183929449 ], [ -92.086792398086061, 31.591734610156013 ], [ -92.086125653568772, 31.592484290037607 ], [ -92.08583155988336, 31.592771309882039 ], [ -92.085190736074566, 31.592986734945256 ], [ -92.085231838287186, 31.593582790100587 ], [ -92.085554698496949, 31.593905425750624 ], [ -92.086033449870683, 31.5943838373144 ], [ -92.086284330139677, 31.594987228834352 ], [ -92.086112787363973, 31.595635303826732 ], [ -92.085515929194869, 31.596387420701536 ], [ -92.085332849093987, 31.597272934503714 ], [ -92.085720703716632, 31.597940577466606 ], [ -92.084934220961458, 31.598269826815127 ], [ -92.085794276291736, 31.599310756283984 ], [ -92.086855495830747, 31.600537094475641 ], [ -92.08753461759494, 31.600977069118212 ], [ -92.088347845498973, 31.601540648782528 ], [ -92.087966515350288, 31.602181384417555 ], [ -92.087512367955085, 31.602879032647799 ], [ -92.087617662287172, 31.603596240637454 ], [ -92.086485133108425, 31.605280988364289 ], [ -92.086319333325577, 31.605810332246712 ], [ -92.085929321054579, 31.606629134052611 ], [ -92.085478013303245, 31.607267408926994 ], [ -92.084651077701608, 31.608427679639004 ], [ -92.08383853626944, 31.609291146629584 ], [ -92.083168735076498, 31.610100143272895 ], [ -92.082521997310465, 31.610434263888216 ], [ -92.082359045656958, 31.610904237994816 ], [ -92.082175897949128, 31.611789722638754 ], [ -92.082272501916464, 31.6126849996154 ], [ -92.082304938044956, 31.613459109561596 ], [ -92.081792279028051, 31.613916837594999 ], [ -92.081215445216728, 31.614253396993341 ], [ -92.080976086316184, 31.613412581838077 ], [ -92.080361062203963, 31.613093744335025 ], [ -92.080048890685532, 31.61230983434081 ], [ -92.080013590195222, 31.611595080769252 ], [ -92.079657471037393, 31.610274488428075 ], [ -92.080242941647569, 31.609759857911378 ], [ -92.079785139790317, 31.609089760717985 ], [ -92.080644570453188, 31.608703644671351 ], [ -92.080935854999609, 31.608476006049738 ], [ -92.081194714211378, 31.607474248792101 ], [ -92.081634516551063, 31.607073428386808 ], [ -92.08213847875632, 31.606793773072798 ], [ -92.082575388290536, 31.60645230777326 ], [ -92.082808262827541, 31.605984777602316 ], [ -92.082563143118335, 31.605262671798023 ], [ -92.082169510140659, 31.604713746039817 ], [ -92.081933054392991, 31.603813558370103 ], [ -92.081041261407421, 31.603425564155181 ], [ -92.080493357933804, 31.603168530313106 ], [ -92.079945457952135, 31.602911493666642 ], [ -92.07945594533696, 31.602894343055443 ], [ -92.07894846770661, 31.601806265488694 ], [ -92.078048048585757, 31.601596325297439 ], [ -92.077107198624688, 31.602217413494508 ], [ -92.075609782035357, 31.602759513759686 ], [ -92.07185432464135, 31.603638572284463 ], [ -92.071368211316582, 31.604989104761174 ], [ -92.070272938325161, 31.605902016460398 ], [ -92.06967248315398, 31.605286320210922 ], [ -92.069319937323954, 31.604961238554313 ], [ -92.069136180263456, 31.604791795055576 ], [ -92.068180296556406, 31.604282524000311 ], [ -92.066251606413815, 31.605047188996046 ], [ -92.06455045173567, 31.606890117610028 ], [ -92.064128334958184, 31.608361787258115 ], [ -92.064420051403204, 31.609561257103209 ], [ -92.064436735358569, 31.60965895870196 ], [ -92.064746941050572, 31.611475483002994 ], [ -92.063558378001545, 31.612860723948337 ], [ -92.064430291884022, 31.615091408032416 ], [ -92.063101786833599, 31.616471715579703 ], [ -92.060001148089412, 31.61683827688919 ], [ -92.058476940855144, 31.616487307255056 ], [ -92.056949843274836, 31.616195674225665 ], [ -92.054843110639979, 31.617726843963514 ], [ -92.05478210001462, 31.618973346933959 ], [ -92.052762639605632, 31.620150792755918 ], [ -92.051990509517992, 31.621610045570812 ], [ -92.048417461666361, 31.621602869487173 ], [ -92.046400686368671, 31.621293807508689 ], [ -92.04529612392966, 31.620957485417705 ], [ -92.045188270877389, 31.62029961773867 ], [ -92.046467651234209, 31.61992860072553 ], [ -92.04711461445622, 31.619594694295401 ], [ -92.047350643279714, 31.619067892360235 ], [ -92.047832226681933, 31.618608738006415 ], [ -92.048012147376085, 31.6184371948858 ], [ -92.049097386831463, 31.618222165586126 ], [ -92.049285666546737, 31.618184858655251 ], [ -92.049316032502915, 31.618153914294371 ], [ -92.050244368591777, 31.617207879148548 ], [ -92.049766411306109, 31.616953169957167 ], [ -92.046493784872979, 31.617967348903484 ], [ -92.044549997741044, 31.619028405580316 ], [ -92.042972715250187, 31.619800037741484 ], [ -92.042396327049971, 31.620082006688175 ], [ -92.041084855611643, 31.62110590033376 ], [ -92.040271720081591, 31.621969030672982 ], [ -92.038467647773544, 31.62303492302021 ], [ -92.038718261264123, 31.623638388811209 ], [ -92.038624975180824, 31.624110763224703 ], [ -92.038659914318885, 31.624825513108664 ], [ -92.038184788566298, 31.625938424045302 ], [ -92.038103168126298, 31.626173372104326 ], [ -92.037272532425462, 31.625965589480682 ], [ -92.036960729958224, 31.62518157824088 ], [ -92.03641281922603, 31.624924339135806 ], [ -92.035317008246906, 31.624409852514475 ], [ -92.034678718502818, 31.624565619599057 ], [ -92.034366801463364, 31.625208623153593 ], [ -92.032982443614557, 31.624862268505751 ], [ -92.032766756212695, 31.624973542779106 ], [ -92.031979793751461, 31.625302403475246 ], [ -92.031682465174512, 31.625648619335479 ], [ -92.031650316801489, 31.626301533566032 ], [ -92.030740977626962, 31.626269289976563 ], [ -92.029834563118058, 31.626177683236328 ], [ -92.029181626686466, 31.626630197153386 ], [ -92.028747306580883, 31.626912085552426 ], [ -92.028310058347145, 31.627253327732841 ], [ -92.027546460823842, 31.627107311076024 ], [ -92.026644764589818, 31.626978993385197 ], [ -92.023486350383038, 31.62964336827304 ], [ -92.020258480480152, 31.62995337564605 ], [ -92.019233163473842, 31.630141690689207 ], [ -92.016643240780013, 31.630792796388299 ], [ -92.014738131419421, 31.631765522680293 ], [ -92.012142367537919, 31.633666556318175 ], [ -92.010641795685203, 31.634533108813788 ], [ -92.009185363771422, 31.635640646407335 ], [ -92.008546633571484, 31.636509757810064 ], [ -92.00862281423278, 31.637631244565217 ], [ -92.008372416547246, 31.638355637096883 ], [ -92.008609508877313, 31.639484936238684 ], [ -92.008969300396359, 31.640003161007957 ], [ -92.010059277116738, 31.640636597812236 ], [ -92.011345058523645, 31.641394464589684 ], [ -92.008528619774083, 31.644654922950675 ], [ -92.008398995958601, 31.644716382378466 ], [ -92.008062088692469, 31.644876121359513 ], [ -92.007496490048638, 31.644974869085342 ], [ -92.006366759553572, 31.645142679385824 ], [ -92.005621831223465, 31.645324207785173 ], [ -92.004791395074449, 31.645716318288493 ], [ -92.004656367798844, 31.646419459846221 ], [ -92.004204194051326, 31.647057359642982 ], [ -92.00390077837443, 31.647522193231886 ], [ -92.003661438357142, 31.648108228329956 ], [ -92.004147925513138, 31.648898541615477 ], [ -92.004490741747063, 31.649577147130682 ], [ -92.00471877223741, 31.650108064178013 ], [ -92.00490219087888, 31.650649726105964 ], [ -92.00427065476886, 31.651370408076552 ], [ -92.003505054480442, 31.651967386244888 ], [ -92.002686083222059, 31.652333057998629 ], [ -92.002264014511752, 31.652963585879458 ], [ -91.997821477040034, 31.656526309253785 ], [ -91.996097516431306, 31.656692769403772 ], [ -91.99644996039649, 31.658231654023538 ], [ -91.996369921041548, 31.659842114284295 ], [ -91.995987371217637, 31.661066225445847 ], [ -91.995642969192659, 31.66277521020022 ], [ -91.995604502690199, 31.664384850011714 ], [ -91.995445697108096, 31.666038245144215 ], [ -91.995376354334098, 31.667432979482545 ], [ -91.995558917235215, 31.669401546127961 ], [ -91.995549648700063, 31.670293048184128 ], [ -91.994911972468657, 31.671132351015199 ], [ -91.994665118249358, 31.671866715820283 ], [ -91.994050606601419, 31.672944661576839 ], [ -91.994115309221456, 31.674463082770611 ], [ -91.994226817728276, 31.675745353784823 ], [ -91.994271289686864, 31.676965769324262 ], [ -91.994101355569001, 31.678267696339432 ], [ -91.993762604537054, 31.679924779253994 ], [ -91.99338482481744, 31.681050247805423 ], [ -91.991642605243044, 31.683727716682025 ], [ -91.99110675679529, 31.684195183851358 ], [ -91.990530058107638, 31.685214989996055 ], [ -91.99063459682985, 31.68593217915949 ], [ -91.99115470747023, 31.686753420211062 ], [ -91.99193165265153, 31.687427457621286 ], [ -91.986141273452503, 31.690260032958331 ], [ -91.985349044564472, 31.690677547483627 ], [ -91.983850818528083, 31.691554652388799 ], [ -91.982885379866929, 31.691553433225753 ], [ -91.982661387619885, 31.691742570461507 ], [ -91.979892337555341, 31.693487038165451 ], [ -91.979323921138715, 31.694128132343721 ], [ -91.9762222509721, 31.695790109241674 ], [ -91.974429249903054, 31.697614015018605 ], [ -91.97344366222336, 31.698014144304409 ], [ -91.973219824947392, 31.698199359604757 ], [ -91.972659074208124, 31.698685445864065 ], [ -91.972093916748776, 31.699259474304203 ], [ -91.971710168456667, 31.699390622714301 ], [ -91.971513789712475, 31.699681266967566 ], [ -91.969964181187891, 31.70108244587751 ], [ -91.969607841917636, 31.701770902791509 ], [ -91.969150788497643, 31.702327843118557 ], [ -91.968694669907052, 31.702865986378253 ], [ -91.967223740401934, 31.704385411294449 ], [ -91.966685136711902, 31.704427839622639 ], [ -91.96628719060314, 31.704605351879277 ], [ -91.966300411189408, 31.70491134601221 ], [ -91.963684541772665, 31.706494300423628 ], [ -91.962185383104526, 31.708573225822601 ], [ -91.962269172057233, 31.709041979988182 ], [ -91.961362512937356, 31.712142263353989 ], [ -91.95199008828115, 31.713942132039914 ], [ -91.951075314162992, 31.713998263064688 ], [ -91.951052342186983, 31.713989346555564 ], [ -91.950146428232742, 31.713637713114821 ], [ -91.949681653238059, 31.713115573972935 ], [ -91.949122304821174, 31.71238193118818 ], [ -91.948703670034433, 31.712337071520995 ], [ -91.947784430574842, 31.71248219209463 ], [ -91.947215295475729, 31.712639967253587 ], [ -91.946841282004684, 31.71310205755028 ], [ -91.945690404300521, 31.712971248438564 ], [ -91.945241241618319, 31.712836093216037 ], [ -91.944658017077259, 31.712577180354629 ], [ -91.943988328390915, 31.712642122156588 ], [ -91.94326418727168, 31.713091528294605 ], [ -91.942674984633229, 31.712951293157783 ], [ -91.941901754617319, 31.712982747705471 ], [ -91.941360134651518, 31.713290120533269 ], [ -91.940691933767724, 31.71332537063342 ], [ -91.939917202709523, 31.71338648339335 ], [ -91.938101697137839, 31.713915216237258 ], [ -91.935252867572359, 31.714942266139317 ], [ -91.934512269028687, 31.714732802096169 ], [ -91.932474457975943, 31.714711079322704 ], [ -91.931946322992744, 31.714544479235862 ], [ -91.93063734816964, 31.714476750607275 ], [ -91.929066837715936, 31.715014235165064 ], [ -91.928267976815988, 31.715441969119937 ], [ -91.926400900640459, 31.715978271771476 ], [ -91.9244544293676, 31.716271281323266 ], [ -91.9229247347686, 31.716810334863677 ], [ -91.921725966950618, 31.717171705801288 ], [ -91.920022499048841, 31.716904011571202 ], [ -91.917121630297345, 31.716779424013904 ], [ -91.91599371597998, 31.716886957890885 ], [ -91.914266073589289, 31.717061796644415 ], [ -91.91344874188583, 31.717269806446001 ], [ -91.910544386018174, 31.717581330575985 ], [ -91.906598738478678, 31.717465712121498 ], [ -91.904720446122354, 31.717842986763923 ], [ -91.904260755806575, 31.717915366972239 ], [ -91.90021645239861, 31.718807914802984 ], [ -91.899351960088708, 31.719251908850957 ], [ -91.898782682339785, 31.719409436203897 ], [ -91.898079399162143, 31.719443150706006 ], [ -91.896965258483092, 31.719967168126527 ], [ -91.895599957169637, 31.720600882134313 ], [ -91.895339362908146, 31.721125471224024 ], [ -91.893035100135663, 31.722115345749152 ], [ -91.891629023476924, 31.722328477033152 ], [ -91.891004714217004, 31.722825682393541 ], [ -91.8902647133351, 31.72382523363018 ], [ -91.889486008666793, 31.724362240896358 ], [ -91.888798716345804, 31.72477142987875 ], [ -91.887892522040318, 31.725310931917971 ], [ -91.885545286910656, 31.727071636037351 ], [ -91.884905253065341, 31.727733029121989 ], [ -91.884060599291828, 31.728443978531566 ], [ -91.88183629770397, 31.72978912875929 ], [ -91.880240360356439, 31.730700739689681 ], [ -91.878963054720529, 31.731966485496933 ], [ -91.877191709069365, 31.733670635252668 ], [ -91.875355971045209, 31.735315311621783 ], [ -91.873204456472052, 31.737861505473948 ], [ -91.871877222210998, 31.738782884688113 ], [ -91.870947556584241, 31.739833038141789 ], [ -91.868189366624051, 31.742666646406796 ], [ -91.867085383890156, 31.744199491821686 ], [ -91.865851485475375, 31.745923254264635 ], [ -91.864483039437914, 31.747642036839899 ], [ -91.862101771934761, 31.74972050401162 ], [ -91.860550718608536, 31.750653307285464 ], [ -91.857103538182997, 31.752962937739575 ], [ -91.856433684511657, 31.753461098450991 ], [ -91.854752149895674, 31.754306582848852 ], [ -91.854203331243596, 31.755072081315195 ], [ -91.852657011041799, 31.755523561098983 ], [ -91.851781748267356, 31.756810934679059 ], [ -91.850468630882162, 31.758785073207981 ], [ -91.844808064832634, 31.762356603258624 ], [ -91.843065892949497, 31.762823113590464 ], [ -91.84211490686539, 31.762524627634729 ], [ -91.841269932933486, 31.762009344492451 ], [ -91.84024117564789, 31.761381968186281 ], [ -91.839398929330898, 31.761057651116211 ], [ -91.838029017481603, 31.761666846748334 ], [ -91.836627821889437, 31.762433300033383 ], [ -91.835869936160591, 31.762852403163908 ], [ -91.834264223835234, 31.763965118757913 ], [ -91.833243157147351, 31.764649368805362 ], [ -91.829776450632792, 31.766470339219065 ], [ -91.82825025732717, 31.767894552484492 ], [ -91.827195259682085, 31.768616216140014 ], [ -91.82583056784479, 31.77008121588656 ], [ -91.823922059054269, 31.771677278467696 ], [ -91.821611952713866, 31.772733312127691 ], [ -91.820714177173016, 31.773390789425697 ], [ -91.818832536959363, 31.77455224930868 ], [ -91.81728385983169, 31.775419884933832 ], [ -91.81671933851058, 31.776230428375648 ], [ -91.815842647696755, 31.778349715310164 ], [ -91.815282112337627, 31.779398401031095 ], [ -91.81494027902211, 31.780832495603097 ], [ -91.814759237636892, 31.782535453796676 ], [ -91.81530977619245, 31.783942800060593 ], [ -91.815645853260762, 31.78625968674174 ], [ -91.815565666404055, 31.787800501542996 ], [ -91.815906781644728, 31.789501957267934 ], [ -91.816908717698354, 31.790890232516716 ], [ -91.81749225438675, 31.793367987140957 ], [ -91.818758714054582, 31.796163524333242 ], [ -91.819593286237151, 31.797105047134163 ], [ -91.819934273050762, 31.798475390747868 ], [ -91.820616252219978, 31.799253144450685 ], [ -91.821473240471462, 31.79963424087881 ], [ -91.824599933740714, 31.800221144170731 ], [ -91.826822291575681, 31.800638238531306 ], [ -91.826354571366664, 31.801599454866309 ], [ -91.826180496849119, 31.802653645726288 ], [ -91.8251509363823, 31.805928758699689 ], [ -91.824411865221819, 31.806660201922575 ], [ -91.823565269769219, 31.807498036163249 ], [ -91.821867950761046, 31.809626493502151 ], [ -91.820136853298663, 31.814108684925692 ], [ -91.818967457814409, 31.817400502120627 ], [ -91.816930679815542, 31.819371999568688 ], [ -91.817070437788104, 31.822413973553587 ], [ -91.817541515194449, 31.824153048181302 ], [ -91.817465644500174, 31.825610802442082 ], [ -91.816642925394234, 31.829028762441407 ], [ -91.81776132014943, 31.830478793548572 ], [ -91.818238154766519, 31.831416871075998 ], [ -91.818445746990903, 31.831558158021522 ], [ -91.818899115290506, 31.834340234162152 ], [ -91.819108207846639, 31.835609667595591 ], [ -91.820152921738099, 31.838387809385544 ], [ -91.821358802752215, 31.839784370771397 ], [ -91.821739004106789, 31.840431531639698 ], [ -91.822343678897028, 31.841289809902658 ], [ -91.823419395823009, 31.842493047310207 ], [ -91.823517592213406, 31.842572293505551 ], [ -91.825453724035228, 31.845326154103663 ], [ -91.826821676706345, 31.846176530573967 ], [ -91.829965671842913, 31.847845499788857 ], [ -91.831348922925756, 31.848510976946201 ], [ -91.834186416362797, 31.849255618770382 ], [ -91.83535092381122, 31.850026939708957 ], [ -91.837144311694658, 31.850258603960345 ], [ -91.842382293369823, 31.850825620632197 ], [ -91.846233885276447, 31.851366327991428 ], [ -91.847777183453942, 31.851286658064854 ], [ -91.851099241107832, 31.851115090451689 ], [ -91.853648748647927, 31.850733750018165 ], [ -91.856210472935928, 31.850115044479207 ], [ -91.8595461627839, 31.853566707820683 ], [ -91.862351826565813, 31.853670128878065 ], [ -91.863858288099948, 31.854438899110452 ], [ -91.865071990478469, 31.855434622453146 ], [ -91.86612711561861, 31.856781124452755 ], [ -91.866926114194442, 31.857642676709162 ], [ -91.868877979659572, 31.85795225438649 ], [ -91.874654579443131, 31.863157415549264 ], [ -91.874910805569471, 31.863642329662689 ], [ -91.877741438413636, 31.866004894188549 ], [ -91.878815179765041, 31.866995298236425 ], [ -91.880987083089749, 31.868501466741243 ], [ -91.88301875461282, 31.870002445921688 ], [ -91.88636249901684, 31.873334539166706 ], [ -91.889871788658667, 31.878931121464785 ], [ -91.891592873355108, 31.881014891606423 ], [ -91.894436741771685, 31.883139664935239 ], [ -91.895608802533289, 31.884965544438739 ], [ -91.896762726491275, 31.887147349227778 ], [ -91.899009195807849, 31.889963361439801 ], [ -91.901261879781117, 31.892660667649306 ], [ -91.904168084694518, 31.896332671774388 ], [ -91.905926217252841, 31.897704282010992 ], [ -91.908233777555381, 31.899333600785244 ], [ -91.910804038518691, 31.901329021178309 ], [ -91.912812933928919, 31.90330395370308 ], [ -91.91481589003925, 31.905397488224818 ], [ -91.917191815230979, 31.908455436475997 ], [ -91.920556668247215, 31.911430350893358 ], [ -91.924196532436412, 31.914533975592768 ], [ -91.927084595903381, 31.915827293441836 ], [ -91.929832353882404, 31.917115449743267 ], [ -91.933386536035044, 31.919145877081448 ], [ -91.935414458991602, 31.920764414963845 ], [ -91.93755284299003, 31.922981198524784 ], [ -91.938501989139169, 31.926462410240681 ], [ -91.940622604974109, 31.929035036314566 ], [ -91.94402517005922, 31.93129729471837 ], [ -91.945784748908707, 31.932668195642975 ], [ -91.947538395948726, 31.934157706213192 ], [ -91.945908878941225, 31.941349159965714 ], [ -91.946386728617497, 31.943030357839557 ], [ -91.947011039629075, 31.944597973238277 ], [ -91.947506910298799, 31.945923242724085 ], [ -91.947399036472575, 31.948058723036663 ], [ -91.948704379571538, 31.952859882374337 ], [ -91.950282120866106, 31.955056053170505 ], [ -91.951713490954916, 31.957365772395679 ], [ -91.953957868644807, 31.960298967571422 ], [ -91.955939393721337, 31.962866095492394 ], [ -91.958154186808841, 31.966392349283183 ], [ -91.960551494725919, 31.969093147013492 ], [ -91.962135852491855, 31.971170454744339 ], [ -91.966494471868501, 31.974060329483972 ], [ -91.969771095149511, 31.976079323995197 ], [ -91.972889502292531, 31.978449083434061 ], [ -91.97641772695053, 31.981071088772183 ], [ -91.980167744954784, 31.984889330128169 ], [ -91.983468925418549, 31.986433362414473 ], [ -91.984509935344576, 31.988134329414592 ], [ -91.983371735593408, 31.991183614407408 ], [ -91.981515098142452, 31.991711530203304 ], [ -91.983011286866756, 31.995567903679277 ], [ -91.985228172787274, 31.999093419764215 ], [ -91.989143747169379, 32.0024417422852 ], [ -91.990189003729753, 32.003466156861279 ], [ -91.991157102716699, 32.004414918702167 ], [ -91.994528723167235, 32.007387110679865 ], [ -91.99791836275503, 32.01000330461801 ], [ -91.999563704106322, 32.010893665857232 ], [ -92.003387202170615, 32.01328741465467 ], [ -92.004881161684608, 32.015689935150569 ], [ -92.008734706980661, 32.020497997207258 ], [ -92.01215201948331, 32.023257802555889 ], [ -92.015229658260026, 32.026354108272862 ], [ -92.015986470926535, 32.028465686170776 ], [ -92.019587194225295, 32.0297135598273 ], [ -92.024033910383892, 32.033454071127842 ], [ -92.023949213894909, 32.035160921977642 ], [ -92.027101785200713, 32.036764061044195 ], [ -92.028767540332368, 32.037935141719913 ], [ -92.031565691463655, 32.040172147049738 ], [ -92.033208367571589, 32.041812038389182 ], [ -92.036577852842058, 32.043395182453189 ], [ -92.038773039604976, 32.045573368285901 ], [ -92.042371676457478, 32.045697170656027 ], [ -92.042892257419979, 32.046173023363203 ], [ -92.043542928313343, 32.046763481836251 ], [ -92.046072118440748, 32.051137521230977 ], [ -92.046885858059937, 32.052767766549302 ], [ -92.047509432353777, 32.054105028688383 ], [ -92.047028376620617, 32.056706411410445 ], [ -92.045438868868416, 32.060363893729011 ], [ -92.046537881706911, 32.063076027786103 ], [ -92.049908173001995, 32.066164871966485 ], [ -92.05230407439403, 32.067585630982975 ], [ -92.05276581711577, 32.068938569290616 ], [ -92.05388711339684, 32.071205776281808 ], [ -92.055572539177192, 32.072750081134423 ], [ -92.057976721806853, 32.077587083352441 ], [ -92.059193885512315, 32.081491320979154 ], [ -92.060982563097824, 32.084524356228798 ], [ -92.063995260788076, 32.087748632144738 ], [ -92.067689913245275, 32.091442167671545 ], [ -92.070358622622777, 32.094505690475529 ], [ -92.072044856149745, 32.096049685992902 ], [ -92.072991171349017, 32.098310463446069 ], [ -92.07118845246876, 32.099138741507126 ], [ -92.070067499045877, 32.100436326111819 ], [ -92.069078739273891, 32.102629620559895 ], [ -92.070955592740106, 32.103883218302173 ], [ -92.080010659179578, 32.109693669554758 ], [ -92.081535980058803, 32.110934836943088 ], [ -92.082526279404632, 32.112305899604983 ], [ -92.082932253237445, 32.115077725219344 ], [ -92.082294158455625, 32.11716335504844 ], [ -92.084175330980855, 32.11888485098568 ], [ -92.085462638543049, 32.121790134621392 ], [ -92.086987220110444, 32.123499180101668 ], [ -92.090896988055022, 32.123935940017482 ], [ -92.099523251815938, 32.130256890997131 ], [ -92.100356654190563, 32.131490142623946 ], [ -92.102661250633034, 32.131870939038542 ], [ -92.1055010833648, 32.13227017770501 ], [ -92.107285133042424, 32.13233179132007 ], [ -92.110689185761515, 32.133554779053775 ], [ -92.113561732783666, 32.135559352054173 ], [ -92.111697022278534, 32.139153180983826 ], [ -92.110371039880377, 32.142374614887878 ], [ -92.113224704245098, 32.143441985142537 ], [ -92.11574907766817, 32.145721515432172 ], [ -92.116517228326614, 32.14830727725689 ], [ -92.116899352199312, 32.15148191386217 ], [ -92.114455131786286, 32.15312371915455 ], [ -92.114552185320051, 32.155080047120961 ], [ -92.112415237519457, 32.15915578580492 ], [ -92.11371152041599, 32.161910251778217 ], [ -92.11443595245116, 32.165397702519314 ], [ -92.112676239585582, 32.168498460032275 ], [ -92.12050049530032, 32.169369994765418 ], [ -92.123859035178029, 32.173851125288792 ], [ -92.127437947828, 32.178648155446076 ], [ -92.128357876550368, 32.183009266920301 ], [ -92.129624960797273, 32.185224508147975 ], [ -92.125961356890699, 32.185815856773807 ], [ -92.123305332800925, 32.185273017830255 ], [ -92.120798702715817, 32.185337399844116 ], [ -92.121275952525025, 32.1865581026399 ], [ -92.122824396573293, 32.187815614636932 ], [ -92.124708102332718, 32.189536223557141 ], [ -92.129095331585759, 32.194955533519291 ], [ -92.131686270412274, 32.196850785653616 ], [ -92.133621258557241, 32.197519232508284 ], [ -92.135891595020482, 32.198650725835932 ], [ -92.137630615882316, 32.203376748276725 ], [ -92.13912883224917, 32.205685976480758 ], [ -92.141013309638893, 32.207406260346623 ], [ -92.143098201984145, 32.208681765209157 ], [ -92.145259470550812, 32.209215719846284 ], [ -92.148047705324927, 32.209904497966889 ], [ -92.149761128009928, 32.21146824723386 ], [ -92.151525270375444, 32.211979997047045 ], [ -92.151959736393607, 32.214102200196301 ], [ -92.150994410168764, 32.215574561423672 ], [ -92.147992048070179, 32.218482685057928 ], [ -92.145836556144715, 32.221428518461579 ], [ -92.143772799584596, 32.224359676135109 ], [ -92.14325601463112, 32.227653573934624 ], [ -92.144040345336961, 32.229938230251264 ], [ -92.145939996599566, 32.231357808350367 ], [ -92.148718391043857, 32.233108373016407 ], [ -92.152225929977945, 32.234582666360296 ], [ -92.156388534653018, 32.237268521013185 ], [ -92.157448987493026, 32.243383430963725 ], [ -92.15779338361834, 32.245058513870788 ], [ -92.158084614424567, 32.246328286239617 ], [ -92.158205179950912, 32.24673475301644 ], [ -92.157695748968109, 32.254788009550616 ], [ -92.15920800659849, 32.260559051720534 ], [ -92.160606788937784, 32.264971528597314 ], [ -92.161734959281347, 32.267568599582496 ], [ -92.165488013163582, 32.271102583736834 ], [ -92.166625417693552, 32.276041504443434 ], [ -92.165053285062555, 32.280474765415512 ], [ -92.160454729111024, 32.283027755131556 ], [ -92.15710789749096, 32.286563808503843 ], [ -92.158370862198908, 32.289127775705687 ], [ -92.158827617963723, 32.290798887727021 ], [ -92.157489495184109, 32.292559479805327 ], [ -92.15517686676246, 32.29334829532791 ], [ -92.156216106398688, 32.296186773164493 ], [ -92.156343864996842, 32.296535705013213 ], [ -92.159388928776409, 32.297741266175507 ], [ -92.157844244809013, 32.300908239376049 ], [ -92.154232436229222, 32.30831218578254 ], [ -92.14877816193335, 32.306109463565527 ], [ -92.143479618319745, 32.304574248112118 ], [ -92.141355899833641, 32.304050245605964 ], [ -92.139345594262664, 32.304884623258992 ], [ -92.137649212491581, 32.306632722972459 ], [ -92.136310357570309, 32.308393017011525 ], [ -92.127501973942771, 32.312757200289724 ], [ -92.125611764135229, 32.314799477011299 ], [ -92.125514353553527, 32.315002171824439 ], [ -92.122451838052086, 32.31906170524806 ], [ -92.12319389141031, 32.322781297944125 ], [ -92.124450158749099, 32.32498054222102 ], [ -92.12546997183675, 32.328572780067411 ], [ -92.124952387055956, 32.330288068447537 ], [ -92.1218763854488, 32.334378334857135 ], [ -92.121744686478266, 32.338204680549609 ], [ -92.123085351965841, 32.339664419663727 ], [ -92.125201478771118, 32.339691348924106 ], [ -92.12658980481163, 32.341289488743818 ], [ -92.125583176246678, 32.341893472798276 ], [ -92.122368506743442, 32.343242642946066 ], [ -92.122227992825657, 32.345016415817454 ], [ -92.12426575184378, 32.347776951384354 ], [ -92.1261383540227, 32.349417734494608 ] ] ] } }
]
}
